MedInc,HouseAge,AveRooms,AveBedrms,Population,AveOccup,Latitude,Longitude,MedHouseVal
3.7056,22.0,4.4502,1.1416,1773.0,3.0922,40.02,-122.25,1.7255
4.8575,36.0,5.7551,1.0897,199.0,3.681,37.17,-118.79,2.9542
3.3045,9.0,8.6213,1.1102,754.0,3.5749,33.68,-115.29,2.139
2.9988,16.0,6.061,1.1367,310.0,4.7781,36.92,-122.1,1.9076
5.2304,6.0,5.2884,1.1086,1322.0,2.5858,41.01,-123.05,2.9634
3.1715,46.0,4.602,1.219,1614.0,3.2235,38.05,-120.85,2.159
4.1023,13.0,3.7879,1.0956,236.0,3.1722,39.66,-114.65,1.6001
3.8585,21.0,6.2804,1.3617,3000.0,3.1345,35.3,-122.73,2.1828
5.2276,24.0,6.2152,1.1067,408.0,1.9881,35.76,-123.11,2.6826
2.6681,20.0,4.8407,0.8445,1560.0,2.0532,33.61,-114.32,2.2713
6.3145,40.0,6.856,1.1957,2956.0,3.0052,35.76,-120.37,3.6615
2.2335,47.0,5.4253,1.1588,1341.0,1.7393,34.11,-122.81,2.2127
4.2678,30.0,6.3297,1.1049,646.0,2.7326,37.62,-118.71,2.1534
3.9658,43.0,5.7554,1.0611,614.0,2.482,36.24,-124.16,3.0527
2.0954,6.0,5.1874,0.8,1368.0,2.7616,40.44,-120.04,1.9942
4.488,50.0,4.2541,0.808,2055.0,3.9059,36.14,-123.94,2.4348
2.8045,6.0,5.2254,1.3471,1521.0,2.1373,34.52,-118.65,2.2903
1.6318,4.0,6.4105,1.0122,602.0,3.6958,33.3,-118.05,0.9714
4.8373,2.0,4.7902,1.2448,1043.0,2.543,34.9,-124.26,2.0733
1.2033,13.0,5.9277,0.8595,531.0,2.6426,39.12,-119.17,1.4987
1.8582,43.0,4.1007,0.943,526.0,3.3724,38.45,-114.85,1.0083
3.2802,16.0,6.3361,1.2018,501.0,2.7807,38.39,-120.32,2.7126
5.2068,41.0,5.7755,1.0846,869.0,2.286,40.65,-114.75,2.7188
4.6585,22.0,3.9575,1.1807,1130.0,2.7038,34.9,-114.67,2.2916
3.669,6.0,5.1312,1.098,1234.0,1.5787,36.97,-121.9,1.922
0.9124,25.0,6.5177,1.0688,1462.0,3.3049,34.1,-118.53,1.7649
2.1636,12.0,3.8892,0.998,632.0,1.0,34.58,-116.0,1.8795
2.5009,15.0,4.1149,0.9209,1149.0,3.7104,36.02,-117.21,1.025
1.5761,27.0,5.3166,1.3104,1259.0,3.4922,39.22,-116.7,1.0422
0.7191,41.0,7.96,1.3351,2517.0,4.2811,40.42,-121.69,1.4428
3.3812,30.0,4.5929,0.9442,245.0,4.7457,35.42,-115.12,1.4951
4.7477,12.0,5.9943,0.9344,324.0,3.7486,36.28,-121.94,3.0731
2.37,37.0,5.7122,1.0478,1710.0,2.4981,40.93,-117.85,1.6419
5.1672,36.0,4.6926,1.1511,1839.0,4.7381,39.91,-115.45,2.3035
1.0908,13.0,5.5934,1.0727,1715.0,2.0449,39.06,-120.71,0.7653
1.5057,44.0,4.8626,1.1749,1702.0,1.4778,36.37,-118.78,1.0832
3.3364,44.0,4.9706,1.0926,272.0,4.482,35.74,-117.39,2.0624
2.2353,31.0,3.4065,1.0828,3729.0,3.4812,39.37,-115.02,1.4392
4.5138,16.0,5.3707,1.462,2325.0,1.4993,33.39,-119.82,3.2558
4.0754,19.0,6.4789,1.0212,276.0,1.9157,37.66,-118.27,2.0849
2.345,23.0,5.4689,1.346,938.0,3.441,33.08,-122.88,1.6797
1.1761,10.0,6.7086,1.317,897.0,2.304,38.42,-123.65,1.1288
2.1652,16.0,6.0964,1.1756,1068.0,2.4191,37.9,-124.09,2.4737
4.1358,7.0,5.3286,0.8111,808.0,4.5731,33.07,-119.53,1.9039
4.6215,8.0,4.6465,1.1047,438.0,4.7186,36.49,-118.84,1.9094
2.242,38.0,4.8165,1.0228,1276.0,3.1174,34.33,-123.44,1.5816
0.7156,7.0,3.6354,1.103,2628.0,2.8796,40.08,-122.49,0.7434
1.0425,24.0,5.0795,0.9406,788.0,3.722,41.18,-121.64,1.0243
3.934,22.0,5.5752,1.2134,1454.0,2.5507,35.49,-115.39,2.2613
2.3189,3.0,7.4585,1.2477,1092.0,1.2156,32.78,-123.31,2.2655
2.3568,43.0,6.034,1.2755,1702.0,1.0,41.03,-119.4,1.445
1.4875,51.0,4.3622,1.0427,1019.0,2.9411,40.52,-116.41,1.1505
1.4666,33.0,3.6728,0.9411,696.0,3.7055,40.07,-115.6,0.9582
5.1154,35.0,5.1521,1.1528,824.0,3.0128,35.89,-117.37,2.3709
4.0195,12.0,6.3741,1.3634,2560.0,3.648,33.26,-121.64,2.5147
1.9663,44.0,5.1353,1.1104,1199.0,3.7279,41.76,-123.09,2.1492
3.1844,40.0,6.0504,1.1678,1170.0,4.1088,37.19,-122.72,2.0034
3.5385,23.0,5.1826,1.0648,2506.0,3.149,35.89,-116.6,2.0475
7.6763,36.0,6.2604,1.0245,2823.0,3.2207,39.88,-121.33,4.1362
1.3753,49.0,3.4833,1.1987,107.0,2.9706,38.87,-120.92,1.2592
3.5097,31.0,7.325,1.0841,332.0,2.7933,32.9,-122.54,2.857
5.1003,11.0,4.065,1.1605,2025.0,1.7424,41.6,-119.95,2.6959
7.1585,17.0,6.3525,1.1761,1241.0,3.9376,37.78,-120.95,4.2548
1.8967,10.0,5.0734,1.1521,2830.0,2.693,34.29,-120.73,1.7439
2.2989,17.0,5.261,1.1837,247.0,2.6472,32.65,-123.96,2.2478
4.5395,46.0,5.1107,0.972,1376.0,2.5667,37.75,-119.67,2.994
0.8998,10.0,5.7067,0.9629,1764.0,1.9277,38.14,-123.18,1.6641
3.7264,46.0,5.949,1.0936,908.0,2.9316,33.45,-118.94,2.5692
9.2891,15.0,6.67,1.0972,1946.0,3.4131,37.68,-117.61,4.1483
3.97,26.0,7.0895,1.0217,2053.0,2.4358,36.6,-118.84,2.6453
0.5,27.0,5.7982,1.1362,1102.0,3.8301,36.66,-122.84,1.1545
1.6476,7.0,7.4564,1.2362,1045.0,2.7053,41.76,-118.14,1.381
1.9387,10.0,5.5116,1.2781,2192.0,1.7739,35.31,-120.17,2.0884
5.803,16.0,6.6929,1.3118,1357.0,4.099,40.9,-120.71,3.2421
2.718,4.0,5.9145,0.9028,1680.0,3.1588,35.77,-122.81,1.7843
0.7256,39.0,4.741,0.9256,1352.0,3.6906,34.21,-114.36,1.0791
2.9238,28.0,5.6175,1.0566,1303.0,3.7095,33.95,-120.37,2.4345
3.3098,44.0,6.0038,1.112,1043.0,2.2431,41.44,-119.74,2.1395
2.1164,45.0,5.3614,1.0642,1759.0,2.5825,32.72,-123.36,2.9684
1.4475,18.0,5.8954,1.0171,586.0,3.8274,34.58,-117.55,0.9295
9.8734,42.0,6.4384,1.0543,260.0,4.4682,35.73,-121.47,5.0
5.1101,4.0,5.372,1.1725,1168.0,3.0506,38.74,-116.9,1.9962
5.3865,22.0,2.0,0.9006,2859.0,2.4982,36.07,-123.63,3.5132
2.7219,34.0,7.4139,1.4515,1359.0,4.3459,32.69,-121.33,2.179
1.8742,24.0,5.0429,1.1031,971.0,2.4987,37.41,-116.84,1.2016
2.189,38.0,4.4121,1.2576,875.0,3.2632,40.9,-120.34,2.3324
1.0884,44.0,4.0511,1.013,830.0,2.6578,40.92,-123.96,1.8778
7.5898,22.0,4.9963,1.1862,100.0,3.2153,41.92,-116.4,3.2719
2.7954,14.0,4.7247,1.115,2597.0,2.2436,35.75,-114.64,1.2224
6.5991,30.0,4.5156,1.2285,763.0,2.7003,33.66,-120.53,4.1456
2.2629,45.0,4.5814,1.0702,1184.0,2.4982,33.16,-118.08,2.0056
4.0055,51.0,6.0357,1.3327,926.0,3.5298,40.74,-120.57,2.2719
3.4268,42.0,7.8364,0.8762,660.0,3.1306,39.61,-118.75,1.8668
0.9972,13.0,6.3847,1.2424,2687.0,3.7042,38.46,-116.91,0.15
8.1522,11.0,6.7471,1.1178,456.0,2.3394,37.22,-117.97,4.1564
2.3102,30.0,4.9471,0.9473,1802.0,2.8332,36.84,-121.15,2.1986
1.2761,21.0,5.5256,1.3928,302.0,3.5,37.19,-122.35,1.7669
4.5616,32.0,5.9118,1.3773,1050.0,3.687,35.96,-118.86,2.4887
3.0228,48.0,4.6085,0.8,2439.0,1.8434,37.01,-117.71,2.0043
3.7835,29.0,4.8891,1.1265,802.0,3.2542,34.5,-118.56,2.9049
3.2239,19.0,6.4255,1.2058,1691.0,2.3494,33.62,-123.02,2.5126
0.5,45.0,6.7084,1.1663,772.0,3.7274,34.51,-120.75,0.7608
1.6063,23.0,5.4809,1.3273,906.0,4.4884,41.72,-116.85,0.8355
1.5597,31.0,3.9658,1.2961,1972.0,1.0,41.91,-122.83,2.0003
5.3393,7.0,5.0453,1.1398,1718.0,2.4752,39.64,-115.47,2.2719
3.0969,26.0,3.6704,1.4416,2880.0,3.211,40.45,-119.63,1.3378
4.1555,22.0,5.4902,1.2405,799.0,2.9969,33.48,-116.39,2.5237
2.4069,7.0,5.7065,1.0473,1497.0,3.7517,33.67,-120.89,2.1905
4.2829,11.0,5.0751,1.0171,1235.0,3.0633,33.38,-120.71,2.9219
2.7259,36.0,5.6901,1.2865,1528.0,2.5762,33.1,-114.63,3.227
2.595,10.0,5.9003,0.9811,2312.0,2.1837,39.6,-118.63,1.4527
3.4119,7.0,5.7082,1.0385,688.0,2.0492,33.04,-123.28,2.9865
3.2237,3.0,3.9582,1.0641,1455.0,2.4058,41.52,-114.72,1.1012
11.7408,2.0,5.0961,1.1533,2666.0,2.5479,38.71,-120.55,5.0
1.5929,23.0,5.8918,1.071,1236.0,3.307,34.12,-117.2,1.405
0.9066,25.0,7.2945,0.9025,1962.0,2.8746,40.27,-123.01,1.2922
3.7313,32.0,5.0737,1.2743,176.0,2.4793,40.33,-115.75,2.7711
1.7653,30.0,6.061,1.0393,1278.0,2.1925,37.86,-114.71,1.2635
0.5,28.0,6.4538,1.403,837.0,2.4379,33.36,-120.47,1.2516
1.3285,51.0,5.164,1.1456,1699.0,2.5488,36.31,-122.85,1.3877
10.2519,13.0,6.7781,1.2901,1461.0,2.4015,37.71,-118.72,4.7976
1.5614,37.0,6.8426,1.1946,592.0,3.5385,39.57,-122.68,1.6474
0.6616,5.0,7.0565,1.2973,338.0,4.0944,35.34,-119.88,0.3918
9.8769,44.0,5.9501,1.1856,3816.0,2.0591,40.79,-118.07,4.5365
1.288,19.0,8.2322,1.1353,1546.0,3.8954,34.88,-122.91,1.9585
13.822,18.0,4.6617,1.264,1519.0,3.5546,41.98,-114.82,5.0
2.336,7.0,7.9489,1.4729,672.0,3.1439,33.59,-117.24,1.7981
8.1723,26.0,6.322,1.0595,928.0,4.2213,40.41,-120.69,3.6052
2.5554,21.0,7.0085,1.2192,2686.0,2.8638,33.76,-120.14,2.9904
4.0204,50.0,5.016,1.0992,1255.0,3.3215,39.71,-115.82,2.7885
2.7658,10.0,6.4134,1.1759,2748.0,3.099,40.69,-119.54,1.4811
2.5685,22.0,7.1124,1.1063,1550.0,3.0395,35.47,-114.43,1.9487
3.5374,46.0,4.0952,0.8,2357.0,3.3672,33.46,-123.68,2.8415
4.1125,42.0,5.204,1.07,161.0,3.0371,42.0,-121.59,2.4437
3.365,39.0,2.8305,1.2499,641.0,3.3729,41.72,-119.12,1.9871
3.1442,27.0,5.186,0.9852,1238.0,2.4641,39.69,-122.94,1.7352
1.7761,45.0,4.4208,1.2381,990.0,2.4891,36.17,-120.74,1.5125
2.8372,12.0,5.1387,1.1275,1707.0,2.4605,33.78,-119.1,2.2597
7.568,42.0,8.9084,1.0713,338.0,2.7082,36.47,-121.69,4.4385
1.7169,30.0,7.4614,1.2359,345.0,3.8106,39.34,-122.65,1.0752
3.604,18.0,3.6727,1.2022,1662.0,2.6302,33.95,-121.62,2.6654
6.2096,12.0,6.0669,1.1631,2289.0,3.522,32.66,-123.47,3.2768
4.1343,27.0,6.3587,1.2524,924.0,3.2124,41.09,-122.34,2.4347
5.374,1.0,4.9945,1.1305,2936.0,2.6469,39.15,-123.69,2.6627
1.2722,37.0,5.614,0.8533,3395.0,4.0473,39.09,-114.77,1.3308
3.6099,13.0,5.7312,1.0433,1147.0,3.5889,41.5,-122.69,2.0936
2.4702,20.0,3.7841,0.8293,899.0,3.0014,37.45,-124.29,1.7178
2.5431,10.0,4.1624,1.1986,743.0,2.9351,35.52,-114.73,1.1938
7.1884,24.0,5.6068,1.2344,637.0,3.075,41.14,-116.71,2.8558
2.571,19.0,5.5193,1.2413,1894.0,1.7764,41.87,-121.63,2.0172
3.6851,10.0,4.5497,1.1734,571.0,2.34,32.69,-115.51,2.5767
0.6624,46.0,4.4467,1.2452,485.0,3.37,35.64,-115.58,0.9947
8.1669,39.0,5.2923,0.8635,613.0,1.7337,35.94,-116.89,4.4863
5.1844,20.0,6.4634,1.0839,1156.0,2.4019,33.56,-118.38,3.4459
2.9087,3.0,5.3082,0.8878,1218.0,2.686,34.6,-118.45,2.2303
2.395,44.0,7.3473,1.0463,1824.0,5.3229,32.73,-114.61,1.4873
4.3994,36.0,4.565,1.3424,1077.0,3.539,39.12,-119.65,2.4224
6.1641,29.0,5.6317,1.264,317.0,3.8779,33.52,-116.21,3.5893
8.2332,31.0,4.9748,1.1993,867.0,2.3559,40.93,-123.18,4.3641
5.0795,1.0,6.1056,1.0728,1178.0,3.2896,38.05,-117.29,2.0527
3.1725,25.0,4.4621,0.951,706.0,1.5919,35.88,-114.4,2.1575
5.5637,10.0,7.7129,1.1281,1458.0,2.7355,40.18,-124.2,3.2417
4.9481,34.0,3.3713,1.2666,100.0,3.4043,38.68,-121.72,2.5744
3.1807,48.0,7.4586,1.1615,1069.0,1.8659,39.65,-116.45,1.652
4.8587,28.0,5.508,0.8621,2599.0,3.3145,40.84,-116.96,2.3176
4.8022,31.0,6.0629,1.1157,2245.0,3.3809,40.17,-116.96,2.2674
2.8974,35.0,7.0014,0.813,1286.0,2.518,39.9,-114.48,2.1102
2.0857,48.0,6.4292,1.2206,1209.0,2.3322,39.43,-123.34,1.8074
4.5459,2.0,4.524,0.996,1608.0,2.4278,36.09,-117.55,2.0974
1.3872,16.0,6.1201,0.9165,490.0,2.7224,38.69,-117.89,0.3912
1.1536,14.0,7.641,1.2227,2124.0,2.7466,37.87,-122.24,0.7503
3.7228,37.0,4.3352,1.1839,2878.0,3.4077,41.65,-122.17,2.2138
4.4687,23.0,7.9421,1.1349,1065.0,2.5725,37.26,-117.8,2.3381
3.7048,40.0,5.8628,1.4288,1285.0,4.2817,34.61,-117.75,1.7241
3.9687,25.0,4.8801,1.1952,1841.0,4.2759,36.85,-118.3,1.973
4.4213,50.0,4.3281,1.0033,653.0,3.189,36.44,-119.68,1.9697
7.2047,40.0,5.1321,1.1779,2940.0,2.7243,36.95,-117.43,3.6247
5.1338,1.0,3.0537,1.0571,3759.0,2.5734,38.02,-121.08,2.672
5.0383,51.0,4.9017,1.29,1702.0,3.2534,41.51,-121.94,2.7314
3.539,49.0,5.0845,1.1421,3094.0,3.3934,35.17,-118.35,2.247
3.6252,3.0,4.1107,1.157,435.0,2.8392,41.71,-118.13,0.9558
2.7394,20.0,6.2974,0.8836,1423.0,2.6855,39.91,-116.18,1.3738
3.894,50.0,5.1375,1.1092,186.0,3.2822,34.24,-120.14,3.5215
1.3331,43.0,4.637,1.0916,867.0,3.0552,35.16,-116.66,0.4316
7.225,24.0,5.0096,0.9464,883.0,2.5423,41.14,-115.12,3.7762
1.6348,28.0,5.8261,1.0668,716.0,3.0904,40.11,-120.04,1.1675
5.1273,2.0,5.4879,1.1654,442.0,2.5158,33.86,-118.87,2.7032
6.6789,29.0,4.5588,1.0993,1689.0,2.3987,38.05,-115.2,3.8768
5.1198,34.0,5.5508,0.8882,611.0,2.996,35.13,-121.3,2.9005
10.8027,19.0,5.3392,1.059,1690.0,2.5403,38.48,-117.07,5.0
0.5,16.0,4.0326,1.0298,1122.0,2.4136,34.15,-118.53,1.0138
2.1845,43.0,5.0538,1.129,1483.0,3.8366,35.84,-120.16,1.8295
6.6114,23.0,6.0952,1.1128,774.0,2.6862,36.19,-115.66,3.5665
1.116,14.0,6.0866,1.0383,1114.0,4.4747,37.61,-122.73,1.1777
1.6735,20.0,5.124,1.0324,4195.0,3.5013,34.77,-123.95,1.4741
4.2469,26.0,6.2121,1.1101,1449.0,2.3434,39.41,-122.23,2.6062
3.1467,14.0,4.2241,1.2444,2945.0,3.9278,40.19,-115.54,0.9421
4.0819,29.0,4.2612,1.1418,2844.0,2.4267,38.58,-120.86,2.1579
3.3272,44.0,5.0985,1.3135,371.0,4.5787,41.08,-117.46,2.3002
3.5306,38.0,7.1971,1.27,2839.0,3.181,40.01,-121.99,3.1005
1.8006,12.0,5.5959,1.3245,1114.0,3.4341,32.92,-119.39,1.5424
3.4572,25.0,5.0696,1.3053,882.0,3.0248,33.3,-119.07,1.7789
2.2921,28.0,7.253,1.3344,504.0,3.2127,38.77,-121.85,1.5916
2.5178,35.0,5.0557,0.927,374.0,2.8167,39.36,-120.43,1.7684
5.084,39.0,8.0817,1.1971,1656.0,2.2594,41.7,-121.68,3.1315
1.0693,25.0,4.7865,1.2827,361.0,3.2717,32.53,-123.29,1.4444
0.5,17.0,4.1859,1.3099,1705.0,3.8198,34.75,-119.98,0.607
4.8547,34.0,5.2004,0.9844,117.0,2.0475,40.4,-118.66,2.8304
3.4595,7.0,5.1011,1.1986,542.0,4.2324,40.97,-123.4,2.4572
6.6744,35.0,4.4307,1.1113,994.0,3.4809,36.91,-120.72,3.5535
1.7079,46.0,8.5224,1.3771,1215.0,2.6505,37.1,-119.67,1.6123
2.8357,37.0,5.7824,0.8919,568.0,2.6362,40.61,-114.97,2.1146
3.2272,23.0,5.9571,0.9846,408.0,4.4913,36.87,-118.2,1.9344
1.9659,42.0,4.8457,0.8284,910.0,3.751,39.98,-114.88,0.9317
1.5465,28.0,4.7068,1.1217,731.0,3.912,41.51,-119.06,1.1346
5.0089,28.0,6.6307,1.4396,808.0,2.7992,34.99,-116.27,2.7038
0.9835,44.0,3.389,1.0933,1766.0,3.4444,35.11,-123.34,1.4982
1.3546,10.0,4.0286,1.1152,2546.0,3.2795,41.42,-118.66,0.7985
2.7711,40.0,5.1032,1.1825,870.0,2.8603,36.53,-120.77,2.8164
5.3766,35.0,7.0213,1.0826,1767.0,3.0874,32.65,-117.02,3.0437
2.0608,27.0,4.9506,1.1549,749.0,3.888,37.27,-115.52,0.8728
1.8749,4.0,5.8994,1.1588,703.0,4.2797,38.36,-117.18,0.5242
2.6598,40.0,5.4333,0.9732,906.0,2.7988,34.83,-123.42,2.0844
3.842,12.0,6.9555,1.0859,2298.0,1.9496,39.41,-118.09,2.207
2.3804,46.0,3.4983,1.2113,286.0,4.3149,34.71,-116.86,1.3148
5.8069,41.0,6.2832,1.2393,247.0,4.3249,33.64,-124.0,4.16
5.9587,19.0,5.1613,1.2948,3318.0,3.3203,34.87,-122.6,3.2346
2.771,23.0,6.5099,1.1503,553.0,4.4341,37.57,-117.5,1.3712
9.0918,2.0,4.4169,1.1534,1005.0,3.2621,40.63,-121.15,3.876
3.1786,26.0,5.4293,1.2125,803.0,2.2728,37.53,-123.68,2.9521
5.8356,3.0,5.277,1.0108,2895.0,1.9503,40.57,-115.41,2.7834
3.7728,51.0,4.1971,1.0046,2283.0,1.9426,33.11,-114.78,3.5621
3.7273,33.0,3.8635,1.0813,404.0,3.0036,36.04,-120.57,2.2704
0.7953,12.0,4.7035,0.9087,1222.0,2.627,36.63,-114.37,0.9688
1.2642,41.0,5.5559,1.161,1464.0,2.5369,40.12,-115.73,1.0566
2.4684,1.0,4.4917,1.2574,1732.0,2.9145,38.3,-118.74,1.838
5.931,29.0,5.0039,0.9935,162.0,3.6864,39.96,-116.83,3.2784
3.8078,6.0,3.137,1.1653,246.0,2.5624,35.72,-114.94,2.147
2.4843,3.0,4.9552,1.0056,1820.0,2.4277,41.37,-117.03,1.0607
4.4966,13.0,6.6283,0.9475,351.0,2.6152,40.23,-120.93,3.3522
5.7962,16.0,6.2462,1.4083,1446.0,3.7367,41.2,-122.37,3.8041
3.0464,38.0,5.2957,0.9497,425.0,2.944,35.0,-119.98,1.7669
3.5167,46.0,5.6924,0.9081,263.0,3.2239,32.56,-122.43,3.1158
3.2259,40.0,4.4061,1.1322,536.0,4.2424,38.35,-124.08,2.511
2.9178,38.0,7.3493,1.1403,1089.0,5.2746,37.18,-119.74,0.847
1.6939,29.0,7.8813,1.2001,1399.0,3.5123,39.9,-121.01,1.9913
1.5952,19.0,5.5978,1.4002,1523.0,3.4331,33.43,-123.35,2.2532
4.4787,14.0,8.5088,0.9834,1971.0,2.0524,38.16,-115.59,2.2143
5.8645,49.0,4.5838,1.0132,564.0,3.2948,34.39,-123.07,3.2812
2.4809,27.0,3.8987,1.3413,1895.0,3.0496,37.39,-118.0,1.6031
2.4407,29.0,4.5485,1.2409,1169.0,3.7138,34.0,-118.61,1.5102
0.6081,1.0,5.1366,1.22,1308.0,2.6865,41.17,-114.51,0.15
0.5024,24.0,8.1745,1.0115,4449.0,3.1606,34.24,-121.76,1.7182
6.8013,35.0,5.0626,1.2689,1681.0,3.4842,37.96,-121.94,4.2165
1.7791,26.0,4.3684,1.2205,942.0,4.5188,32.55,-118.03,1.3921
11.2546,32.0,4.3218,1.1284,824.0,4.251,33.99,-118.72,5.0
2.0201,42.0,6.768,1.0123,1098.0,4.0129,37.24,-116.18,1.6183
0.8197,2.0,6.5968,1.116,301.0,3.5817,32.89,-122.57,0.8823
3.243,47.0,4.8174,1.3473,1445.0,2.6549,37.66,-121.29,2.3302
4.9722,42.0,3.1491,0.9359,1087.0,3.5812,34.25,-124.25,3.8959
4.6295,22.0,4.0457,0.98,1296.0,2.3822,39.4,-117.08,2.2352
5.2852,39.0,7.4655,1.0058,1165.0,2.835,40.75,-121.05,3.5985
1.4412,4.0,6.2266,1.0384,334.0,4.4227,39.71,-121.94,0.8709
6.7027,16.0,5.4786,1.0976,1721.0,3.4304,33.1,-118.25,3.8546
6.9434,6.0,7.6426,1.2438,688.0,3.1816,37.22,-121.78,3.714
7.1283,33.0,7.75,1.1692,2129.0,3.2846,33.56,-123.73,4.3653
3.5972,44.0,5.3569,1.1091,1823.0,2.9249,36.39,-121.94,2.8498
2.3472,31.0,5.3789,1.1415,3197.0,1.2753,40.48,-115.8,1.0182
2.1997,37.0,4.7015,1.1936,1095.0,1.9885,32.89,-118.35,1.7836
0.8156,8.0,5.0585,0.8477,1973.0,3.4938,34.89,-119.59,0.3534
2.053,48.0,3.6164,1.2607,3435.0,2.2636,40.35,-119.39,2.0815
0.5,10.0,3.6115,0.976,639.0,2.9139,36.36,-114.33,0.15
0.7163,27.0,3.3328,1.0335,2305.0,2.018,34.74,-123.99,1.2766
3.5729,35.0,6.7012,1.1511,1659.0,2.4251,41.52,-122.69,2.702
2.5406,44.0,3.5263,1.0887,475.0,2.9966,33.98,-115.64,2.3027
3.4721,48.0,7.74,1.173,997.0,3.7391,39.99,-118.95,2.0937
4.7356,31.0,4.5235,1.1213,4903.0,3.8995,34.19,-114.35,2.6493
3.898,30.0,7.4848,1.0566,2221.0,2.4123,41.65,-117.46,2.1987
3.6861,22.0,4.9619,1.3293,1550.0,3.2454,39.97,-117.07,2.2658
2.8574,29.0,3.5206,1.2062,654.0,1.8597,35.13,-118.5,1.5987
1.7304,35.0,6.9405,1.1453,122.0,3.0451,41.84,-124.13,0.973
1.1236,33.0,7.0822,1.2039,355.0,3.7627,33.59,-115.22,1.6083
2.093,31.0,4.3127,0.9942,1128.0,2.9464,40.67,-119.07,1.9189
2.89,23.0,5.002,1.4262,1129.0,4.0525,39.14,-124.21,1.514
3.1399,10.0,4.313,0.9369,2636.0,3.6695,34.15,-122.2,2.8509
5.2922,3.0,5.2554,1.117,528.0,3.1931,37.69,-120.8,2.9671
2.7161,22.0,5.5294,1.057,489.0,2.8002,32.61,-121.44,2.0906
4.3097,21.0,4.9783,1.0513,1677.0,2.5725,37.94,-124.02,2.4294
0.9208,32.0,3.2173,1.0319,838.0,1.8336,38.03,-121.5,1.1984
3.606,46.0,4.7029,0.9842,830.0,1.9639,36.38,-115.34,2.4252
3.4416,36.0,6.2442,1.2783,2462.0,3.7959,40.33,-118.41,1.8695
6.7041,42.0,5.1493,0.9193,463.0,4.211,41.34,-121.03,4.078
2.5421,30.0,5.0071,1.2475,2219.0,2.1352,37.57,-123.42,2.4048
2.4673,48.0,4.2831,1.1973,1536.0,3.0545,38.9,-116.79,1.1989
4.7565,48.0,4.6679,1.0429,770.0,1.7404,33.89,-117.12,2.9094
1.1973,8.0,7.0907,1.1799,1102.0,2.2186,41.98,-124.28,1.5229
3.5449,33.0,4.0323,1.0763,578.0,3.2079,40.65,-114.37,1.8039
1.1473,26.0,6.265,0.9348,967.0,2.585,41.52,-121.64,1.3702
8.5474,50.0,5.4565,0.9364,3312.0,1.467,39.89,-121.68,5.0
2.2409,30.0,5.6938,1.1983,634.0,4.3751,35.57,-121.29,1.9593
1.0852,1.0,4.5212,1.1905,215.0,2.9607,34.61,-114.68,0.1824
2.082,11.0,4.9779,1.1363,1127.0,2.1165,37.35,-115.89,0.511
3.5591,7.0,5.3931,1.0413,2936.0,3.1024,33.28,-117.93,2.1817
4.2243,11.0,4.7752,1.0714,1325.0,2.9353,37.74,-119.36,1.7622
6.4905,5.0,5.7977,1.0512,921.0,3.3375,36.01,-121.03,3.3245
1.9015,40.0,5.9489,0.838,889.0,2.7281,39.42,-120.95,1.8574
4.8928,26.0,8.0072,1.1092,2263.0,3.2514,38.44,-121.04,2.598
0.717,35.0,5.7338,1.1784,1447.0,3.7549,34.84,-115.67,1.503
1.3621,51.0,3.1053,1.1101,1674.0,1.9455,39.47,-117.49,1.4603
0.9437,34.0,6.7956,1.3654,1245.0,2.4454,35.46,-120.23,1.2726
1.6563,25.0,5.1554,0.9493,2012.0,3.6714,34.86,-114.36,1.0835
4.7549,14.0,7.8143,1.0008,3312.0,2.5589,36.48,-122.53,3.023
1.9358,39.0,7.1651,1.12,1113.0,2.9347,34.0,-123.53,2.1628
2.2129,26.0,4.7937,1.1366,1429.0,2.6237,35.59,-120.62,2.6558
3.6219,39.0,6.2663,0.8148,3218.0,2.6736,34.97,-114.48,1.6806
4.1115,2.0,4.6873,1.1904,1243.0,2.6057,32.71,-124.06,2.3452
2.2617,9.0,5.4032,1.1372,2242.0,1.993,35.36,-123.49,1.2072
1.3546,7.0,6.2112,0.8,544.0,3.3674,36.93,-120.89,1.1734
7.7114,35.0,6.7356,1.0825,616.0,3.8498,40.38,-114.43,3.8816
2.2725,27.0,6.4742,0.9787,3831.0,2.8588,34.21,-120.87,2.2634
2.4374,17.0,5.49,1.032,1896.0,3.7596,35.61,-117.52,1.4381
2.6585,16.0,8.3801,0.8993,1006.0,2.6071,32.78,-115.66,2.2449
4.3913,31.0,4.962,1.1624,735.0,2.5599,33.21,-117.59,2.8053
0.8784,50.0,3.4714,1.3643,891.0,3.3286,35.88,-123.4,1.5886
9.5344,51.0,3.7024,1.1398,370.0,3.3419,37.25,-122.81,5.0
2.3899,25.0,7.1688,0.8,1787.0,2.9098,39.61,-121.71,1.7675
4.4861,35.0,5.308,1.1428,1663.0,3.5413,39.75,-116.34,2.2046
1.0959,5.0,5.5909,1.0708,1635.0,1.9704,41.18,-116.28,0.9181
3.3849,49.0,4.749,0.9348,2753.0,2.7568,41.12,-122.6,3.0173
8.6569,1.0,4.8568,1.153,1191.0,3.7719,33.46,-120.51,4.1575
7.9321,18.0,4.4555,1.232,1538.0,3.7697,33.56,-122.9,4.303
4.4116,37.0,5.9654,0.9997,226.0,3.6688,37.22,-119.57,2.4228
1.5718,50.0,5.2831,0.8534,1909.0,3.8166,38.1,-120.66,2.3082
6.2809,9.0,5.922,0.8,1692.0,2.702,38.18,-114.38,3.1102
0.712,34.0,5.8073,1.0001,416.0,1.6358,37.12,-120.41,1.1933
1.5278,10.0,4.8889,1.0767,1010.0,2.793,41.82,-123.8,1.0172
2.8683,3.0,3.6495,1.0226,2501.0,3.5088,37.34,-119.1,1.6321
0.7735,22.0,3.545,0.9975,1504.0,3.6395,41.39,-115.23,0.5041
2.0786,30.0,9.032,1.1852,688.0,2.579,41.89,-120.61,1.496
4.9552,14.0,7.1738,1.1694,1695.0,2.2256,36.72,-116.12,2.9136
1.7872,50.0,7.0082,1.1299,3596.0,2.3052,33.77,-120.13,2.6529
5.1023,32.0,4.5905,1.2225,308.0,2.5651,35.6,-118.62,2.3161
11.0689,23.0,5.4114,1.0016,1862.0,1.4823,35.91,-119.28,4.8417
3.9045,25.0,4.4216,0.9358,1462.0,2.5783,40.94,-115.56,1.3829
5.047,24.0,3.8255,1.0216,380.0,3.0383,41.64,-118.62,2.3107
6.4131,6.0,4.6935,1.0113,1511.0,2.9217,34.11,-120.51,3.9277
2.2216,31.0,6.9914,0.8,744.0,2.7358,32.69,-116.63,2.3707
4.9722,41.0,6.4089,1.0182,928.0,2.4486,40.39,-123.8,3.39
2.1826,22.0,4.2359,1.2657,1702.0,2.5418,37.81,-121.57,1.3275
3.7277,22.0,5.0222,1.2201,1655.0,2.5559,39.64,-121.44,2.3474
5.4487,47.0,6.2989,1.1788,1631.0,3.5644,35.65,-118.61,3.444
1.6287,32.0,4.7148,1.1197,4889.0,2.9993,34.01,-115.96,1.5332
0.5,16.0,5.4955,1.3173,1044.0,5.5335,35.01,-118.76,0.451
1.5113,1.0,5.8822,0.941,460.0,2.7341,32.96,-119.72,1.5801
5.9535,42.0,5.8691,0.9553,1877.0,3.3503,36.17,-123.65,3.7852
1.3664,32.0,5.705,1.2686,1455.0,2.752,33.44,-114.6,1.8101
5.7498,32.0,4.6156,1.1041,775.0,2.7325,36.91,-121.34,3.6462
1.5172,15.0,4.7388,0.9993,732.0,4.2499,40.09,-123.0,0.656
2.5993,10.0,4.0396,1.1828,2874.0,3.798,32.95,-115.97,2.2532
3.0053,26.0,3.5264,1.0342,146.0,1.5962,41.02,-115.4,1.273
1.3612,39.0,5.2623,0.9744,1431.0,2.182,33.67,-121.31,2.3268
2.6195,16.0,6.3795,0.9702,709.0,2.891,38.73,-118.81,1.4692
0.8175,27.0,3.7437,1.1482,1578.0,2.5863,34.79,-116.47,0.6353
2.3661,51.0,5.7276,1.1309,619.0,1.7933,40.53,-124.08,2.01
2.8394,12.0,6.3416,1.3275,1605.0,3.0926,32.6,-114.43,2.1919
0.5,12.0,3.1959,1.0565,2403.0,1.4975,36.5,-121.06,1.3738
1.5013,13.0,5.0753,1.0539,792.0,3.1014,41.64,-119.5,0.8868
3.6537,47.0,7.3755,1.3159,891.0,3.584,33.57,-123.79,3.0072
1.2382,27.0,6.0623,1.2478,1563.0,3.6982,39.73,-123.83,1.7591
4.0529,47.0,3.1555,1.1217,1991.0,2.8845,39.4,-123.18,2.6491
4.3105,49.0,6.19,0.8658,4298.0,4.2087,35.53,-121.09,2.7761
3.6434,22.0,4.5027,0.9782,907.0,3.2653,33.07,-115.08,2.3232
4.935,3.0,6.2296,0.9419,891.0,3.6767,40.41,-119.15,3.0466
0.77,16.0,4.5719,1.1055,490.0,2.411,41.1,-121.04,0.8512
5.6014,28.0,5.3364,1.0237,100.0,4.2173,33.71,-119.79,3.4537
1.3788,20.0,4.7549,1.3404,2418.0,2.9976,40.55,-121.65,0.7698
3.242,1.0,5.4038,0.8643,1082.0,4.2614,40.42,-118.06,1.0072
8.4503,51.0,4.7193,0.9258,475.0,4.0865,37.98,-119.23,4.0343
2.33,16.0,5.1318,1.1367,2170.0,3.2061,39.94,-120.51,1.6465
3.057,32.0,3.9893,1.1782,1874.0,3.3245,32.88,-117.44,2.153
1.3855,49.0,5.9888,0.8,882.0,2.8561,37.21,-120.38,1.7265
8.3997,28.0,5.6103,0.8397,1474.0,2.3447,41.69,-116.23,3.8832
1.5039,36.0,3.4602,1.0605,549.0,3.4762,39.86,-118.32,1.5621
4.5516,2.0,6.5915,1.3034,1941.0,3.4352,35.05,-122.28,2.1021
6.4061,36.0,5.1885,1.3832,757.0,1.7051,38.42,-122.67,4.1311
4.8281,44.0,5.5941,1.0378,2609.0,2.9338,34.52,-121.74,3.3648
3.7912,47.0,6.3175,1.0744,1719.0,3.6944,34.61,-115.12,1.8968
3.2089,5.0,5.7939,0.9745,391.0,4.1726,34.3,-116.07,1.7693
1.0865,12.0,6.7982,1.195,2422.0,3.5803,34.3,-114.58,1.1984
8.1735,3.0,5.048,1.3293,2292.0,1.7862,37.24,-116.86,4.3883
3.5902,47.0,6.6413,1.2884,2086.0,2.1564,35.44,-115.16,2.2521
3.0582,15.0,5.5475,1.0956,2165.0,2.7232,39.89,-120.75,3.3352
1.2919,28.0,6.0092,0.9742,1197.0,4.119,40.99,-118.1,1.1497
3.1595,25.0,5.8844,1.1012,1455.0,2.5143,37.13,-120.38,2.3877
2.929,36.0,6.8889,1.3071,1030.0,3.8469,34.32,-115.65,2.5324
8.4502,46.0,6.2657,1.0399,224.0,2.5015,41.98,-114.33,3.7497
3.057,17.0,4.8685,0.8277,1699.0,3.4261,32.95,-116.84,2.4815
3.1254,41.0,4.6305,1.046,304.0,2.248,37.72,-116.48,1.5971
1.3048,15.0,5.3403,1.0581,489.0,2.8449,34.59,-115.49,1.2125
1.741,11.0,4.4879,0.8268,724.0,2.0947,41.41,-123.35,1.3314
4.2135,6.0,4.1374,1.1348,1254.0,4.1545,35.59,-119.48,1.5215
0.6402,19.0,2.8463,1.1759,3752.0,2.4441,41.6,-116.98,1.3076
5.5827,29.0,3.5409,1.379,719.0,1.7623,41.74,-118.25,2.9643
5.6764,40.0,7.7825,0.9001,3955.0,1.6989,41.46,-118.9,2.729
1.6039,44.0,4.6122,1.2096,2247.0,2.9317,40.03,-120.44,2.0953
3.8003,27.0,7.6842,1.245,1552.0,2.6335,39.54,-122.1,2.1516
6.5347,21.0,5.8838,1.1779,654.0,3.519,41.55,-115.08,3.5627
2.7689,9.0,5.3403,0.949,1268.0,2.8119,34.62,-116.96,1.4503
2.4221,47.0,3.5993,0.9403,1345.0,3.9328,40.19,-118.16,1.1175
2.6357,21.0,5.4056,1.1146,1924.0,2.6917,33.58,-123.45,2.7508
3.5849,39.0,7.6706,1.1135,683.0,3.8212,35.94,-123.18,2.6363
1.9144,32.0,7.2692,1.0161,2294.0,2.238,36.32,-119.98,0.7546
2.2781,48.0,5.7291,1.2937,1161.0,1.7973,41.96,-123.04,2.2556
3.6319,50.0,4.0216,1.0399,1695.0,2.3413,35.55,-122.81,2.8592
2.1458,37.0,4.2514,0.8159,1090.0,2.097,37.77,-123.49,2.0999
1.2135,34.0,4.3769,1.0664,2834.0,2.0075,38.52,-121.36,1.5394
0.5869,8.0,6.9338,1.172,516.0,3.3309,38.94,-124.19,1.1423
3.0975,1.0,7.3581,1.1513,1486.0,2.7885,33.64,-116.98,2.241
6.2865,28.0,5.6351,1.1501,383.0,3.1134,37.81,-118.31,3.1329
3.9246,36.0,5.0363,1.3241,1794.0,3.422,38.53,-119.22,2.085
1.2523,39.0,7.2585,0.9328,479.0,1.6514,41.08,-114.43,1.4433
1.7313,13.0,4.2257,1.0364,985.0,3.4559,41.59,-119.48,0.738
2.4094,26.0,5.4622,1.3318,896.0,2.0358,34.73,-115.6,1.27
8.6137,44.0,5.9556,0.8049,4601.0,2.5385,34.5,-122.41,4.8907
8.8964,5.0,4.3646,1.0919,670.0,1.4863,39.0,-121.65,4.5258
8.2724,20.0,4.6369,1.2843,2307.0,3.5237,37.15,-121.01,3.8784
3.3115,49.0,4.5435,1.2821,100.0,1.6487,39.56,-114.4,2.2668
15.0,11.0,7.1001,1.199,1257.0,2.0399,40.56,-115.22,5.0
1.7968,17.0,7.6972,1.2028,2917.0,2.0979,32.6,-119.81,1.7254
2.3471,24.0,5.5378,0.9438,239.0,2.897,40.85,-115.86,1.4984
5.3174,36.0,5.0781,1.306,2238.0,2.8726,35.02,-121.97,3.1559
3.6444,14.0,4.6802,0.92,1097.0,3.6495,41.71,-118.37,2.2021
3.7812,41.0,5.4021,0.9289,138.0,2.9163,36.59,-122.68,3.2309
1.4263,13.0,4.7397,1.1582,2460.0,3.7726,40.6,-118.55,0.6196
2.9145,19.0,5.2836,1.026,1856.0,3.3035,34.4,-122.08,2.717
1.8169,30.0,5.8959,1.131,592.0,2.2436,37.49,-118.44,2.1364
1.023,1.0,4.9136,1.1646,1936.0,2.4662,33.1,-120.01,1.1638
1.9806,40.0,5.1725,1.3667,260.0,4.2085,39.48,-118.71,1.6272
3.6451,35.0,5.1775,1.1651,762.0,3.9819,41.45,-122.69,1.7479
4.7841,43.0,5.0189,1.0072,1233.0,3.6593,40.51,-119.24,2.5872
0.5664,15.0,4.8703,1.2015,1185.0,3.7644,38.96,-121.14,0.8016
3.008,21.0,6.3146,0.9752,1658.0,3.3721,33.63,-122.86,1.9384
2.8252,46.0,3.2751,1.237,4527.0,3.2681,41.85,-119.3,2.1951
3.5223,4.0,7.2891,1.1097,1414.0,3.0398,35.77,-122.92,2.1689
1.2714,26.0,5.5626,1.1601,1442.0,4.3591,38.51,-120.03,0.8789
1.2921,25.0,6.132,0.8329,2615.0,2.6283,35.09,-121.07,1.5861
6.3901,23.0,6.2701,0.8,1179.0,3.1922,40.36,-118.87,3.4228
1.6201,23.0,4.5503,0.8748,198.0,1.6334,36.09,-119.46,0.6834
2.2672,39.0,4.3028,1.3619,1312.0,1.8554,36.21,-122.95,1.026
2.4352,11.0,4.1613,0.9278,169.0,4.4521,32.54,-121.51,1.9555
1.8426,46.0,5.1035,1.2098,2450.0,3.4934,37.97,-118.73,1.1351
4.1311,46.0,6.239,1.0037,1222.0,2.8298,34.88,-115.96,2.9558
3.9093,10.0,4.6995,1.064,1610.0,3.0627,41.26,-123.71,2.1669
2.7395,50.0,6.1295,1.0933,525.0,1.9135,39.94,-123.39,2.5945
1.9233,14.0,2.5585,1.3466,549.0,2.6575,41.54,-116.33,1.0629
2.5921,3.0,4.9373,1.1877,1839.0,1.8335,36.2,-120.9,1.3073
3.1797,21.0,6.8006,1.1578,983.0,2.7638,38.79,-121.73,2.2196
1.7329,41.0,5.1948,1.2945,675.0,3.5443,36.79,-122.0,1.2279
4.3283,44.0,4.405,1.005,2916.0,3.3626,41.14,-114.59,1.9483
5.557,33.0,4.6118,1.2603,1337.0,4.2713,35.58,-119.19,2.2973
7.0603,42.0,2.0,1.2352,755.0,3.2358,35.62,-122.69,3.5091
6.7998,14.0,4.1858,1.2335,1398.0,1.0172,35.98,-120.24,3.7814
2.4242,45.0,6.6687,1.0767,869.0,4.5605,37.23,-121.69,1.7703
3.2857,33.0,4.7009,1.0344,1730.0,2.3274,40.93,-122.61,2.5204
2.7036,7.0,4.8425,0.9695,497.0,3.1297,34.47,-114.51,1.296
2.6969,7.0,2.6018,0.9789,2478.0,3.0815,38.69,-119.85,1.2184
2.5794,14.0,3.443,0.9624,869.0,3.1927,35.41,-117.39,1.1728
3.0457,4.0,6.8281,1.155,370.0,3.0384,33.29,-115.31,2.0785
6.1242,15.0,6.1408,1.0657,415.0,3.0525,41.56,-122.24,3.4044
3.7172,51.0,3.8431,1.1647,1039.0,1.9427,39.96,-123.02,2.9134
1.2261,13.0,4.6433,1.1732,679.0,5.0696,41.54,-121.7,0.5568
5.4129,33.0,5.365,0.941,303.0,3.5211,36.3,-117.17,2.7572
3.4906,50.0,3.9646,0.9365,321.0,3.0415,39.69,-120.48,2.4095
4.1612,13.0,2.995,1.0657,1231.0,4.4735,38.69,-119.41,2.2526
3.6696,36.0,5.2089,0.9837,1456.0,2.1425,38.38,-124.1,2.6946
3.7794,23.0,6.0871,0.9679,1296.0,3.6947,32.88,-124.26,2.8587
3.8928,15.0,6.1102,1.3544,2859.0,2.5559,33.18,-120.23,2.5055
0.6875,49.0,6.4503,0.87,1610.0,3.3219,34.35,-122.8,1.7008
4.1277,34.0,3.5357,1.4035,748.0,3.3396,39.62,-116.39,2.302
1.7898,23.0,5.4695,1.1433,6000.0,1.1308,40.08,-114.79,1.4399
2.1412,42.0,5.0779,1.2479,571.0,1.8547,38.65,-115.04,1.6953
3.0294,46.0,5.2953,1.2302,267.0,4.2692,34.32,-119.64,1.6761
7.7342,40.0,5.1459,1.1925,1908.0,2.7983,39.89,-121.43,4.0266
1.4011,45.0,4.6075,1.3493,3766.0,4.6013,33.58,-119.46,1.4342
2.9605,17.0,2.0,0.9376,2188.0,4.0481,40.99,-123.26,2.2008
2.5361,18.0,6.7942,1.0765,992.0,2.8238,36.16,-114.86,0.8316
5.3648,12.0,5.796,0.9721,626.0,2.7532,39.41,-117.59,2.2347
2.4871,36.0,3.6189,0.8456,1816.0,4.3187,34.11,-121.43,1.6368
3.5168,41.0,5.9678,1.0008,1035.0,4.6824,35.49,-116.71,1.9999
1.4044,34.0,4.8632,1.3809,949.0,2.7707,37.21,-121.85,1.9947
5.9268,31.0,4.8972,1.074,3014.0,4.2305,37.22,-116.79,2.9508
0.9502,40.0,4.4779,1.3975,205.0,3.824,33.42,-120.28,1.9971
4.0919,10.0,6.0443,1.4129,1553.0,3.962,37.71,-115.66,1.504
3.5312,19.0,4.4402,1.5493,666.0,3.0809,33.21,-114.4,2.4671
3.8721,37.0,4.0838,1.3858,1191.0,2.4621,41.27,-121.1,2.4123
0.9622,3.0,6.7581,1.4537,555.0,2.1565,36.51,-118.79,0.7727
2.4515,47.0,5.1853,1.1488,1036.0,1.9566,36.67,-121.92,2.4797
5.2042,9.0,5.223,1.1342,5095.0,4.5287,37.98,-116.3,2.1168
8.4371,41.0,6.231,1.1442,2048.0,3.0088,39.93,-119.38,4.496
2.8128,32.0,4.5989,1.1,1815.0,2.0842,33.16,-114.46,2.2875
4.9039,44.0,4.8382,1.1224,1216.0,3.8019,39.18,-115.43,2.7099
3.3109,40.0,5.7669,1.2128,1136.0,2.6169,41.15,-121.57,3.1552
2.9128,27.0,3.5503,1.0301,1278.0,2.4792,36.67,-123.11,2.3206
2.2569,39.0,5.6653,0.8934,1684.0,4.6544,32.63,-118.1,1.5687
3.0395,18.0,4.4931,1.1545,2074.0,1.9354,34.85,-121.12,2.024
4.6343,30.0,6.4266,0.9961,4068.0,3.188,41.44,-121.76,3.1623
4.8739,47.0,6.056,1.0116,989.0,2.5273,33.62,-118.85,3.718
1.1339,5.0,5.8975,1.0786,2966.0,2.3996,32.63,-118.92,1.2815
2.114,19.0,3.4716,1.0442,4098.0,1.8289,41.39,-118.92,0.8765
1.3492,1.0,5.2759,1.2665,2184.0,3.0477,40.7,-121.36,0.7945
3.1421,28.0,3.9873,1.075,1121.0,2.3009,36.87,-122.75,2.3536
2.3908,40.0,5.3558,1.2741,2194.0,3.4731,32.55,-122.46,2.6734
3.789,2.0,2.6217,1.1309,288.0,2.9624,38.05,-117.1,2.0751
3.9587,29.0,3.551,1.0867,3646.0,2.7499,40.26,-119.62,1.4579
0.5,22.0,6.8268,1.1237,2328.0,2.3052,35.22,-119.61,1.0698
3.0238,40.0,5.8429,0.9063,1086.0,4.1446,34.14,-114.53,2.7446
6.198,12.0,4.9754,1.1507,1025.0,3.5885,41.09,-115.12,1.9706
2.1146,9.0,4.3095,1.2274,361.0,2.4549,39.8,-123.65,1.6122
2.0703,5.0,4.0989,1.2486,2574.0,1.9126,36.76,-116.32,1.4898
5.5531,21.0,5.6402,0.8972,1043.0,1.4896,41.1,-121.82,2.8797
5.015,25.0,4.9876,0.8722,3858.0,3.9099,38.28,-117.08,2.2448
1.4605,47.0,7.256,1.0195,284.0,3.7273,41.47,-122.57,1.8595
4.7126,24.0,5.1783,1.3077,564.0,3.8373,33.48,-122.85,3.0123
1.718,9.0,5.4705,1.1331,509.0,2.9038,36.65,-114.91,0.8761
2.0548,36.0,3.7338,0.9838,100.0,3.6448,38.95,-118.72,1.4002
1.4595,4.0,4.9672,0.8821,1913.0,3.8218,36.38,-120.8,0.6776
1.1265,18.0,5.6124,0.9974,435.0,2.9442,35.82,-115.39,0.4864
3.2649,34.0,4.9527,0.9873,567.0,2.7135,39.11,-121.4,2.5352
0.9883,13.0,4.8172,1.2403,460.0,2.219,38.25,-123.66,1.5667
3.3527,31.0,5.7923,1.2519,881.0,3.3409,35.18,-120.35,2.4343
3.2838,24.0,7.2178,0.9425,3356.0,3.4474,36.72,-117.23,2.2709
2.7275,49.0,5.574,1.213,1684.0,2.6748,39.22,-117.68,2.0907
2.1866,15.0,6.773,1.1976,1380.0,2.769,38.46,-119.56,1.9649
1.8898,47.0,6.1459,0.923,1194.0,2.8262,36.8,-119.2,1.5797
1.3171,32.0,6.7012,1.0874,770.0,3.633,34.97,-119.01,1.1147
7.0923,39.0,4.6683,1.1511,780.0,1.9005,33.59,-120.55,4.7962
2.6454,9.0,5.1517,1.1245,1330.0,2.1158,40.48,-123.47,1.6849
2.5849,1.0,5.1567,0.8434,3111.0,2.1314,40.29,-122.72,1.5095
1.5142,38.0,6.0555,1.1197,725.0,2.8812,38.33,-117.06,0.9659
6.6442,25.0,6.3509,1.1954,2379.0,3.2522,37.93,-116.2,3.0353
1.978,16.0,5.5501,1.3369,479.0,2.1449,33.8,-120.34,2.9368
3.5639,46.0,6.452,0.9997,1903.0,3.7272,36.74,-121.01,3.1563
4.015,17.0,4.724,1.0182,3030.0,4.1701,37.1,-118.22,1.7445
3.2666,23.0,6.4625,1.0687,1124.0,3.331,36.88,-124.08,2.0304
0.9681,37.0,6.619,1.1437,775.0,3.8982,34.8,-118.6,0.15
4.5885,50.0,6.213,1.1146,1898.0,2.2679,33.68,-119.61,2.9632
1.9633,46.0,5.561,1.1906,3602.0,2.2869,41.35,-119.88,1.3615
4.9841,34.0,6.256,0.9312,2306.0,3.4117,37.79,-124.29,2.8608
2.8972,6.0,4.3272,1.1595,3930.0,2.9693,40.69,-114.87,1.2306
4.1709,6.0,5.638,0.9887,1209.0,2.2854,38.88,-122.57,2.5689
6.38,36.0,5.7606,1.0785,1153.0,4.14,40.29,-123.17,3.777
4.483,26.0,3.8046,1.3562,316.0,3.239,34.55,-120.44,2.4304
4.2352,7.0,5.9695,0.8903,748.0,3.5617,33.51,-116.51,2.9508
4.7186,36.0,3.9014,1.0581,1088.0,2.4606,38.33,-116.65,2.7437
1.6728,49.0,4.8865,0.9088,1173.0,4.3439,37.72,-119.18,1.5476
5.1152,4.0,5.4477,1.123,1873.0,2.8753,33.42,-118.81,2.7202
2.5072,43.0,4.5231,1.2572,813.0,3.8152,38.31,-119.75,1.7785
2.5643,18.0,5.4991,1.1254,853.0,2.5337,34.23,-124.05,2.5817
3.199,21.0,5.4799,1.0825,4378.0,3.1349,33.53,-121.52,3.1486
2.3481,37.0,4.4158,1.2993,100.0,3.4463,41.86,-120.41,2.13
1.4181,13.0,6.0816,1.1496,130.0,4.5963,37.78,-118.76,0.9826
3.0397,9.0,4.483,1.2229,550.0,2.6482,35.63,-117.71,1.392
2.5728,50.0,8.1456,1.2073,122.0,3.1621,33.43,-114.42,2.7878
2.51,18.0,5.2686,0.8,160.0,3.4735,41.21,-119.23,0.9079
2.835,9.0,3.9944,1.0885,898.0,1.8681,41.45,-117.58,1.3978
0.5,36.0,4.2188,0.9383,1514.0,1.2605,34.94,-114.69,1.1358
2.5229,12.0,6.7771,0.9756,870.0,2.2033,36.63,-121.51,1.5052
6.8645,40.0,4.909,1.3212,1581.0,3.7737,38.63,-119.76,3.0721
6.5385,4.0,3.7635,1.0438,2082.0,4.3731,33.56,-117.09,2.8906
3.1107,27.0,6.4245,1.3839,1390.0,2.2616,37.6,-118.65,2.0523
3.0412,21.0,4.9013,0.8888,1578.0,2.0266,34.58,-115.37,1.7677
0.5,49.0,6.1841,0.9374,961.0,4.2278,34.64,-118.64,1.1248
2.046,27.0,6.5227,1.2144,812.0,2.5477,38.23,-115.08,2.0898
4.6893,48.0,5.7294,1.0488,108.0,2.7026,35.45,-122.81,3.2494
2.3084,13.0,8.2751,1.1461,2157.0,4.1673,37.73,-116.26,0.9869
5.6901,25.0,3.3303,1.0832,1344.0,4.0358,34.99,-122.17,3.18
5.481,42.0,4.4185,1.0786,1493.0,3.7473,37.13,-123.81,2.9188
2.0171,9.0,5.0929,1.0544,300.0,1.6308,41.36,-123.18,1.6902
3.267,48.0,8.1134,1.1269,581.0,1.9932,37.1,-118.49,3.1732
7.1938,40.0,7.5576,1.1962,920.0,3.8964,37.26,-121.39,3.897
0.9494,35.0,6.9464,1.3422,432.0,3.2543,37.18,-122.86,1.4755
2.3446,13.0,4.4471,1.0696,1374.0,2.3778,40.64,-118.01,1.3165
0.8668,42.0,4.587,1.041,1304.0,2.7244,38.98,-119.42,0.9078
1.5827,43.0,4.4057,1.0216,1244.0,3.8888,32.79,-120.49,2.2539
8.4672,15.0,4.4599,1.3205,2135.0,4.2221,33.62,-118.94,3.7473
2.3441,30.0,7.1912,1.2035,1398.0,2.9952,37.99,-115.69,1.4809
0.5555,4.0,5.1075,0.8151,2865.0,2.4505,39.72,-117.05,0.15
1.4067,21.0,5.2662,0.8085,1434.0,2.7796,33.61,-119.35,2.0718
0.7863,8.0,6.3293,0.9755,686.0,4.0745,37.28,-116.07,0.7872
3.35,29.0,3.4038,1.1345,1157.0,4.0588,38.6,-115.67,1.4454
3.9775,28.0,5.4632,1.095,100.0,3.1554,36.31,-120.54,1.893
5.1575,28.0,4.0838,1.1772,1506.0,2.5764,39.09,-122.8,3.269
4.5333,35.0,5.0467,1.0737,596.0,3.8662,35.75,-123.15,2.7297
0.9892,48.0,4.6963,1.3096,1281.0,4.2984,38.42,-117.91,1.7259
3.8503,11.0,4.6344,1.2158,678.0,1.8372,39.77,-114.94,2.5568
2.752,11.0,5.6707,1.1116,433.0,2.8141,41.58,-123.91,2.1014
5.6193,11.0,5.6655,1.2718,3474.0,3.9248,38.57,-119.33,2.3318
4.8566,48.0,5.1362,0.8527,667.0,3.0589,35.84,-122.36,3.0681
9.1325,5.0,5.8448,1.0872,567.0,2.6091,39.35,-118.98,4.2269
1.4966,2.0,4.3577,1.1206,1929.0,3.1482,40.14,-115.73,0.8918
1.3334,9.0,6.2179,1.1903,897.0,3.2966,36.44,-116.43,0.5502
2.1377,40.0,5.1526,0.8427,625.0,2.0985,35.94,-114.59,1.1887
2.8272,30.0,4.8196,1.0609,1967.0,3.0726,33.95,-119.45,2.8578
1.8453,47.0,4.4463,1.1601,1130.0,3.2939,38.93,-117.67,1.4457
1.5579,11.0,5.1103,1.1716,2151.0,2.6073,36.73,-115.31,1.1459
3.6887,21.0,7.6448,1.2779,2934.0,2.3764,33.76,-117.32,2.2976
2.133,29.0,5.324,1.2142,879.0,2.5697,37.83,-114.66,1.943
1.7877,4.0,4.0267,1.0909,1855.0,2.2233,41.9,-121.84,1.8099
0.9876,47.0,6.5026,1.2012,3025.0,3.6805,32.99,-122.95,1.9779
0.5,42.0,4.8337,1.0698,3571.0,2.2131,37.4,-122.81,1.4523
6.6649,8.0,5.7405,1.122,737.0,3.1512,41.39,-115.78,3.1371
6.5458,43.0,4.6732,1.2192,2368.0,2.7006,41.61,-123.77,3.888
4.9487,23.0,6.9369,1.0932,132.0,2.4351,35.75,-116.2,2.8232
4.2462,18.0,4.6911,1.1543,1419.0,4.0971,34.13,-119.66,2.6105
1.9934,49.0,7.0774,1.2442,342.0,2.8954,36.5,-117.39,1.5709
4.3561,27.0,4.1409,1.2068,879.0,2.4645,35.53,-116.84,1.9577
1.258,12.0,5.0485,1.285,4630.0,2.3879,37.08,-120.06,1.3063
3.2151,42.0,7.08,1.4493,2181.0,3.2713,38.16,-122.84,2.6679
1.6757,37.0,5.6018,1.2054,350.0,3.6613,39.8,-118.13,1.4459
4.3675,10.0,8.1258,1.0308,467.0,4.0166,38.52,-114.73,2.4737
7.4869,35.0,5.077,1.1768,2529.0,2.8659,40.97,-124.04,4.6325
1.4024,33.0,5.7085,1.1703,2474.0,2.8178,39.49,-122.03,1.8221
2.0654,15.0,7.6862,1.192,2563.0,3.1048,37.43,-115.56,1.3011
3.1756,22.0,3.5833,1.3243,1414.0,3.1337,33.63,-123.6,2.7196
0.625,43.0,3.4347,0.8474,2174.0,2.3824,40.14,-124.2,1.1888
0.8211,9.0,4.4454,1.3271,913.0,4.1699,39.28,-115.52,0.696
7.3556,37.0,6.376,1.3776,881.0,3.0178,35.69,-116.62,4.1715
3.6991,43.0,3.4682,1.1852,1357.0,3.4278,34.7,-121.76,2.8894
1.9138,48.0,6.1165,1.1888,616.0,3.3396,38.75,-114.64,1.6959
2.9546,17.0,6.032,1.0638,532.0,3.3231,33.3,-117.18,1.9829
2.1441,14.0,7.8173,1.1009,1773.0,2.1967,39.98,-123.11,1.6708
3.2385,48.0,6.6546,1.2047,1885.0,2.9949,34.66,-119.69,2.0641
2.202,24.0,5.8369,1.195,544.0,4.8246,38.14,-115.65,0.8503
2.8015,30.0,7.031,1.2081,740.0,4.2697,35.38,-117.62,1.6329
4.6125,27.0,6.0467,1.194,1599.0,3.1256,37.03,-118.44,1.4346
4.4283,27.0,4.8479,1.2348,1504.0,2.7065,40.11,-120.13,2.5863
7.1076,32.0,4.0265,1.218,1415.0,1.2258,35.23,-121.82,4.1897
3.8689,22.0,4.7168,0.9463,568.0,2.6021,32.81,-118.16,3.4685
3.0817,20.0,5.3519,1.2248,5040.0,2.9373,33.24,-122.76,2.6023
7.7465,21.0,5.61,1.3788,818.0,2.7461,33.21,-116.2,4.2203
2.6058,34.0,2.8378,1.096,1646.0,2.8019,36.86,-122.2,1.7472
0.5,42.0,5.1365,1.3249,431.0,3.4979,33.29,-123.09,2.2939
4.9867,29.0,5.4343,0.9624,1131.0,2.1997,36.42,-123.58,2.8364
3.5793,35.0,6.057,1.0955,532.0,3.2181,39.13,-116.15,2.7732
2.9857,22.0,7.3522,1.0038,792.0,2.9118,40.86,-119.62,1.4693
5.0685,40.0,5.6228,1.3069,1435.0,2.2942,34.6,-120.31,3.6067
2.2155,21.0,4.3085,1.3461,2831.0,4.3393,40.83,-119.09,1.098
0.5,22.0,3.2183,1.0851,725.0,3.5982,41.79,-118.43,0.3018
5.1305,3.0,6.2244,1.2757,1384.0,2.3709,38.44,-115.49,2.813
1.8643,14.0,4.3571,1.3476,1631.0,3.4138,39.5,-120.86,1.891
1.4472,38.0,6.4402,1.0951,1945.0,1.8884,37.09,-122.43,1.7444
0.5,5.0,7.0769,1.1195,187.0,2.4692,33.21,-115.61,1.0327
4.8671,12.0,3.5471,1.21,2146.0,4.0621,41.62,-119.49,2.0054
0.5,40.0,6.0647,0.9736,1644.0,3.2812,41.48,-118.5,0.8975
6.3494,45.0,6.9511,1.1165,1414.0,3.217,35.57,-122.72,3.3801
2.3721,22.0,6.6228,1.4214,654.0,3.7896,34.36,-115.68,0.8816
5.0118,21.0,2.8843,1.025,1508.0,3.489,33.12,-114.92,2.2367
3.9443,26.0,4.3756,1.2281,4174.0,2.7872,37.23,-119.82,2.0607
8.6089,40.0,3.8638,1.1786,2623.0,3.7491,41.29,-124.1,4.1362
3.8761,24.0,6.0282,1.0754,876.0,1.6488,32.89,-124.03,3.1481
6.2072,9.0,5.896,1.1332,1399.0,2.466,38.31,-121.28,3.1837
2.0183,22.0,2.1625,1.3629,1431.0,2.9224,40.44,-119.38,0.9693
0.818,13.0,5.039,1.183,981.0,3.4382,36.11,-119.97,0.3575
5.4957,35.0,6.3609,1.2065,362.0,2.74,38.31,-118.61,3.2829
0.7959,8.0,5.5776,1.3401,888.0,1.5728,36.72,-121.73,1.2882
4.8338,32.0,5.5755,1.0566,1731.0,1.4604,33.12,-122.2,4.2544
1.3138,7.0,4.962,0.943,872.0,2.9455,37.29,-114.56,0.8294
3.6247,50.0,4.1293,1.3653,1130.0,2.6178,33.35,-121.49,2.5438
8.7054,33.0,5.3795,1.1205,2854.0,2.272,39.01,-114.83,3.9537
4.6011,8.0,5.4625,1.234,1136.0,2.1382,35.45,-118.58,2.3573
2.6137,49.0,6.1383,0.9857,1192.0,3.107,40.12,-123.6,2.3272
4.0031,30.0,6.2358,1.1583,1309.0,4.0418,38.08,-118.35,1.8546
2.0722,31.0,5.503,0.9355,810.0,3.1071,41.38,-114.44,1.1078
10.7173,4.0,6.7139,1.1096,2193.0,4.0525,39.51,-115.9,4.3629
1.7607,10.0,4.9501,1.0028,432.0,2.7008,39.39,-121.26,1.4028
2.8139,42.0,3.6672,0.9684,806.0,3.3548,35.39,-123.34,2.1388
4.3458,24.0,5.9725,1.0545,1404.0,4.0816,36.7,-119.7,1.7362
3.8196,32.0,5.5517,0.8,915.0,2.8737,39.58,-123.31,2.6544
4.099,51.0,5.9963,0.926,3355.0,3.0208,39.36,-121.32,2.9833
2.1037,22.0,3.8827,1.2174,1201.0,2.7004,39.08,-115.12,1.2817
2.5395,20.0,7.549,1.1521,1176.0,3.474,32.58,-117.76,1.6946
5.3405,41.0,6.2526,0.9389,542.0,3.7218,32.66,-116.47,3.5369
5.179,4.0,5.0544,1.1822,930.0,3.281,33.14,-118.89,3.2954
3.8783,24.0,4.2775,0.9683,2128.0,2.8164,32.8,-122.62,2.8231
6.6777,44.0,6.6926,1.2083,682.0,1.8002,39.84,-122.8,3.8765
5.4716,12.0,4.0779,1.0827,241.0,2.9613,37.7,-116.64,2.7425
5.0828,16.0,8.1136,1.0512,1056.0,2.8464,37.3,-120.01,2.5524
0.7821,25.0,4.6642,1.0863,1243.0,3.1888,33.31,-119.3,0.7967
3.8483,4.0,7.4646,1.4839,850.0,3.0934,39.86,-122.51,2.0225
3.4135,4.0,5.1786,0.9862,2883.0,4.2579,33.38,-120.68,2.4549
7.1962,13.0,7.2969,1.134,4622.0,2.4429,34.61,-122.98,3.5497
0.5,46.0,4.5182,1.2172,1397.0,1.7398,40.28,-122.25,1.4848
2.7065,12.0,5.4226,0.9556,922.0,2.086,39.08,-115.41,0.873
3.2316,38.0,6.3657,0.8609,1732.0,2.4931,33.38,-117.13,2.7825
1.3,22.0,6.1945,1.0098,2896.0,3.8656,33.2,-115.78,1.8582
1.5104,39.0,6.7209,1.2139,727.0,1.9622,36.36,-115.56,1.124
7.21,17.0,4.815,1.0487,2051.0,2.069,38.23,-118.4,3.6736
4.089,45.0,5.5018,1.0653,1055.0,3.3311,34.84,-121.26,2.6949
8.7171,19.0,6.8981,1.2366,2517.0,3.6794,38.06,-119.37,4.0124
2.6726,41.0,4.5537,0.979,543.0,1.7606,35.91,-124.11,2.2554
0.9569,43.0,6.087,1.0867,3138.0,1.5824,38.09,-116.13,1.1961
2.4135,23.0,5.137,0.8729,1431.0,2.3708,39.39,-116.27,1.2452
2.1288,35.0,5.647,1.1481,1728.0,3.5259,40.51,-119.22,1.0156
4.7019,7.0,5.5015,1.1344,468.0,3.1146,34.36,-120.52,3.4864
4.5844,26.0,4.4541,1.2193,456.0,2.4,33.31,-122.57,2.7789
4.2186,20.0,5.0872,0.9282,1537.0,3.5915,33.62,-123.54,2.9683
10.3389,49.0,5.5739,1.0712,1766.0,3.0994,34.07,-121.05,5.0
6.4444,48.0,5.2767,0.9082,987.0,2.9139,35.58,-114.93,3.4347
1.5943,40.0,7.2873,1.0631,1897.0,1.7085,32.77,-123.61,2.6718
5.582,49.0,6.6119,1.3223,466.0,2.3836,40.41,-114.81,3.0774
3.0914,50.0,5.748,1.0519,337.0,4.5655,40.57,-119.01,2.0571
2.6219,40.0,4.4842,0.8951,1315.0,2.731,39.27,-119.89,2.4563
6.9339,31.0,4.4112,0.998,450.0,2.2346,35.89,-123.07,3.884
1.5161,11.0,7.7686,0.8584,248.0,2.6942,39.21,-123.59,0.7088
5.3551,42.0,4.1881,0.9056,581.0,3.0953,37.96,-118.86,2.8227
4.8436,10.0,5.5366,1.2006,1723.0,3.7067,38.79,-118.31,2.1248
1.4934,10.0,5.8331,0.8831,1409.0,3.4969,33.33,-119.96,1.4801
0.7572,45.0,5.0264,1.1468,2921.0,2.4587,40.81,-121.43,0.7918
2.8646,6.0,4.1974,1.1039,1479.0,4.0173,35.81,-124.17,1.7701
5.979,8.0,4.4581,1.0203,482.0,3.6518,35.06,-121.63,2.9011
3.8388,27.0,4.7442,1.1341,1804.0,2.6439,36.21,-117.15,2.4155
7.069,30.0,4.5486,0.9594,710.0,2.8974,34.85,-118.24,3.3039
3.6711,3.0,6.9933,1.2261,972.0,3.4805,41.94,-122.72,2.3995
7.3543,20.0,5.389,0.9952,721.0,3.8598,38.64,-116.37,2.8289
1.9677,12.0,4.7714,1.042,423.0,1.7851,41.02,-122.82,1.7043
4.2101,16.0,5.5283,1.0242,6000.0,3.0564,41.53,-116.35,1.7722
2.2896,10.0,6.2015,1.2034,622.0,2.9751,38.02,-119.17,1.0885
2.804,35.0,4.9865,1.1817,214.0,2.5435,40.1,-117.13,2.7679
3.2242,25.0,6.4824,0.8,1956.0,2.5394,41.1,-123.47,1.9706
3.8309,49.0,3.8746,1.1381,156.0,3.8435,33.93,-116.89,2.5675
1.7717,1.0,6.8056,0.8383,1062.0,3.4277,35.06,-117.09,0.4778
4.0827,40.0,5.3893,1.0488,2164.0,4.6853,36.32,-122.55,2.3923
3.1171,47.0,5.3424,1.0838,373.0,2.5442,38.42,-122.92,2.4459
1.005,25.0,4.5684,1.0472,1202.0,3.1097,39.8,-116.81,0.5899
0.6543,36.0,3.9266,1.1751,941.0,3.2478,35.78,-120.14,1.7499
5.9926,23.0,3.4,1.208,613.0,3.7169,40.51,-117.82,3.2077
2.7101,31.0,4.4847,0.984,2927.0,4.0867,38.72,-124.21,1.5555
0.9124,47.0,6.1052,0.9785,934.0,3.0749,36.03,-122.46,1.7939
8.0815,28.0,4.2465,1.0946,1928.0,2.1242,38.97,-116.84,3.8285
4.3486,30.0,3.5419,0.8684,2293.0,2.4313,40.59,-122.31,2.3623
3.7653,51.0,4.3091,1.0285,1026.0,3.1142,35.69,-123.5,2.4612
1.6523,26.0,4.9382,1.3022,492.0,3.8982,36.18,-122.55,0.9804
0.9925,9.0,4.9854,0.8741,2330.0,1.8429,39.07,-115.98,1.1775
3.4168,35.0,5.2453,1.049,1064.0,2.064,36.58,-120.83,2.2436
2.9868,36.0,6.6391,1.0112,1154.0,3.6057,34.19,-119.0,2.7292
1.3175,13.0,6.8991,1.4008,888.0,1.9651,40.61,-118.53,1.1019
1.2797,38.0,7.8066,1.0193,2273.0,2.1,34.41,-120.57,2.0933
1.227,4.0,3.4501,1.028,438.0,3.9092,34.84,-123.36,0.7702
1.1919,17.0,4.3729,0.9454,1165.0,2.8229,40.74,-121.73,1.8821
1.9197,44.0,6.2382,1.1014,502.0,2.7618,38.6,-122.72,1.9484
3.7662,32.0,4.8552,1.1405,886.0,4.0946,36.6,-115.2,1.7722
4.1815,31.0,6.4329,0.9671,2487.0,2.1496,36.13,-116.9,2.7332
2.9453,32.0,5.6485,1.2483,2466.0,1.9888,34.24,-116.07,2.6406
3.3143,9.0,7.295,1.1407,996.0,4.3034,33.15,-116.18,1.6546
4.3089,50.0,6.6513,1.2278,1478.0,3.1867,41.14,-124.28,2.9666
0.5,16.0,6.6732,1.0508,1457.0,3.5438,32.92,-116.81,0.3709
3.4877,41.0,4.9058,1.1365,504.0,2.7511,33.09,-119.48,2.6306
6.62,51.0,5.283,1.068,1755.0,2.9147,39.64,-116.55,3.6708
2.6614,13.0,5.0337,1.3187,553.0,2.437,40.99,-114.7,1.6657
5.8441,33.0,3.5929,1.1174,844.0,3.2545,39.24,-120.72,2.9844
2.6956,3.0,7.1661,1.1013,224.0,3.6651,34.8,-118.25,1.0032
4.4915,33.0,6.2945,1.0313,1970.0,3.1568,35.07,-121.25,2.9214
3.7166,23.0,4.986,1.0226,2280.0,3.8487,41.63,-115.36,2.2971
1.2104,4.0,6.9655,1.1357,1518.0,3.5299,39.15,-121.76,1.0984
1.4547,35.0,4.6436,1.2229,1207.0,2.1612,40.36,-120.79,1.5043
7.354,50.0,3.1942,0.9973,808.0,2.8842,36.74,-115.42,4.1595
5.1143,5.0,6.6088,1.119,2005.0,2.6413,39.88,-123.29,2.8892
2.8221,46.0,3.8657,1.1276,3400.0,3.6027,41.82,-119.36,1.8368
2.5713,44.0,5.1651,1.1538,622.0,3.3693,35.89,-118.49,1.9851
1.6609,28.0,5.6473,0.8439,1015.0,3.1019,35.54,-118.51,1.1475
3.9236,46.0,5.8626,0.9613,477.0,3.8109,32.91,-123.1,2.8188
1.7721,16.0,6.4181,0.8951,1212.0,1.5075,39.5,-123.91,1.6844
2.3408,37.0,6.097,1.1049,878.0,2.5175,34.79,-120.13,2.4607
1.9139,36.0,6.0599,0.9649,1073.0,2.5854,34.91,-119.76,2.1317
4.9172,30.0,4.4511,1.0256,2023.0,3.2014,38.5,-114.87,2.1075
2.7427,43.0,5.7531,0.9209,2427.0,3.4422,39.52,-116.74,2.3397
3.3309,45.0,3.5933,1.0395,412.0,2.999,36.37,-118.31,1.9326
1.2306,41.0,7.2746,0.9314,1446.0,1.948,41.47,-122.2,1.7693
1.9042,31.0,3.7169,1.2137,2933.0,3.3254,34.04,-115.29,2.3422
3.3797,50.0,4.9843,1.1719,1680.0,3.1024,37.51,-122.36,2.4104
0.7974,29.0,3.8174,1.1225,514.0,1.825,38.36,-114.83,0.8895
2.6023,33.0,4.5238,1.0547,2354.0,2.7637,38.37,-114.84,1.4399
3.0067,10.0,5.4161,0.8,1763.0,3.2992,38.74,-114.52,1.5095
1.1047,17.0,4.7655,1.0313,1643.0,4.3226,38.52,-121.47,1.124
5.6857,47.0,6.7731,0.9858,992.0,2.1287,40.02,-122.93,3.4277
3.803,26.0,5.6723,1.1371,1573.0,3.6321,40.23,-118.01,2.4855
2.7288,27.0,4.8445,1.193,5998.0,2.1388,41.79,-120.07,1.8846
1.8029,42.0,5.2397,1.1487,184.0,1.9835,41.43,-120.42,2.1429
0.7691,17.0,6.8636,1.2895,837.0,2.0307,37.44,-118.74,0.869
5.4204,14.0,6.4906,1.0148,904.0,3.484,39.21,-117.41,2.9871
2.1881,1.0,4.0335,1.0085,100.0,3.1039,36.32,-120.98,1.1647
0.9567,12.0,4.5832,1.2557,4263.0,2.7482,38.68,-120.95,1.3256
1.7646,27.0,5.9697,1.1249,477.0,3.3663,32.57,-118.2,2.527
4.0647,37.0,5.824,1.063,450.0,3.0327,35.99,-123.59,2.2082
3.5521,17.0,4.1395,1.377,285.0,3.0884,41.19,-117.3,1.5002
1.3223,23.0,6.299,1.1867,829.0,2.7572,38.91,-116.31,1.7732
6.0174,12.0,4.331,1.0714,1638.0,2.178,32.66,-115.5,3.3843
0.9455,42.0,6.9646,0.9971,1144.0,4.353,37.47,-116.76,0.9272
6.7811,27.0,6.0353,1.299,542.0,4.1203,35.98,-119.23,3.0584
3.4538,8.0,4.0417,1.131,1575.0,4.2721,40.18,-115.56,2.0656
2.3092,32.0,4.7651,1.1037,1154.0,2.5685,33.59,-119.39,1.4991
2.5424,18.0,4.7442,1.2014,2706.0,2.4545,38.24,-116.43,1.9435
3.1982,45.0,5.5919,1.232,687.0,2.6684,39.26,-123.66,1.9777
4.2674,14.0,5.1552,1.1825,635.0,3.8593,38.16,-117.21,1.4361
0.6473,45.0,4.0254,1.2326,2091.0,2.9998,35.11,-123.46,0.962
1.721,36.0,3.7269,1.1677,461.0,2.5654,40.04,-124.02,1.6998
3.1303,7.0,6.0588,1.1832,276.0,3.2911,40.04,-119.28,1.2762
6.1578,39.0,5.7435,0.9903,1127.0,2.4108,35.93,-123.11,3.4368
6.0154,37.0,5.5266,1.3716,1676.0,1.9157,35.03,-121.05,3.369
7.633,24.0,5.7249,0.9149,254.0,3.1034,38.81,-116.56,3.3243
5.8408,9.0,4.6573,1.1464,2251.0,2.5871,35.99,-118.8,2.4397
1.6232,25.0,5.6208,0.8995,227.0,2.989,35.78,-116.97,1.228
2.9984,32.0,8.4462,1.0853,719.0,1.0,36.78,-116.46,1.9397
5.8621,7.0,6.8095,1.0143,1150.0,2.2863,36.85,-119.5,1.9065
5.5152,18.0,5.0539,1.1204,2883.0,2.964,40.38,-114.44,2.6758
2.6325,36.0,4.772,1.1513,3002.0,1.7869,41.55,-122.28,2.5273
4.1926,29.0,2.0,0.9565,1320.0,1.8141,39.28,-123.45,2.6792
2.1793,51.0,6.6824,1.0956,822.0,3.031,33.34,-121.12,2.165
0.8804,12.0,6.3439,1.3091,863.0,3.5613,35.71,-116.67,0.8672
2.7943,40.0,4.7474,0.9032,3990.0,2.2866,34.3,-123.34,2.3252
2.6799,22.0,3.682,0.9719,2559.0,2.7903,38.8,-119.63,1.4322
2.1045,12.0,4.0137,1.2291,1526.0,2.8088,38.18,-118.59,1.1792
4.2782,49.0,5.9333,1.1116,1351.0,1.7501,41.83,-116.22,3.1187
2.5717,32.0,5.2928,1.1227,1260.0,3.9471,36.75,-115.84,1.6801
3.9064,28.0,6.2299,1.2533,174.0,2.8536,33.5,-121.91,3.1567
4.8613,16.0,5.5037,0.9809,100.0,2.8622,38.18,-121.56,3.1402
11.0902,45.0,6.5601,1.0221,967.0,3.2984,35.99,-117.46,4.929
2.8267,2.0,5.8435,1.0036,410.0,1.752,34.19,-115.7,2.6183
6.2104,6.0,6.3946,1.0478,1363.0,3.7359,36.02,-122.62,2.0751
3.5187,10.0,2.8924,1.3009,1288.0,3.8405,34.76,-117.07,2.0793
3.6523,34.0,3.9188,0.8448,269.0,3.1124,34.37,-121.92,2.659
2.853,6.0,4.9628,0.9209,1383.0,3.3698,37.09,-122.49,1.8971
3.3204,41.0,6.6955,0.8951,1442.0,2.7391,40.2,-120.92,3.0166
2.5884,10.0,7.6566,1.3103,1413.0,3.6906,40.91,-116.35,1.503
5.5605,35.0,5.2029,1.0078,694.0,2.3416,34.97,-116.87,3.1386
1.7697,41.0,4.6661,1.051,1620.0,2.9741,36.76,-119.51,1.6857
0.8727,45.0,3.054,0.8578,1696.0,3.0218,40.51,-117.16,0.4964
2.0545,15.0,6.4363,1.0606,1609.0,2.9691,41.89,-120.24,1.1608
1.8971,4.0,4.7398,1.23,930.0,3.8553,40.57,-122.19,1.3563
2.0537,39.0,8.95,1.1379,3148.0,4.7506,37.19,-115.87,1.2278
2.7512,23.0,4.5127,1.0838,2718.0,2.9121,40.77,-123.76,1.8754
2.0593,49.0,7.9263,0.8653,1209.0,3.3763,39.21,-115.29,2.0384
2.7245,10.0,6.298,1.0508,642.0,2.3581,33.58,-116.41,2.4396
2.064,30.0,4.1661,1.122,578.0,3.8255,33.3,-117.06,1.4141
3.9596,7.0,5.6786,0.9512,1722.0,2.586,41.39,-118.61,2.1276
11.0299,25.0,6.3257,1.1982,353.0,5.5161,41.28,-116.2,4.1841
3.4726,1.0,5.1297,1.2328,1811.0,1.6634,36.85,-124.02,1.6677
2.1259,39.0,6.4056,1.0207,305.0,4.718,38.79,-118.39,0.9688
0.5,31.0,6.3791,1.2089,1062.0,3.793,35.4,-121.69,1.0221
8.8873,5.0,6.1156,1.0835,1713.0,2.1022,39.16,-117.91,3.8711
3.6008,26.0,5.3802,1.2721,601.0,4.8556,36.74,-117.55,1.8616
2.7079,22.0,3.9901,1.4051,2222.0,2.2573,35.81,-122.15,2.0371
0.5,35.0,5.3079,0.936,845.0,2.7485,36.69,-122.75,1.6138
2.806,26.0,5.6113,1.2154,1141.0,1.9627,36.83,-118.43,1.9993
3.3018,24.0,3.1487,1.2957,137.0,2.8828,41.46,-114.89,1.4418
2.0695,43.0,5.6031,0.9544,296.0,2.9578,40.91,-117.67,1.8688
1.0267,27.0,5.2838,1.0137,151.0,3.664,34.35,-119.46,1.0096
0.9685,42.0,3.844,1.012,1943.0,4.9507,35.15,-114.95,0.8891
8.9721,46.0,5.0004,1.0801,813.0,2.5896,35.34,-116.11,4.3596
3.2389,44.0,5.0258,1.0465,2377.0,1.0,32.61,-116.97,3.3023
2.0681,49.0,7.7161,1.0703,100.0,3.5188,37.54,-119.93,1.839
3.1113,36.0,5.6641,1.2257,1567.0,2.5598,37.09,-119.39,1.7257
2.9702,29.0,6.6433,0.8156,136.0,4.4548,33.68,-121.65,2.325
0.9265,28.0,5.2586,0.9539,541.0,2.9723,41.91,-116.13,2.0287
5.3355,11.0,3.1513,1.2005,1048.0,2.3927,39.73,-121.45,2.5357
2.6592,43.0,6.2068,1.1829,791.0,2.1896,34.24,-117.26,2.1766
3.2686,36.0,4.6102,0.9412,1413.0,3.4983,39.2,-115.55,1.6374
7.21,45.0,4.9973,1.184,690.0,2.7798,35.74,-118.78,3.3456
1.0536,36.0,4.1364,1.299,957.0,4.1742,38.51,-122.73,0.8623
1.7006,25.0,5.4873,1.0926,455.0,2.8315,36.97,-124.05,1.5613
3.7271,16.0,6.6782,0.9488,1779.0,4.1317,33.82,-117.57,2.438
5.2704,51.0,6.5193,1.2312,1246.0,1.8959,36.87,-122.05,3.014
1.9283,38.0,7.3034,1.3585,1554.0,1.6091,41.64,-123.91,1.8951
2.0106,45.0,7.4736,0.9671,1112.0,3.6634,39.61,-120.87,1.603
4.5224,30.0,2.945,1.1059,2009.0,2.6285,38.45,-118.48,2.0144
10.5168,27.0,3.9677,1.2635,701.0,2.7892,40.51,-118.78,5.0
3.1808,2.0,3.2302,1.1173,1197.0,2.1902,40.37,-122.63,1.7282
1.6965,4.0,6.1583,0.8379,6000.0,2.1316,40.94,-118.26,0.5845
1.3347,37.0,4.5683,1.1665,385.0,3.5085,33.53,-120.19,2.2777
2.7456,12.0,4.813,0.9532,2468.0,2.9849,33.73,-119.52,2.3836
5.1207,5.0,5.1401,0.9094,4660.0,2.1518,40.09,-115.56,2.5739
13.2881,40.0,5.8591,0.8408,1666.0,3.6324,41.96,-123.51,5.0
2.4365,32.0,3.6176,1.2786,100.0,3.9399,37.84,-119.02,1.2915
3.1842,6.0,3.8894,0.9748,404.0,2.9129,41.66,-122.56,1.7209
8.0824,26.0,5.4016,1.15,1426.0,3.8026,38.8,-122.47,4.127
3.6873,24.0,6.8385,1.1868,1124.0,2.1986,33.31,-118.2,2.8942
3.4885,1.0,5.3695,1.1243,3237.0,3.4618,41.3,-117.6,1.5565
7.155,31.0,4.45,1.1445,3309.0,3.1294,40.47,-118.24,3.4955
3.2343,21.0,2.8221,1.1572,1058.0,2.3668,37.59,-115.07,1.6323
1.4246,45.0,6.5432,1.1207,1121.0,4.6424,39.57,-116.35,1.3055
6.2821,6.0,4.5169,0.986,740.0,3.1862,35.84,-122.31,3.3518
0.7932,44.0,4.0231,0.9726,1608.0,2.5273,38.35,-117.94,0.4192
5.6442,1.0,3.3416,1.0843,514.0,3.0157,36.43,-118.1,1.8735
3.0171,39.0,3.6731,1.0811,1025.0,2.3042,37.51,-117.83,1.8469
2.4548,40.0,4.2465,1.1644,549.0,2.0745,38.55,-120.01,2.5245
2.4104,21.0,5.1134,1.2652,1354.0,2.6405,33.01,-114.82,2.3789
2.7383,15.0,3.9495,1.1516,2361.0,2.6946,33.41,-119.66,2.2719
2.2089,8.0,5.6228,0.9784,302.0,2.3567,33.28,-116.41,1.73
4.0395,18.0,5.1043,0.8,971.0,4.0009,38.15,-119.49,2.4273
2.265,35.0,8.0664,0.9847,2885.0,2.3874,36.42,-116.43,1.4217
0.5471,37.0,3.3547,0.8983,3483.0,2.2542,37.25,-120.34,1.1834
3.0322,10.0,5.5938,0.9904,745.0,2.0514,37.25,-124.29,1.6003
0.513,1.0,5.6088,1.1363,573.0,1.9744,32.88,-119.3,0.9226
3.0187,29.0,4.1633,1.1127,100.0,3.822,40.06,-118.82,1.3242
2.1772,30.0,5.5143,1.3787,2542.0,3.2065,39.16,-123.14,2.342
5.3898,51.0,6.3235,1.1725,2430.0,3.5523,39.04,-117.65,3.4387
2.527,39.0,5.5158,1.3864,1241.0,3.8147,32.83,-115.76,2.0896
4.9107,29.0,7.0614,1.2073,5003.0,2.7334,38.69,-115.62,2.8051
4.5649,31.0,2.7868,1.2629,1124.0,4.1778,37.25,-120.53,2.4069
4.6445,33.0,4.3893,1.0462,2597.0,2.4985,39.73,-120.2,2.0719
2.5902,24.0,7.1701,0.9388,782.0,2.1234,33.42,-115.72,1.9339
3.1532,35.0,6.4944,1.0327,939.0,3.2989,39.59,-114.32,2.1412
3.9705,10.0,6.0486,1.0982,1421.0,3.1156,41.64,-123.77,2.4946
3.2182,43.0,6.8799,1.0058,555.0,3.1144,40.58,-123.68,2.3009
2.5308,44.0,3.1001,0.9498,2122.0,3.8123,40.99,-123.76,2.2399
1.5301,23.0,6.3547,1.1625,1275.0,3.085,33.22,-119.68,1.4182
3.056,24.0,6.6772,0.9492,183.0,3.2504,37.53,-116.45,1.3179
0.8757,26.0,4.6096,0.87,2640.0,4.0877,34.84,-123.36,1.3177
0.5,42.0,8.5551,0.9317,513.0,3.2133,37.68,-117.41,0.689
1.2631,9.0,5.6356,1.0648,561.0,3.3954,39.21,-122.59,1.5012
4.6106,18.0,2.7687,0.9514,934.0,1.8658,39.59,-123.97,2.1288
3.5353,32.0,5.8575,1.0658,1641.0,5.9753,41.92,-118.34,1.3904
4.6399,36.0,4.5362,1.1901,1489.0,1.7273,41.6,-118.36,2.9214
1.8192,16.0,6.798,1.1862,3254.0,2.5685,34.85,-121.47,1.7796
5.7327,6.0,6.0575,1.0009,1433.0,2.5443,41.2,-121.08,3.0418
0.9692,26.0,4.6825,0.9044,274.0,4.6864,40.9,-120.76,1.1103
1.3023,33.0,7.2029,1.0137,451.0,2.5195,39.37,-115.01,1.2581
5.671,40.0,6.5273,1.1983,250.0,3.3535,34.95,-115.64,2.4682
3.369,1.0,4.4065,1.2334,245.0,2.5498,34.29,-119.02,2.0054
4.6575,1.0,5.2175,1.1529,846.0,2.1679,36.64,-114.67,2.3269
3.5451,20.0,6.0203,1.2802,2509.0,3.4563,32.87,-118.48,2.5081
2.0166,29.0,4.9629,1.3594,1270.0,2.4248,35.2,-123.28,1.8077
1.1777,1.0,4.9987,1.0275,1688.0,3.1661,33.2,-119.43,0.9385
0.6102,9.0,5.4441,1.323,2096.0,3.5014,37.48,-115.35,0.15
8.4966,22.0,4.121,1.0609,2636.0,4.5254,38.36,-117.67,3.9996
0.7649,15.0,2.7207,1.253,616.0,1.9903,33.56,-114.77,1.4821
7.009,37.0,5.687,1.2063,2391.0,2.8777,40.8,-118.99,3.9154
3.2472,2.0,3.0133,0.8034,2172.0,2.9108,33.42,-115.18,1.634
3.6169,46.0,4.2084,0.9551,817.0,3.0007,36.26,-116.63,2.2478
3.4636,9.0,3.2741,0.9168,581.0,5.055,37.26,-116.07,1.1276
4.2952,23.0,3.4219,0.8327,1014.0,2.8613,38.03,-114.39,2.2355
1.6887,51.0,5.9116,1.2319,3190.0,1.0,35.53,-121.28,3.2068
0.5,34.0,5.1332,1.4103,2605.0,2.8413,39.27,-118.02,1.1108
1.9857,51.0,5.0899,1.0613,811.0,2.9053,35.74,-121.74,1.7475
4.0659,2.0,3.8209,1.2281,2442.0,2.8072,34.9,-115.76,1.7986
1.3127,37.0,4.613,1.3227,1890.0,2.4251,36.81,-118.44,1.0971
5.8199,4.0,5.8517,1.1312,1651.0,1.943,33.58,-122.54,3.7613
2.7732,32.0,5.3375,1.0962,3016.0,4.7276,41.68,-120.09,1.313
1.2148,17.0,6.3872,1.0631,1474.0,3.2546,37.73,-122.48,1.3671
3.3472,40.0,6.5581,1.1806,1210.0,2.8462,33.87,-119.72,1.8489
4.0221,7.0,5.0973,1.2312,145.0,4.7021,40.06,-123.52,1.4845
4.2099,46.0,3.1773,1.1693,2084.0,2.3051,39.34,-114.65,3.2385
0.5,25.0,4.492,1.1641,538.0,3.4819,36.59,-118.33,0.4513
5.6749,27.0,5.2828,1.0923,463.0,2.0008,41.85,-114.39,3.5122
0.9041,30.0,4.4682,0.8611,1242.0,3.6006,37.26,-122.56,0.9054
5.6798,2.0,4.1345,1.2347,453.0,2.0924,34.52,-120.46,2.3428
6.0054,16.0,5.4837,0.9073,1566.0,3.3764,40.02,-114.99,2.4498
1.1799,37.0,8.3164,1.1929,1372.0,4.5626,41.32,-117.38,1.8623
1.3829,50.0,4.8142,1.2134,1282.0,3.0748,34.99,-123.6,1.2221
4.8069,51.0,5.3966,0.9289,1015.0,1.2459,32.56,-115.47,4.1737
2.2753,28.0,3.8256,1.0088,2037.0,3.0286,38.29,-122.41,1.9347
6.556,14.0,6.8921,1.4182,1570.0,3.3844,39.46,-121.68,3.4936
7.6857,25.0,6.4497,1.0881,1550.0,3.7208,34.98,-116.98,3.3368
1.2137,24.0,6.3669,0.917,587.0,4.1789,41.65,-117.19,0.4828
1.6631,21.0,7.0318,1.2201,1090.0,4.2197,34.09,-117.69,1.6556
3.233,19.0,4.8872,0.9841,579.0,2.8952,40.11,-124.25,2.6111
0.5,45.0,5.0371,0.8119,1077.0,2.4724,40.82,-121.81,1.4486
0.6285,20.0,7.4519,1.178,659.0,2.1052,34.12,-120.85,1.9961
1.5191,2.0,6.1593,0.9625,1056.0,2.568,37.26,-120.3,1.1511
9.3075,37.0,2.7369,1.1482,1090.0,3.3812,32.77,-123.56,5.0
3.5676,34.0,5.9458,0.9781,1056.0,1.9211,38.6,-117.55,2.3206
1.8754,20.0,4.702,1.2061,2069.0,2.2585,37.69,-115.39,1.9946
1.374,33.0,6.4778,1.1275,1725.0,3.4498,39.89,-114.4,0.7473
1.1686,48.0,5.8898,0.8,354.0,2.4828,37.26,-116.32,1.2964
1.9788,48.0,3.3113,1.1573,970.0,3.296,35.86,-122.27,2.254
1.8956,41.0,5.7226,1.0565,1280.0,2.3486,33.8,-119.19,2.1
2.5723,30.0,5.6528,1.3125,636.0,3.2302,32.99,-115.14,2.2501
4.1468,2.0,5.8362,1.1593,1374.0,2.3825,37.52,-123.63,2.0828
2.8544,27.0,6.0906,1.2134,702.0,1.4784,41.23,-122.02,2.181
4.9887,42.0,7.1952,0.9934,1145.0,3.7648,39.78,-121.65,2.7721
2.4442,44.0,5.8967,0.9815,526.0,2.4433,36.23,-118.2,1.7761
8.0448,40.0,5.4275,1.0962,1052.0,2.8011,41.85,-114.78,3.9813
4.9125,51.0,6.7776,1.0459,1756.0,2.4471,34.25,-119.47,3.2586
3.5035,27.0,8.0913,1.3007,1930.0,3.4356,41.98,-118.66,2.1633
4.1559,6.0,6.4981,1.077,1162.0,3.2665,34.69,-117.9,1.5847
2.0188,26.0,5.6474,0.9163,4116.0,3.4337,34.1,-115.78,1.0056
2.543,17.0,5.919,0.9759,1474.0,2.5604,40.65,-121.44,1.7063
2.4743,43.0,5.7073,1.2448,1970.0,2.9602,36.95,-118.04,2.4787
1.7111,40.0,5.4222,1.0749,2707.0,3.3336,40.97,-115.05,1.4855
1.005,22.0,7.9982,1.0669,645.0,4.2362,39.61,-114.91,0.4145
4.3016,20.0,4.5011,1.259,1744.0,3.2452,33.99,-120.47,3.2057
5.4887,9.0,6.7859,0.9628,1362.0,2.1973,33.66,-123.18,3.5724
3.915,3.0,5.249,0.8,1789.0,3.2143,36.74,-115.06,1.9388
2.8486,16.0,3.6235,0.9721,2276.0,2.868,37.83,-115.09,1.8389
10.2663,13.0,5.174,1.1363,556.0,1.401,36.52,-123.33,5.0
1.8576,14.0,4.7439,1.0626,4004.0,1.5239,34.51,-123.49,1.7567
3.5825,51.0,6.0931,0.8659,1202.0,2.9468,34.57,-122.45,3.2168
5.9849,35.0,5.5096,1.2524,898.0,3.0142,37.34,-117.83,3.2806
1.2716,29.0,4.1736,1.1245,100.0,2.7642,32.64,-121.27,2.0191
4.514,10.0,7.1652,1.1584,2587.0,3.7073,36.67,-121.9,2.5179
8.3673,43.0,6.7082,1.1629,2170.0,2.2519,32.82,-116.3,4.6286
3.0124,33.0,7.3033,0.9052,996.0,1.891,40.79,-121.86,1.9877
3.3736,27.0,5.6844,1.1454,194.0,2.3394,38.39,-114.7,2.2383
1.8659,24.0,5.3571,1.2361,1240.0,2.5122,34.02,-119.92,2.2488
4.1253,29.0,6.2443,1.271,316.0,2.9535,39.8,-120.07,2.8122
1.6792,43.0,4.707,1.2082,2410.0,2.3619,37.18,-114.86,1.6592
2.8918,37.0,5.5561,1.177,972.0,1.2866,37.35,-123.1,2.1662
0.8989,25.0,5.1892,0.8394,515.0,1.0,34.93,-123.15,1.3227
0.5,35.0,3.6468,1.0978,1401.0,3.0985,36.24,-119.96,0.2895
2.1509,48.0,5.5529,0.9565,1552.0,2.0968,40.84,-118.43,1.6886
2.1258,17.0,4.8708,1.2923,1686.0,1.3957,33.9,-119.22,2.329
2.2867,46.0,5.1089,1.2696,544.0,3.5,38.43,-114.75,1.3455
4.8192,31.0,5.8365,0.9574,2263.0,4.2361,34.56,-114.37,2.3513
5.5853,10.0,6.927,1.0931,990.0,2.9244,36.73,-123.89,3.3116
3.6818,50.0,4.3815,1.1373,136.0,3.2148,37.56,-122.65,3.0746
4.6069,35.0,4.9961,1.2351,1081.0,3.2215,33.66,-118.76,2.3951
1.7164,20.0,4.4819,0.8487,1071.0,1.1495,33.25,-114.8,1.7113
1.411,11.0,4.4038,0.8,1056.0,3.7109,37.1,-121.5,0.8977
4.1795,47.0,4.6865,1.1057,1421.0,3.9919,36.39,-120.63,2.4075
1.2578,42.0,5.1643,0.8,3447.0,4.4694,41.25,-121.99,1.2311
1.1448,3.0,6.103,1.1238,1106.0,2.6499,39.13,-114.63,0.15
13.554,33.0,5.7845,1.1888,1211.0,2.0919,41.02,-122.76,5.0
3.1455,6.0,4.1318,1.2854,747.0,4.0868,41.32,-118.65,1.375
2.1268,16.0,6.953,1.0066,1104.0,3.3991,32.68,-124.07,1.7494
1.9531,29.0,6.5333,1.1242,1712.0,3.6997,40.86,-118.28,1.0754
0.9218,13.0,4.3186,1.1977,1741.0,2.4823,41.61,-120.38,1.164
3.6311,27.0,6.8689,0.9236,2848.0,3.2172,36.8,-118.64,2.0458
2.44,22.0,5.7923,1.2373,179.0,2.1573,38.54,-123.5,1.409
5.4868,30.0,5.2123,1.1412,2097.0,2.9958,35.79,-123.39,3.4644
4.2637,41.0,5.8297,1.0092,1886.0,2.7217,33.44,-123.38,3.6446
2.3815,8.0,5.3691,1.1212,275.0,4.8748,34.99,-115.95,0.7125
0.5106,41.0,6.0541,1.0791,2807.0,3.4389,33.27,-117.06,1.899
3.1513,12.0,5.6248,1.217,338.0,1.2784,37.12,-123.02,2.4478
2.9628,2.0,4.9951,1.0459,1746.0,2.9988,38.71,-121.14,1.9274
0.5,23.0,2.969,1.1341,141.0,3.2945,32.55,-119.94,1.2903
3.9524,16.0,6.0326,1.0069,511.0,2.6208,34.67,-123.31,2.118
1.2229,10.0,4.9516,0.9593,1783.0,2.1178,33.2,-115.9,1.2913
5.6657,22.0,6.3335,1.1257,1836.0,3.5284,41.67,-120.67,3.3572
2.8412,45.0,5.978,0.9655,1024.0,2.2309,40.13,-117.6,1.739
1.9125,30.0,4.9828,1.2201,2987.0,3.4604,32.79,-117.88,1.6205
3.4534,38.0,6.6276,1.1888,1754.0,2.1633,40.23,-115.16,2.4249
3.3133,8.0,5.6458,0.9852,2303.0,2.5729,40.36,-116.88,1.823
3.2325,4.0,5.5964,1.1321,1060.0,3.7649,40.15,-123.96,1.8602
5.205,18.0,5.2343,0.9845,445.0,3.3913,40.84,-122.75,2.92
3.5936,40.0,7.4203,0.8594,440.0,3.0251,36.95,-119.85,2.1227
1.7873,46.0,4.5441,1.0104,885.0,2.9761,34.77,-123.37,2.1456
2.4927,6.0,5.0128,1.0925,532.0,3.0724,40.77,-120.38,2.3899
6.9329,25.0,3.9152,1.1782,500.0,2.3668,40.43,-114.53,3.5375
1.6679,21.0,6.2721,1.1224,226.0,1.7866,35.11,-122.25,2.1587
3.9112,38.0,4.7014,1.2362,932.0,3.4553,38.02,-117.25,2.0216
5.3253,11.0,4.836,0.9528,220.0,4.2241,37.79,-121.7,2.4932
4.1577,25.0,4.7797,1.0435,917.0,3.4834,37.13,-123.96,2.2435
3.1644,44.0,5.4753,1.3467,161.0,3.2033,38.28,-123.32,2.0646
3.4985,24.0,3.8991,0.8103,848.0,2.0332,33.3,-123.26,2.8277
4.3272,40.0,2.7081,1.0322,1711.0,3.7017,36.82,-121.31,3.0065
1.6528,32.0,5.9492,0.9393,515.0,3.3851,35.16,-114.69,1.5404
2.976,31.0,2.8637,1.0707,1435.0,3.6081,32.52,-118.09,1.9596
10.2309,14.0,6.425,1.0348,1366.0,3.8271,37.43,-123.07,4.8061
3.9894,51.0,7.2702,1.1903,652.0,4.2688,35.96,-123.6,2.6919
3.2398,13.0,5.2029,1.1383,208.0,2.1082,36.6,-114.59,1.8865
2.3191,48.0,6.9594,0.9042,2105.0,1.9688,33.56,-122.59,2.9992
1.667,51.0,5.3709,1.0118,648.0,3.1185,37.3,-121.6,1.7121
3.5758,27.0,7.3191,1.1,3256.0,2.262,35.07,-115.88,2.0628
3.7396,45.0,4.8525,1.2109,2032.0,2.1234,32.51,-118.75,3.3633
2.8418,37.0,2.5621,1.4649,1794.0,3.9761,39.91,-122.03,1.8949
12.714,38.0,5.3041,1.2054,332.0,2.1927,38.46,-117.66,5.0
1.7791,4.0,7.4496,0.9481,1802.0,2.9911,37.52,-120.58,1.3656
1.4759,7.0,6.042,1.0859,2488.0,1.6949,38.41,-118.48,1.0978
2.3427,4.0,4.7816,1.1271,1218.0,3.0504,35.57,-123.33,1.0307
2.9043,2.0,5.7947,1.0221,1452.0,3.9463,33.67,-115.5,1.6125
1.6016,43.0,6.5653,1.1705,1719.0,3.9705,35.89,-118.35,1.3714
3.5194,9.0,5.2973,0.8,2683.0,3.836,39.99,-124.26,2.7183
3.7715,1.0,8.5517,1.183,1551.0,2.9373,38.28,-118.71,1.6414
4.6546,48.0,4.7791,1.0285,1679.0,3.8892,40.02,-120.68,3.2108
2.0805,15.0,6.603,1.0835,1399.0,3.3441,41.07,-115.24,1.247
6.5824,42.0,6.3143,1.3199,3321.0,2.6488,34.87,-122.91,4.3036
4.4587,49.0,4.5602,0.9108,1244.0,3.3054,41.19,-120.96,2.7394
1.752,27.0,4.8907,1.1409,1671.0,3.7085,38.79,-116.65,1.4875
1.5961,48.0,6.6217,1.2191,2795.0,1.9378,37.83,-122.05,2.4789
2.4568,50.0,5.5737,1.1256,804.0,2.1517,37.28,-121.17,2.8262
3.7775,8.0,5.8057,0.8579,3734.0,2.8851,36.95,-116.59,2.3655
4.1365,8.0,3.4368,1.3026,738.0,2.0226,33.2,-117.18,2.6655
4.4534,19.0,6.1872,1.0683,522.0,2.0112,33.02,-120.7,3.5252
9.8403,29.0,5.7448,1.0209,1707.0,2.6635,35.64,-119.63,4.5494
0.6746,41.0,5.3233,1.0534,707.0,3.7936,34.43,-118.78,0.5347
2.7892,10.0,5.8331,1.0427,3219.0,3.7785,33.32,-115.42,1.9309
9.3509,10.0,4.9089,0.9215,4530.0,3.2569,32.73,-117.68,4.6007
4.7892,16.0,4.6897,1.1247,539.0,3.1442,41.79,-118.38,2.6627
1.4051,14.0,5.1097,1.0104,494.0,4.67,34.51,-116.19,0.9615
3.404,48.0,4.843,1.2006,473.0,2.5685,41.85,-121.26,2.2455
2.6767,21.0,8.0166,1.1776,135.0,3.1929,37.67,-119.86,2.3763
2.6112,45.0,6.4942,1.3439,690.0,2.5288,34.32,-117.43,2.5231
2.0518,3.0,4.2378,1.0683,2414.0,1.9701,33.88,-120.26,1.6375
3.2243,6.0,7.8436,0.9795,1770.0,3.9479,34.41,-119.51,1.5905
5.8504,41.0,4.8806,0.8795,990.0,2.7558,35.96,-122.7,2.7712
2.1871,13.0,5.4353,1.429,1625.0,3.5559,34.45,-118.2,1.9172
4.4743,5.0,6.4769,1.1993,358.0,2.8031,40.37,-117.9,1.9639
4.9711,31.0,3.036,0.9961,1239.0,3.9973,35.99,-115.74,2.1268
6.5497,8.0,5.1156,1.354,1416.0,2.2022,37.51,-123.45,3.2935
1.5753,4.0,4.712,1.3034,1352.0,3.9311,37.26,-115.3,0.609
3.0566,21.0,5.6461,0.8973,671.0,3.7154,38.77,-123.44,2.1929
1.8824,29.0,5.8441,0.987,649.0,1.5643,41.98,-116.85,0.9453
3.2284,27.0,5.3073,1.0802,1889.0,2.5865,36.71,-118.41,1.5236
3.214,30.0,5.2516,0.9395,1805.0,3.8167,35.57,-120.24,2.3052
1.2847,2.0,6.6782,1.0855,145.0,4.3099,41.75,-115.07,0.3427
3.3551,15.0,5.7618,1.2068,142.0,3.5724,41.98,-119.73,1.8723
10.1355,18.0,5.4497,0.894,4301.0,2.6828,39.92,-124.05,4.9054
4.1468,15.0,5.5774,1.144,1450.0,2.2253,40.08,-119.09,2.7506
1.0791,29.0,7.6031,1.2753,1355.0,3.4533,36.37,-118.98,1.0083
1.5005,12.0,5.6072,1.16,559.0,2.6592,37.62,-116.86,1.4167
2.9535,33.0,4.7827,1.0887,895.0,2.6932,35.84,-120.72,2.4094
1.5277,48.0,3.1092,0.9998,719.0,2.8207,38.38,-123.56,1.9591
6.3375,34.0,3.6793,1.2246,2427.0,3.7054,40.34,-120.81,3.2242
0.9724,20.0,4.8396,0.9235,2350.0,4.4452,36.05,-118.27,0.987
4.1651,23.0,5.2699,1.1364,1468.0,3.8215,37.58,-118.85,2.133
0.8016,30.0,4.7333,1.1038,1305.0,3.0076,39.86,-115.83,0.5063
2.922,37.0,5.8214,1.2688,1660.0,2.2806,34.48,-121.6,2.1071
1.3594,16.0,4.7178,1.0126,1291.0,3.5341,38.3,-118.61,0.8762
4.6482,2.0,4.3026,1.0253,1890.0,4.3324,39.87,-114.54,2.4402
5.7014,36.0,6.1352,0.9137,2973.0,3.8028,33.0,-121.16,3.4613
3.7702,34.0,7.0433,1.1656,1108.0,3.1662,34.91,-119.94,1.8281
5.8623,6.0,4.0714,1.0364,567.0,2.6088,32.74,-114.36,3.1136
0.5,32.0,5.6925,0.9707,1315.0,3.2761,32.56,-122.86,2.0019
3.3271,4.0,3.114,0.985,747.0,3.9237,37.04,-118.56,0.7763
4.1279,33.0,3.6306,1.1806,439.0,3.1858,39.16,-120.6,2.3969
4.4679,38.0,4.6935,0.9346,2695.0,2.9173,36.14,-123.84,2.5368
0.5976,1.0,6.7619,0.9479,1261.0,2.4502,38.4,-116.69,0.7274
3.9748,38.0,4.4656,1.2345,889.0,5.0715,34.32,-122.31,2.804
4.5291,7.0,4.4207,1.0751,1408.0,2.2873,40.45,-115.38,2.1102
3.3024,14.0,5.4433,1.2433,795.0,2.2133,35.94,-120.12,2.1688
1.0883,36.0,5.4445,1.0461,2751.0,3.1313,39.22,-122.85,1.703
2.0407,19.0,4.4578,1.0998,4270.0,2.8385,33.73,-121.84,2.541
6.3573,50.0,7.7835,1.1234,832.0,3.8186,40.27,-115.97,3.7116
5.9276,49.0,5.0816,1.3081,1067.0,3.8457,37.42,-120.56,3.7038
4.0798,51.0,5.5363,1.2959,1548.0,2.0286,41.72,-121.74,3.5163
4.7097,6.0,4.9179,1.273,395.0,2.3955,36.35,-121.81,2.363
5.5066,9.0,5.928,1.0057,170.0,2.2997,40.79,-118.47,2.8301
4.05,10.0,6.8819,0.952,2544.0,3.6276,36.41,-121.73,3.1365
6.2481,30.0,7.3964,1.2141,873.0,3.3427,33.52,-114.95,2.9879
6.123,22.0,4.4853,1.3065,812.0,2.7028,39.03,-123.81,3.233
12.0227,39.0,6.721,1.2744,1625.0,3.1731,34.24,-122.74,5.0
2.1033,15.0,6.0596,1.102,565.0,2.099,40.1,-120.01,1.8708
2.1311,11.0,6.5694,1.2092,798.0,2.406,35.68,-122.22,2.2008
0.5,34.0,5.2897,1.2118,402.0,1.96,39.69,-116.51,1.1179
3.8599,32.0,5.1756,1.1223,209.0,3.1164,37.07,-115.13,2.0652
9.025,36.0,6.5229,1.1289,788.0,3.1134,37.6,-118.3,4.577
6.5474,16.0,6.5456,1.1147,560.0,2.2125,39.48,-115.76,3.1396
5.0749,27.0,7.2789,0.9818,498.0,3.337,38.82,-116.29,2.6685
6.8187,48.0,5.6383,0.9971,1206.0,3.8457,38.81,-122.71,4.0923
4.1749,32.0,5.2717,0.9948,2037.0,2.1756,38.76,-123.52,3.43
2.4772,48.0,2.4482,0.8601,2063.0,2.7389,38.06,-118.01,1.9118
10.3606,23.0,3.4665,1.1214,2005.0,3.4109,40.17,-114.47,4.7613
3.9825,3.0,4.9269,1.0939,636.0,2.9949,35.35,-115.98,2.5703
6.0421,39.0,4.0787,1.2143,1117.0,1.9024,34.22,-118.14,3.1173
0.5,24.0,6.377,1.2891,760.0,2.6474,39.48,-123.19,1.0962
0.5,3.0,3.828,1.2986,642.0,2.6208,37.63,-116.5,0.17
3.3962,8.0,4.7984,1.3128,677.0,2.8637,41.06,-117.47,1.6054
1.5282,16.0,4.8456,0.9864,461.0,2.8977,41.67,-114.96,1.2075
3.603,10.0,6.8457,0.8852,1420.0,4.2528,40.74,-117.21,1.9755
2.129,35.0,4.6701,1.2396,2453.0,2.8332,37.7,-123.26,1.7004
13.057,32.0,5.9429,1.3073,746.0,1.6255,39.66,-118.21,5.0
5.7508,17.0,5.6348,1.3334,681.0,3.0729,35.68,-120.26,2.8569
7.2176,5.0,6.4839,1.1727,164.0,4.3982,32.64,-120.09,3.5132
0.5,5.0,6.4203,0.8005,1792.0,2.8663,39.91,-117.97,0.4933
5.0324,49.0,5.3599,1.1548,124.0,2.6495,39.92,-115.3,2.8349
2.6842,18.0,3.3644,1.1833,1249.0,2.7559,32.58,-116.7,2.519
7.3008,6.0,5.1219,1.2878,590.0,3.4673,40.7,-124.08,4.3657
4.5838,37.0,5.3761,1.3144,955.0,2.7525,40.87,-122.83,2.7509
2.9572,45.0,5.7432,1.2364,1302.0,1.7875,35.55,-120.67,1.8947
1.1878,7.0,4.5149,1.0119,1244.0,2.4626,32.66,-117.45,0.8253
3.3532,49.0,6.7691,0.9456,2253.0,2.9482,40.82,-117.96,1.897
6.27,37.0,5.4163,1.1801,132.0,3.4285,33.17,-119.26,3.744
7.5553,13.0,4.2954,0.9811,2070.0,2.5338,34.71,-120.0,3.4436
2.3638,40.0,4.8501,1.3213,1343.0,2.763,37.65,-116.4,1.2149
11.8143,22.0,7.7143,0.8443,2415.0,3.0359,40.26,-123.34,5.0
5.9743,33.0,6.1973,1.185,1185.0,2.3781,39.93,-118.35,3.4044
1.553,7.0,6.6581,1.1479,306.0,2.9266,38.97,-116.22,1.5461
1.2835,13.0,4.1501,1.069,1060.0,3.3738,40.37,-121.58,0.5416
2.8029,40.0,4.5734,0.9612,1755.0,2.0508,39.01,-122.28,2.7865
2.3595,42.0,4.5823,0.8,1978.0,3.2452,38.56,-117.57,1.5477
4.1961,1.0,5.6213,1.0203,1088.0,2.1278,34.09,-122.54,2.8305
3.122,11.0,5.1912,1.0229,989.0,2.1438,36.68,-119.42,1.734
2.5035,31.0,4.8126,1.2668,1327.0,2.4698,36.79,-115.07,1.4044
0.8441,47.0,4.9631,0.9826,2205.0,4.0923,32.68,-123.69,1.7539
4.6726,35.0,4.4472,1.1679,803.0,1.6279,36.35,-115.21,3.0585
0.7792,37.0,5.1842,0.9062,1555.0,2.6288,34.66,-122.4,0.6936
5.9863,20.0,6.7359,1.172,3520.0,2.9788,33.35,-119.48,3.9662
0.5212,3.0,3.5842,0.8,5068.0,3.9337,37.69,-122.98,0.7739
0.7374,40.0,5.8158,1.4143,2196.0,4.5584,34.75,-117.2,0.6837
1.5474,41.0,7.0561,1.0788,965.0,2.6624,34.31,-114.32,2.2111
2.2108,23.0,5.1802,0.8,395.0,3.4315,39.97,-121.28,1.8207
1.89,26.0,4.7653,0.9923,1497.0,2.9244,40.2,-115.05,1.0945
2.2038,12.0,6.5091,0.9687,3014.0,2.9192,38.78,-117.0,0.9914
3.6504,24.0,4.2189,1.0016,1090.0,3.2186,34.3,-114.65,2.9476
1.5759,13.0,5.3728,1.0453,2372.0,1.7316,38.51,-117.58,0.6479
3.6728,22.0,4.1522,1.0006,2245.0,2.9617,39.28,-117.48,1.8764
0.5,7.0,3.1559,0.9775,1182.0,3.3606,34.72,-114.86,0.15
1.5296,31.0,5.2176,0.9262,2109.0,2.3122,33.76,-117.03,1.9427
0.7035,13.0,3.8839,1.2233,437.0,3.3659,36.62,-115.83,0.4903
5.9438,37.0,5.386,1.2802,1005.0,1.6172,36.53,-121.45,3.2682
1.7425,27.0,6.738,1.0618,1622.0,3.0749,33.96,-122.61,1.8253
4.4887,46.0,7.6251,1.0974,1160.0,4.0737,34.32,-117.9,2.9942
0.5873,12.0,5.5122,0.9311,479.0,2.8251,37.25,-121.77,1.0769
7.4794,14.0,6.6231,1.1107,2111.0,2.2175,37.51,-120.0,3.3312
3.2461,13.0,5.8788,1.1345,1608.0,1.8599,37.61,-115.74,1.6111
2.9988,33.0,4.9403,1.0671,1337.0,3.3124,41.83,-117.99,1.8136
0.8535,6.0,3.0903,1.1594,2715.0,3.7424,32.88,-114.86,1.3544
1.3816,36.0,7.3518,1.1463,2141.0,2.9551,39.97,-120.75,1.9098
2.5603,42.0,4.1411,0.9419,100.0,2.629,35.84,-121.49,2.0086
1.425,35.0,7.0593,1.279,1354.0,1.4553,39.65,-122.16,2.1911
5.5822,7.0,6.0442,1.0689,1323.0,3.0992,39.49,-114.54,2.4742
3.1801,26.0,4.2288,1.3513,898.0,2.4486,38.39,-120.0,1.1721
1.4393,28.0,5.7744,1.1631,133.0,2.4946,38.5,-115.1,1.6861
5.0545,20.0,7.9595,1.3956,614.0,4.2931,38.8,-120.85,2.9383
2.3224,24.0,7.2428,1.2763,100.0,1.5587,39.6,-121.42,2.1403
4.9099,39.0,4.7847,1.1341,4326.0,1.6658,33.75,-116.59,3.3789
2.0589,43.0,4.5456,0.9915,1164.0,3.1851,35.93,-118.12,1.5998
4.2907,16.0,5.5202,0.9948,1685.0,2.6918,40.5,-119.05,2.2033
2.2635,17.0,5.2014,1.18,472.0,2.585,37.7,-119.9,1.2698
5.5834,11.0,6.8397,1.1215,152.0,3.2181,33.8,-119.64,2.9025
0.6004,21.0,6.2875,1.0116,847.0,3.2047,41.64,-115.96,0.6761
1.1078,28.0,3.3693,1.225,753.0,2.2211,41.88,-122.77,1.1271
2.7257,37.0,5.9504,1.1058,1406.0,2.5266,37.37,-123.79,1.829
1.8034,14.0,5.1851,1.2259,878.0,3.0396,37.57,-124.24,1.5676
2.2131,12.0,5.4445,0.9537,4950.0,3.1337,35.27,-119.35,1.5553
4.6121,2.0,5.6987,1.2499,2444.0,3.3866,37.4,-116.12,1.7884
2.179,5.0,6.8385,1.1751,3185.0,2.5335,41.7,-117.59,1.0141
3.7601,3.0,6.5734,1.2796,1170.0,3.2776,34.92,-114.4,1.1615
1.5211,11.0,4.5003,1.2466,1387.0,3.7603,35.39,-118.2,0.3361
0.5,36.0,5.3297,1.0873,2992.0,3.0375,41.03,-119.21,0.3455
4.8906,40.0,4.8618,1.0752,824.0,2.9177,36.15,-118.48,3.0346
8.5278,50.0,3.3818,1.3675,1623.0,2.8116,41.74,-115.48,3.7198
3.5038,28.0,5.2688,1.0564,878.0,2.5061,35.82,-124.15,2.5978
2.8313,24.0,7.6137,1.2123,1689.0,2.2496,32.54,-119.63,2.1992
3.2594,46.0,3.3455,1.0428,347.0,2.7615,41.56,-120.19,2.6855
6.8504,8.0,5.3711,0.8207,723.0,3.3606,34.75,-114.77,3.4847
3.532,33.0,5.3326,0.9159,1409.0,2.2887,39.09,-122.43,2.5323
5.0428,42.0,5.7453,1.1609,1534.0,2.9397,32.95,-124.04,4.0927
4.9014,26.0,4.2447,1.2052,1972.0,2.8469,39.61,-117.98,3.0709
5.8817,14.0,3.6899,1.1614,416.0,4.4222,34.59,-118.05,3.02
2.7886,32.0,3.7457,1.2719,1368.0,3.5782,40.1,-121.11,1.7581
2.0383,51.0,6.9971,1.1587,254.0,3.5653,41.68,-118.9,0.8839
4.3218,13.0,4.2208,0.9837,919.0,3.736,32.93,-118.33,2.4515
5.6229,29.0,4.8005,1.1891,1199.0,2.5634,36.0,-120.77,3.3835
6.2984,3.0,7.9256,1.1254,1066.0,4.1014,39.3,-120.09,2.4409
7.3739,12.0,4.5189,1.0137,3460.0,3.1273,41.97,-122.88,3.7837
5.3074,40.0,5.8109,1.1709,1208.0,2.9643,35.95,-116.59,1.9802
1.955,26.0,6.6766,1.1119,1780.0,2.0282,41.95,-120.41,2.4034
3.501,11.0,6.6189,1.0092,1412.0,2.6787,41.04,-117.84,2.0001
3.2955,18.0,3.8021,1.0733,1149.0,1.5872,39.33,-120.03,2.0518
3.056,7.0,4.544,1.312,1689.0,2.8015,36.13,-122.68,1.9825
4.3274,40.0,5.7628,1.3071,1320.0,2.539,37.6,-117.29,2.6195
2.611,49.0,7.7148,1.1282,1237.0,2.6813,39.34,-120.13,2.5058
2.6137,6.0,4.4862,1.1086,987.0,1.8912,39.01,-122.45,1.9001
8.8458,13.0,4.8077,0.885,823.0,3.5629,35.24,-114.97,4.2637
2.8913,44.0,5.9035,1.3579,732.0,3.474,37.79,-115.37,1.3956
5.8551,45.0,6.1436,1.2555,1238.0,4.3518,40.43,-117.03,2.924
6.0682,40.0,6.2163,1.2128,1173.0,4.3292,37.01,-118.54,3.6289
3.566,37.0,4.3844,0.8,2932.0,3.125,37.88,-118.05,1.9376
2.6869,44.0,4.7615,1.1061,310.0,3.8187,35.61,-120.7,2.1634
1.5706,20.0,5.6586,1.0809,3640.0,3.209,34.02,-121.67,1.5831
0.7683,46.0,6.9148,1.2024,427.0,2.6581,33.13,-118.38,2.3692
4.529,46.0,5.1138,1.0323,1139.0,2.7775,36.36,-116.9,2.7397
3.9535,12.0,5.3732,1.0652,1546.0,3.5111,38.5,-119.35,1.4447
4.9627,4.0,4.1689,1.1929,519.0,6.2703,39.72,-115.34,2.1568
2.1362,27.0,7.6359,0.984,417.0,3.9335,33.3,-120.42,1.8083
9.3934,39.0,5.5851,1.0139,1043.0,3.1971,35.53,-120.54,5.0
4.1842,44.0,6.6933,1.129,1812.0,3.387,40.18,-120.04,3.1717
2.8157,8.0,5.4359,1.3008,2161.0,3.3799,33.57,-117.26,2.5897
0.5,20.0,5.5023,1.2213,361.0,2.9278,41.94,-124.03,1.0992
2.3156,40.0,3.5996,1.2613,1009.0,3.6052,38.51,-120.76,1.9009
5.1133,4.0,2.8191,1.1095,211.0,2.8756,41.43,-116.87,1.6112
7.2569,37.0,6.9023,1.3243,531.0,2.1908,39.44,-118.75,3.6415
3.1292,15.0,5.4937,0.8388,2581.0,3.3853,41.66,-121.2,1.7464
7.9889,2.0,5.6477,1.4033,1483.0,3.4923,38.82,-117.73,3.4052
1.4774,13.0,3.9011,1.4228,572.0,2.8834,35.05,-115.29,0.74
4.0322,38.0,4.3163,1.1685,2418.0,3.2479,40.1,-119.25,2.5238
4.107,45.0,6.6748,1.2248,647.0,3.7687,34.65,-116.91,2.1373
4.5524,5.0,7.4882,1.0943,1120.0,2.9586,37.87,-122.32,2.7444
3.4261,24.0,4.6545,1.0686,165.0,2.6424,36.04,-119.57,1.8833
3.8888,11.0,6.2058,1.0084,574.0,2.4325,40.09,-121.39,2.2066
1.4492,35.0,5.628,1.0926,1385.0,2.797,39.72,-114.37,0.9719
6.8313,40.0,5.2554,1.1834,1337.0,4.2279,40.71,-122.11,3.8016
5.4974,50.0,7.6224,1.163,822.0,2.8413,34.85,-114.83,3.6149
3.7889,19.0,4.8562,1.398,1036.0,3.2876,41.98,-120.21,2.0675
5.5785,16.0,6.8889,1.115,1908.0,2.7404,40.15,-119.32,2.7783
6.9661,16.0,5.8577,0.8767,974.0,2.6718,36.17,-119.06,3.5035
4.51,39.0,5.3797,1.3466,1548.0,2.2966,33.71,-121.88,3.5184
10.0107,23.0,7.0464,0.9169,715.0,3.0802,35.82,-121.91,4.4433
4.7526,2.0,5.7482,1.0161,1108.0,2.5863,33.51,-120.54,3.3148
1.6342,49.0,5.2843,1.1408,151.0,4.0189,38.35,-116.85,0.75
3.6638,6.0,7.0553,1.1626,760.0,2.914,33.57,-117.29,1.7924
5.7155,48.0,6.8991,0.8832,1206.0,2.9644,36.59,-114.32,2.7132
6.9702,9.0,6.8424,0.988,1060.0,2.8559,38.84,-123.42,3.5873
3.475,28.0,2.0,0.8779,714.0,3.2969,36.8,-116.71,1.5037
1.5343,16.0,5.9282,1.1933,475.0,4.1927,40.88,-122.35,0.7236
2.6462,36.0,5.6545,1.2775,1237.0,2.1682,34.79,-119.19,1.9642
1.0343,21.0,5.3582,0.9167,1032.0,3.2222,37.48,-122.34,1.2008
5.0671,19.0,6.1317,1.2493,1439.0,1.745,41.18,-114.94,2.9823
2.2947,25.0,5.7127,1.2396,629.0,3.9786,35.86,-119.23,1.0259
1.8382,50.0,6.2134,1.0011,1706.0,2.9135,36.99,-119.6,1.5371
5.3829,13.0,5.0784,0.8026,409.0,1.8041,41.36,-121.23,3.4279
7.891,12.0,7.1978,0.9393,278.0,1.9794,37.24,-119.81,3.3456
1.8322,4.0,6.3347,1.0107,2596.0,3.6511,40.71,-123.19,1.065
3.4903,38.0,6.051,1.3313,433.0,1.6683,41.43,-117.46,2.6402
2.7247,35.0,5.9924,1.0823,1245.0,3.2226,34.93,-118.59,1.7077
7.1691,32.0,6.7887,0.949,891.0,2.6572,39.97,-123.3,3.9795
2.9467,2.0,6.626,1.1222,2639.0,2.8442,38.71,-123.28,1.854
1.4211,41.0,5.2647,0.9057,1753.0,2.4609,41.87,-121.37,2.1531
3.0443,42.0,6.5884,1.1772,287.0,2.2377,38.06,-119.57,2.0703
6.2639,49.0,5.6089,0.9534,3170.0,2.6101,40.03,-122.07,3.8554
2.6134,48.0,7.7003,0.9751,2192.0,3.4576,35.78,-122.99,2.2032
1.9802,14.0,6.7173,1.1563,807.0,2.7659,38.26,-123.34,1.0535
2.8558,37.0,4.6493,1.3625,405.0,3.337,39.9,-121.25,2.3118
1.4579,21.0,8.1969,1.4297,1309.0,2.8062,41.69,-118.0,0.8199
2.7223,31.0,2.8776,0.944,1364.0,3.489,34.89,-117.52,1.1078
2.0932,17.0,6.1648,1.0105,182.0,3.332,33.25,-121.47,1.4954
11.1182,34.0,4.5645,1.1773,1242.0,2.5674,41.77,-119.89,4.7452
0.5624,49.0,7.6586,1.2753,2070.0,2.2371,38.23,-118.02,0.3476
1.6286,34.0,5.7034,0.8,1192.0,3.7645,32.66,-120.7,1.6826
1.979,47.0,4.4474,1.1131,1052.0,2.3493,37.44,-114.51,1.4796
1.4659,48.0,5.0802,1.0269,957.0,3.4006,41.39,-117.37,1.6546
4.0579,7.0,4.5433,0.8114,566.0,3.0249,41.85,-118.52,1.9467
1.8073,50.0,5.0331,0.8994,2361.0,2.6295,35.59,-119.32,1.654
0.9389,42.0,5.0056,1.0148,844.0,3.3436,39.93,-119.38,1.4447
3.2848,22.0,4.4986,1.1088,1308.0,4.0943,36.86,-121.38,1.0215
2.5078,31.0,5.7241,1.2512,334.0,3.5004,36.28,-123.53,2.0518
1.8727,32.0,5.8695,1.1532,1023.0,3.1034,39.7,-115.92,1.4326
7.0591,41.0,4.2044,1.2421,1602.0,4.2972,35.06,-115.25,3.6846
4.1471,41.0,3.4101,1.104,828.0,1.6606,36.55,-114.55,1.9242
3.8506,6.0,5.7731,0.9943,847.0,2.1102,34.84,-120.26,2.1873
4.2069,1.0,6.0383,1.0724,1106.0,2.6284,33.86,-114.84,2.1796
4.0684,13.0,6.2763,1.2043,1557.0,4.1355,36.1,-117.28,1.4192
2.5992,27.0,6.0614,1.2549,1235.0,3.7543,41.61,-120.08,2.6832
1.8219,44.0,7.2873,1.0778,3951.0,1.627,36.48,-115.11,1.4968
3.3336,34.0,6.5965,0.9606,2598.0,2.6509,38.99,-114.61,2.367
2.5656,7.0,8.6158,1.1503,704.0,1.9409,35.21,-118.96,1.7897
0.5545,37.0,9.1208,1.1717,2274.0,2.9676,40.72,-116.5,0.4101
1.3649,24.0,3.2903,1.2849,179.0,3.7215,38.44,-116.53,0.685
2.3404,19.0,2.7634,0.9982,888.0,3.7805,41.53,-118.21,1.2202
5.4557,40.0,5.3911,0.9998,264.0,3.2144,35.6,-120.07,3.4354
3.3434,16.0,6.0051,1.2134,1681.0,2.66,37.61,-122.96,2.3331
1.5812,32.0,5.3089,1.0389,828.0,2.9237,34.31,-114.32,2.3293
1.2704,10.0,6.2443,1.0325,382.0,3.5466,33.79,-123.58,1.9651
6.193,20.0,5.0757,1.2881,1931.0,4.8778,38.06,-122.95,3.3408
2.6845,29.0,4.5673,0.8943,434.0,2.0519,40.13,-120.55,2.4979
0.5,32.0,4.7485,1.4084,1803.0,4.2711,34.4,-120.31,1.9218
2.8057,47.0,5.1598,1.0081,1339.0,3.1952,39.18,-121.63,2.0482
4.7347,15.0,6.4122,1.23,953.0,3.6562,38.88,-123.52,2.0955
1.2381,46.0,4.8159,1.0837,2111.0,3.1481,37.08,-115.31,0.9838
3.1747,42.0,5.0532,1.1407,513.0,4.1234,39.79,-119.17,1.3392
3.3794,19.0,6.0843,1.0606,212.0,3.2637,38.14,-114.6,1.4354
1.3006,8.0,5.1614,1.2285,409.0,2.481,41.49,-115.52,0.9083
6.5437,14.0,6.7401,1.0479,3917.0,3.3601,39.76,-119.36,2.8534
3.4188,34.0,4.2966,1.0141,572.0,3.9014,40.92,-120.42,2.4714
2.3317,41.0,4.0364,1.372,791.0,3.0002,35.93,-121.75,2.1083
2.6972,32.0,5.7656,1.1044,2994.0,1.3407,40.2,-114.37,2.0587
1.1026,37.0,5.8851,0.9986,792.0,2.9081,41.92,-118.25,0.6458
1.0637,6.0,4.362,0.8765,1715.0,3.0784,34.05,-115.89,0.8371
2.1768,26.0,7.0123,1.3798,3223.0,2.9641,37.36,-114.45,0.7534
2.2767,45.0,7.7099,1.0172,1524.0,2.6036,40.69,-122.06,2.3587
2.5741,20.0,4.6466,1.4093,1085.0,4.0584,36.27,-115.05,1.978
6.9014,46.0,7.1848,1.1598,1975.0,1.1016,37.33,-116.36,3.9916
4.5731,7.0,2.5414,1.1214,116.0,3.0752,39.6,-119.75,2.1879
0.6478,50.0,6.6913,1.1255,784.0,3.0864,40.33,-114.81,0.8569
6.107,41.0,4.3707,1.4324,2628.0,4.6759,34.4,-118.4,3.3672
2.1644,32.0,6.5713,0.8,578.0,2.9885,36.22,-120.36,2.3224
4.8556,32.0,4.2465,1.1322,1231.0,3.3565,36.25,-122.7,2.9366
2.2923,48.0,5.3178,1.0602,1729.0,3.1,33.95,-117.02,2.4039
3.2741,20.0,4.4279,1.068,870.0,3.0755,33.37,-116.56,2.6976
1.1742,9.0,5.1433,1.1224,1745.0,4.4104,39.57,-122.23,1.3276
3.7691,47.0,7.5959,1.0601,1346.0,2.1107,40.59,-120.58,2.8937
5.2084,6.0,5.2705,1.1282,6000.0,2.4662,41.54,-123.75,2.9321
0.7724,34.0,7.9324,1.0965,2000.0,3.6033,41.58,-118.73,0.7153
5.2593,14.0,4.937,0.903,1347.0,3.2055,41.95,-118.3,2.6694
1.8161,48.0,7.1901,1.1572,151.0,2.7734,33.29,-115.82,1.9219
8.2682,50.0,3.4492,1.2074,620.0,2.9436,36.27,-124.04,4.7226
4.9126,25.0,5.0562,1.0187,442.0,3.7311,33.28,-123.1,3.6681
4.3837,28.0,4.7567,1.3802,2940.0,3.3881,38.94,-123.98,2.074
2.7082,24.0,7.2452,1.3003,392.0,2.4296,41.74,-114.86,1.0558
12.3467,22.0,5.6223,1.2266,858.0,3.1902,32.85,-119.17,5.0
2.1744,48.0,2.8943,1.2248,1464.0,2.9602,37.5,-121.84,2.2372
1.3907,15.0,3.8278,1.1045,720.0,3.3763,37.57,-124.11,1.3346
1.8648,49.0,4.1848,1.2712,820.0,2.7431,34.05,-123.33,2.0196
5.803,34.0,6.5209,1.3356,1347.0,2.0334,40.42,-117.1,3.4856
3.2322,49.0,6.366,1.2212,578.0,3.5379,36.25,-119.5,2.7101
2.9185,32.0,5.0395,1.0145,1226.0,3.4389,36.49,-116.96,1.3907
2.1981,42.0,4.7418,1.094,1930.0,4.1322,41.64,-121.65,1.5485
2.8151,25.0,6.2597,1.1861,657.0,1.947,34.85,-119.9,1.8245
2.0889,24.0,4.0446,1.2257,427.0,2.9437,36.16,-118.06,1.2607
4.6495,14.0,5.9492,1.0884,3373.0,2.8157,39.82,-122.18,3.1385
2.533,11.0,5.847,1.015,3405.0,2.683,37.06,-121.42,1.9096
1.891,2.0,5.0705,1.3376,1050.0,1.7672,38.23,-122.88,1.4525
5.5029,20.0,5.8772,0.9392,1198.0,2.147,37.04,-117.18,2.6403
1.4265,51.0,5.5225,0.9588,1190.0,3.2164,35.19,-118.48,0.8044
3.2629,48.0,5.9969,0.9009,777.0,2.6002,34.05,-119.85,3.1557
0.5506,36.0,3.7991,0.9585,1029.0,2.3389,40.58,-118.63,1.1081
0.9895,19.0,6.1374,1.2871,155.0,4.1443,35.11,-122.6,1.013
2.3426,27.0,6.6319,1.2921,310.0,4.899,41.97,-116.17,1.2437
2.0609,39.0,5.7851,1.0889,824.0,2.9549,32.6,-116.75,1.9684
2.0586,1.0,6.1215,1.1744,662.0,1.7983,40.88,-122.48,1.0114
4.941,48.0,5.2681,1.0984,358.0,3.3171,41.5,-115.44,2.2616
5.1238,45.0,6.4696,0.9212,1026.0,1.3317,33.06,-120.36,3.9501
3.692,50.0,5.4783,1.4327,1782.0,1.9199,38.46,-119.66,2.3948
1.3659,5.0,4.0225,1.3062,579.0,3.3309,39.94,-118.99,0.7102
2.8,49.0,6.3843,1.1532,1347.0,1.893,38.35,-116.37,2.7019
8.9787,32.0,3.439,0.9716,842.0,2.7632,40.86,-122.66,4.6091
11.6216,29.0,5.7393,1.0663,1996.0,1.8131,33.76,-121.65,5.0
5.5363,10.0,4.9389,0.9961,284.0,3.045,41.51,-114.94,2.6058
1.4094,26.0,4.8622,1.1146,408.0,3.8986,37.73,-114.92,0.4275
2.8171,19.0,5.6064,1.1465,803.0,2.5097,35.77,-116.21,1.7013
3.534,51.0,4.5489,1.0488,494.0,2.9845,37.49,-122.62,2.3859
3.1914,18.0,6.0146,0.8818,2432.0,2.3473,35.72,-118.35,1.9033
5.8991,12.0,5.4682,1.4198,302.0,2.4034,36.83,-119.84,2.8074
4.8051,49.0,4.6592,1.1356,780.0,2.3349,33.99,-123.49,3.6996
1.349,10.0,7.0058,1.1685,3882.0,3.6287,40.52,-123.54,1.4016
1.9254,47.0,5.6457,1.0366,278.0,1.8692,36.2,-115.73,1.9622
5.5219,50.0,6.157,0.8657,1106.0,2.7345,36.94,-123.4,4.2437
7.0408,16.0,7.0999,1.0875,855.0,3.3279,41.14,-121.59,3.935
3.5631,36.0,7.0802,1.0515,1497.0,3.7278,41.12,-122.79,2.3252
7.5757,41.0,6.0957,1.2064,1387.0,3.3525,39.99,-118.55,3.5714
3.3008,28.0,5.0368,1.2359,1322.0,2.9419,32.79,-116.7,2.5032
1.5444,36.0,3.6844,1.2148,2093.0,2.5449,41.11,-121.65,2.1841
4.5334,7.0,5.648,1.2482,2055.0,3.7403,34.29,-116.48,2.8396
14.7155,27.0,6.7135,1.3705,655.0,2.3062,36.66,-122.55,5.0
1.11,27.0,5.8252,1.1585,634.0,2.3182,41.08,-120.73,1.6174
7.4023,29.0,2.0,1.2649,1726.0,4.082,33.4,-121.87,4.3624
4.372,49.0,6.4441,1.1741,1233.0,3.2882,33.76,-119.76,3.4271
1.8404,43.0,6.5178,0.815,1410.0,3.3165,37.97,-114.49,1.5273
0.5643,31.0,5.0385,1.0768,1119.0,3.4788,36.94,-116.93,0.7804
0.5,21.0,6.586,0.9698,736.0,2.9241,36.2,-122.24,0.6417
2.0555,21.0,6.1536,1.1347,1663.0,1.8498,40.19,-114.64,1.7381
3.9258,2.0,4.5774,0.9813,555.0,3.2009,41.0,-117.49,1.2975
5.2732,29.0,6.9256,1.1909,3939.0,2.9854,41.92,-119.76,2.7848
6.0439,13.0,3.879,1.2472,3687.0,2.3127,33.67,-115.14,3.2323
3.7027,46.0,5.3313,1.2805,4540.0,2.1288,38.92,-116.67,2.181
3.3347,40.0,5.2116,1.3429,1295.0,2.9628,40.78,-117.01,2.2443
2.3985,47.0,4.4095,0.8486,817.0,1.9138,34.78,-122.29,2.2714
3.9878,51.0,5.7646,0.9201,2830.0,2.8853,37.06,-123.02,2.0317
1.8617,21.0,6.9724,1.5392,1139.0,2.7888,32.57,-115.64,1.6858
1.1602,22.0,6.8973,1.2514,1994.0,2.9047,33.78,-117.5,1.3176
3.1982,32.0,6.2684,1.1337,1984.0,3.3221,33.69,-116.13,2.7944
5.0232,22.0,3.3649,1.1048,569.0,3.4976,39.22,-116.64,1.9816
0.9601,15.0,3.7969,1.0915,1635.0,2.4308,38.41,-115.27,1.4655
2.0557,37.0,5.5994,0.8099,1923.0,3.6958,32.87,-120.54,2.5648
3.119,24.0,5.3589,0.9842,1035.0,2.8245,38.16,-120.8,2.0842
3.0748,49.0,4.8023,1.0832,307.0,4.4026,33.15,-121.93,2.5685
4.2978,12.0,7.6864,0.9926,2875.0,2.5317,34.42,-123.25,2.8997
8.8242,23.0,5.527,1.0122,3880.0,1.7109,41.06,-119.47,4.4479
0.5,28.0,6.0509,1.4838,1195.0,3.6669,36.75,-119.32,0.3412
9.0644,47.0,6.5855,1.0623,880.0,3.3405,39.92,-123.16,4.8606
8.5871,30.0,5.466,1.1417,253.0,3.9613,35.49,-118.26,3.6014
5.3281,4.0,8.5093,1.1364,1245.0,3.2477,33.55,-120.67,3.6183
3.5194,18.0,4.2716,1.1884,771.0,4.872,40.94,-119.74,1.6081
1.8897,46.0,4.6727,1.0284,252.0,2.8489,34.06,-119.2,1.848
5.2874,14.0,4.2686,1.287,2113.0,3.837,35.82,-121.19,2.7139
3.6403,18.0,7.2752,1.1665,1699.0,2.5796,39.16,-117.45,1.761
2.4354,8.0,6.3625,0.9069,689.0,3.3934,38.12,-119.2,1.3467
5.2016,37.0,4.747,1.0839,3390.0,3.5424,41.32,-119.89,2.253
5.7726,8.0,4.3633,1.0742,1073.0,3.6661,41.88,-120.2,3.2735
7.0073,19.0,7.0619,1.0673,1212.0,3.6211,33.89,-124.06,4.2298
1.7344,37.0,5.834,1.1764,958.0,1.0,34.65,-116.59,1.4821
6.4588,46.0,7.0925,1.1952,2318.0,2.9451,38.57,-114.64,3.6705
2.468,12.0,5.3278,1.1775,1655.0,2.5399,33.89,-122.99,2.4421
3.526,17.0,6.0138,1.1508,153.0,2.6977,37.65,-121.41,1.9346
3.9899,7.0,5.7603,1.1128,1134.0,2.7733,36.04,-115.83,2.4165
6.1372,23.0,4.6511,0.8,1971.0,3.782,40.94,-117.21,2.0056
4.87,51.0,5.227,1.2167,253.0,3.1621,41.22,-121.18,3.569
2.4062,16.0,3.9788,1.1733,1957.0,2.594,34.96,-117.8,1.336
0.5,14.0,5.9929,0.9523,1682.0,1.8254,33.41,-115.13,1.5707
4.265,21.0,6.3135,1.1421,481.0,4.2264,41.92,-122.1,2.9398
3.4293,46.0,6.5882,1.1972,932.0,2.4821,33.92,-117.5,2.6022
1.0977,28.0,6.1999,1.2757,351.0,2.8954,34.15,-116.18,1.3535
3.7049,32.0,5.2461,1.1765,697.0,4.7111,34.9,-123.35,2.3485
3.0921,40.0,7.2624,1.1482,920.0,2.5039,35.74,-114.95,1.6516
6.9652,37.0,6.4708,1.242,1792.0,2.7795,33.9,-114.71,3.9658
9.4406,31.0,7.0663,1.054,2051.0,3.1857,35.56,-116.97,4.3547
5.6834,29.0,7.1415,1.1618,1335.0,1.7152,32.71,-119.14,3.2054
2.9704,28.0,5.2493,1.0068,888.0,1.6226,40.11,-118.26,1.781
3.2855,10.0,5.8655,1.2665,1914.0,2.6147,35.0,-117.82,1.9886
1.6872,22.0,6.3295,0.8585,1216.0,2.6424,40.27,-122.76,1.8412
1.9418,44.0,4.021,1.2225,1447.0,3.1074,38.65,-121.35,1.7958
2.8522,3.0,4.0476,1.1027,2123.0,2.2176,37.07,-123.29,1.904
2.6478,43.0,3.8408,1.2448,1833.0,3.3472,41.74,-120.6,1.9963
1.0439,29.0,5.2703,0.9829,1440.0,1.2746,36.17,-116.85,0.5842
7.0097,18.0,5.0,1.1135,1654.0,2.9438,34.19,-115.44,3.4627
7.6161,6.0,3.6772,1.1091,686.0,3.2881,37.99,-120.59,4.0867
6.8717,39.0,5.5792,1.1651,609.0,3.2628,33.83,-118.14,4.3953
7.7748,1.0,5.2853,0.9429,3845.0,2.8698,35.13,-118.35,3.1522
11.1062,28.0,6.8187,1.1954,581.0,2.4717,41.12,-119.57,5.0
1.7121,9.0,7.8156,0.8231,2138.0,2.8465,40.98,-117.36,0.6362
10.8189,47.0,5.9477,0.9998,877.0,3.9872,36.92,-122.79,5.0
2.3956,10.0,4.564,0.8656,1783.0,2.5204,37.04,-123.55,1.6978
4.6826,41.0,6.1761,1.2242,134.0,3.7825,37.88,-120.82,2.8192
0.8311,30.0,5.4112,1.16,325.0,3.9098,33.3,-114.61,0.9885
2.1765,3.0,5.1118,1.1684,2225.0,1.6113,34.9,-114.77,1.3551
5.7851,37.0,4.3661,1.321,225.0,2.8975,38.01,-117.97,3.2982
4.8271,45.0,4.8429,1.0526,694.0,2.2178,35.55,-118.51,2.3227
2.3621,12.0,5.1867,1.1914,2917.0,1.7985,34.53,-117.97,1.5142
3.2845,50.0,6.3649,1.1099,2052.0,3.6336,38.65,-120.01,2.7995
2.0089,41.0,6.0132,1.0871,839.0,3.3787,37.88,-121.42,1.7048
5.7751,38.0,7.5907,1.296,583.0,3.2108,35.61,-124.24,3.2603
7.2979,18.0,6.2092,1.4123,3221.0,2.1316,41.41,-124.11,3.6878
1.7182,7.0,5.9092,1.0353,628.0,3.1684,39.89,-114.58,1.6487
3.0607,22.0,5.0325,1.2251,1402.0,1.9516,38.16,-116.85,2.38
1.007,42.0,4.155,1.1479,2747.0,3.0618,34.49,-117.4,1.4475
3.6313,30.0,4.7161,1.1497,1584.0,2.4708,38.66,-115.86,2.522
4.371,34.0,4.5602,1.1371,2751.0,3.8406,39.03,-118.23,2.0748
3.8304,40.0,2.3269,1.05,812.0,2.7095,38.02,-117.62,2.1744
4.1512,18.0,4.1896,0.8,440.0,3.185,38.56,-116.4,1.6946
2.84,2.0,7.3227,1.3302,1835.0,3.1867,34.04,-123.05,1.6402
2.8874,46.0,5.8423,0.9958,2544.0,2.9394,35.68,-122.42,2.1376
2.7946,32.0,4.9482,1.0638,1656.0,3.0843,40.96,-118.74,1.5453
2.1278,29.0,5.8782,1.067,513.0,3.243,33.8,-123.33,2.4221
2.3269,30.0,3.0559,0.9824,4969.0,2.2829,38.1,-117.71,1.7852
4.2434,44.0,5.7385,1.136,351.0,3.3224,41.03,-115.98,2.3837
7.0143,40.0,6.933,1.0934,1294.0,3.6911,32.63,-115.92,3.6641
1.4867,35.0,5.2547,0.9925,2738.0,3.3179,41.69,-121.07,1.3215
2.8799,40.0,3.2736,1.1224,1201.0,2.7167,40.89,-122.27,2.8044
1.2403,15.0,4.9033,1.095,1856.0,3.1395,39.29,-114.71,1.0483
2.1568,37.0,6.9351,1.2392,207.0,2.709,39.24,-115.18,2.0802
2.428,50.0,5.7104,0.8989,1803.0,2.905,40.74,-121.16,2.8202
3.4627,12.0,3.698,0.9792,486.0,2.0499,34.12,-115.36,2.1347
3.3984,30.0,8.2412,1.2088,1310.0,4.1041,39.15,-115.49,2.1236
3.0419,35.0,3.8954,1.004,341.0,4.5484,35.76,-120.92,1.6775
4.0216,27.0,5.1085,0.9645,1930.0,2.4369,40.82,-120.67,3.0114
1.6035,50.0,4.1551,1.0115,1637.0,3.6289,37.57,-114.98,1.602
3.4819,21.0,4.1568,1.0849,1298.0,4.1663,39.78,-116.88,0.9327
4.9149,12.0,4.8574,1.0854,2269.0,2.2339,34.09,-118.12,3.1113
1.5876,7.0,6.1634,1.0685,1759.0,1.2733,34.8,-114.77,0.8833
0.6861,44.0,6.9486,0.9457,330.0,4.2134,40.46,-115.65,0.704
5.7462,35.0,4.9366,1.216,2224.0,2.9917,36.25,-123.55,3.1525
1.2741,30.0,4.1878,1.2989,1778.0,2.5844,37.51,-119.31,1.409
2.0791,22.0,5.9744,0.8134,580.0,3.0379,39.39,-115.34,1.0618
4.8262,21.0,6.0096,0.867,1160.0,2.7047,34.11,-123.19,2.9458
1.524,48.0,5.6885,1.2504,785.0,5.3676,35.37,-123.58,1.1421
5.5017,35.0,5.7309,1.3355,4183.0,2.5754,35.59,-115.71,2.8839
1.8589,50.0,5.2649,0.8,432.0,3.2619,41.21,-116.53,1.6403
1.6874,41.0,5.5178,1.2223,817.0,4.0338,33.81,-122.63,2.5245
1.2455,40.0,5.182,1.3457,1098.0,4.0299,36.03,-122.49,1.582
1.8716,29.0,6.6843,0.9706,1266.0,3.8768,41.61,-115.97,1.3906
4.4224,13.0,8.0742,1.337,840.0,2.6595,40.43,-122.21,2.9344
2.0794,34.0,5.6156,1.0733,1239.0,2.8783,38.87,-122.86,2.148
5.7607,37.0,5.3921,1.1472,1660.0,1.2604,37.71,-115.22,3.644
3.1263,27.0,5.707,0.9921,633.0,2.9404,40.47,-116.25,2.6869
3.3131,2.0,4.6105,1.2502,841.0,3.0262,41.49,-120.26,2.2341
1.6475,49.0,6.318,1.2252,3587.0,3.5934,41.28,-118.04,1.4676
6.2908,43.0,5.9294,1.3587,2260.0,4.4364,38.57,-120.0,2.9485
4.94,18.0,4.8954,1.3161,2222.0,3.569,39.41,-121.56,2.8618
4.8529,26.0,6.4825,1.0986,314.0,3.8565,39.87,-114.43,2.8053
2.7284,7.0,5.4228,1.5663,3979.0,2.986,40.19,-118.84,0.9641
1.1191,48.0,4.2359,1.3026,1066.0,4.0274,39.46,-117.92,1.4671
3.4319,12.0,5.8219,1.1811,2399.0,3.0089,34.21,-120.22,2.5011
4.3036,20.0,5.6844,0.9504,1320.0,3.9125,39.72,-119.29,1.9932
4.331,22.0,6.5525,0.8705,201.0,3.6436,36.21,-121.42,2.7502
3.9662,14.0,6.3979,0.8832,876.0,3.3142,34.4,-120.01,2.6803
3.8608,33.0,5.2689,0.96,2283.0,1.7674,33.47,-118.02,3.0184
1.852,51.0,4.8335,1.3066,2329.0,3.8747,34.78,-116.18,1.0021
1.9212,44.0,5.4021,1.1731,1361.0,3.3025,37.32,-116.28,1.7541
1.2555,28.0,5.836,1.008,418.0,3.5621,34.85,-124.19,1.4143
5.8021,7.0,5.9805,1.0796,2446.0,3.2508,38.83,-118.95,2.6516
9.1829,45.0,5.7617,1.0613,632.0,3.3887,41.66,-120.57,4.9999
14.5521,14.0,5.2911,1.22,1311.0,4.0405,32.92,-118.23,5.0
3.5902,47.0,6.5962,0.9682,1734.0,2.6209,33.74,-115.48,2.9652
3.8671,21.0,4.5908,1.1525,1856.0,3.3741,34.85,-116.55,1.8893
2.8046,27.0,8.3753,1.145,1690.0,2.3781,40.14,-120.99,2.1109
3.5533,23.0,6.3157,0.9727,549.0,3.4613,35.08,-116.91,1.2567
1.5193,24.0,4.047,1.3382,811.0,3.201,34.32,-123.29,2.4046
2.7654,9.0,5.6223,1.0557,535.0,2.4952,33.95,-123.02,2.0006
1.6981,29.0,6.3272,0.9511,1961.0,3.0749,33.92,-122.04,2.6919
2.5221,21.0,4.9808,1.2279,1773.0,2.545,39.34,-120.3,1.8443
1.81,44.0,3.6058,1.1082,618.0,2.6976,39.23,-119.19,1.8818
4.3051,25.0,4.1531,1.1613,2170.0,3.2838,35.46,-120.32,2.9634
4.6522,50.0,6.0505,0.9223,2162.0,3.2147,36.77,-118.02,3.0295
3.7904,16.0,3.2945,1.2219,2681.0,1.4636,38.47,-123.06,2.5466
1.9272,17.0,3.6608,1.4259,1729.0,3.2964,41.76,-119.09,0.6741
1.1843,2.0,6.0442,0.9106,1809.0,2.7573,39.56,-121.58,1.065
4.6852,38.0,5.1329,1.1531,861.0,2.6686,40.13,-120.65,2.9161
3.1151,4.0,4.5651,0.9822,1035.0,2.0983,41.79,-119.21,1.5971
0.659,15.0,4.8063,1.5034,2506.0,2.9637,36.12,-122.97,0.5786
3.4132,47.0,3.635,1.2859,717.0,2.5816,33.16,-120.42,2.9828
3.8858,32.0,5.9813,1.1423,571.0,4.0188,39.6,-116.69,1.0099
0.8751,29.0,4.4321,0.9158,1823.0,1.6005,33.65,-121.52,1.859
4.3528,42.0,4.7571,0.9521,164.0,2.2289,36.67,-116.65,2.637
0.9974,40.0,5.8161,1.2119,682.0,2.1747,39.51,-121.99,1.3154
1.7737,46.0,5.092,0.8956,2752.0,3.2069,37.8,-116.76,1.3232
1.0032,34.0,4.5544,0.9003,3132.0,3.9385,35.99,-122.36,1.2866
1.6354,23.0,3.0127,1.1013,2334.0,3.4025,37.39,-114.79,1.3672
1.1929,7.0,5.8409,1.12,1267.0,2.1243,34.83,-122.76,1.6523
5.7794,19.0,5.4948,1.157,575.0,2.6566,33.2,-114.3,3.4737
2.6275,36.0,4.7791,1.0341,331.0,2.3527,36.42,-122.01,2.1679
2.2505,13.0,4.1551,1.238,914.0,3.4062,33.05,-117.2,1.7977
6.1182,35.0,5.4153,0.9707,337.0,2.6403,41.81,-121.25,4.2319
5.9262,7.0,5.9766,1.194,3872.0,1.8698,36.75,-123.48,3.4876
2.3803,4.0,5.5173,1.1321,876.0,3.4678,40.88,-124.05,1.6291
3.7428,19.0,7.3657,1.1901,964.0,4.0106,41.54,-122.83,2.6212
2.0378,12.0,6.2457,1.2773,2075.0,2.8571,36.77,-120.22,1.6131
2.9083,45.0,5.2713,1.0317,280.0,3.0963,36.49,-118.5,1.6038
1.3732,20.0,6.2859,1.0008,986.0,1.795,40.99,-119.51,1.3339
4.0994,22.0,5.4584,0.8467,1188.0,1.3526,32.83,-118.0,2.9516
6.2667,21.0,5.4542,0.8,347.0,1.5207,37.13,-123.34,3.5885
5.6017,17.0,6.9556,1.0736,539.0,2.9642,35.05,-117.54,2.9415
3.2127,47.0,4.3223,1.0839,729.0,2.7536,39.65,-116.45,1.4523
0.5992,38.0,5.428,0.9371,2396.0,3.437,40.45,-121.99,1.0114
1.9696,9.0,6.8277,0.9693,3068.0,2.8419,38.39,-116.38,0.838
2.9059,11.0,5.7708,1.3285,1660.0,3.7902,36.37,-121.8,1.5281
1.0677,5.0,4.9571,1.2314,1121.0,3.6978,37.77,-119.86,0.499
0.9165,14.0,3.3526,0.9108,2757.0,2.742,37.95,-116.24,0.3902
7.3299,34.0,2.6756,1.0336,2179.0,2.1972,38.53,-117.43,4.2974
5.2019,48.0,7.8914,1.1609,4657.0,1.4671,41.26,-119.26,3.3566
4.3028,25.0,5.7702,1.006,231.0,4.1469,34.87,-120.6,2.2225
4.8317,5.0,4.6991,0.9787,1220.0,2.246,34.41,-118.66,2.2373
1.2253,3.0,5.8193,1.0493,763.0,1.8029,34.31,-119.1,1.1924
1.5936,22.0,4.2628,1.2636,276.0,3.1039,39.12,-114.59,0.9376
3.5972,14.0,5.0026,1.2772,1230.0,1.81,41.1,-116.04,1.7852
3.782,30.0,4.2709,0.9897,4348.0,3.1031,35.6,-123.14,3.3583
1.0153,7.0,3.7041,1.1691,457.0,2.731,36.5,-120.18,0.4959
3.4326,12.0,2.874,1.099,5798.0,3.7389,41.7,-118.43,1.6002
2.9421,29.0,3.4828,0.9488,2215.0,3.6694,33.88,-117.25,2.0575
5.4916,15.0,6.6255,1.0554,2832.0,3.8827,40.86,-122.53,2.8494
3.7941,19.0,4.2157,0.9104,2818.0,3.165,41.61,-115.99,1.2523
7.8402,12.0,6.0419,1.2745,1667.0,2.3133,40.1,-118.0,3.6957
2.3898,3.0,6.548,1.3329,868.0,2.1705,35.7,-123.63,1.8082
1.2934,18.0,5.4199,1.0384,335.0,2.5754,38.71,-123.71,1.6297
7.7151,17.0,5.0417,1.0026,463.0,4.5954,35.27,-117.44,3.525
3.9227,46.0,5.5596,1.2582,1828.0,2.8006,33.65,-116.74,3.317
2.9538,46.0,4.9001,1.2824,898.0,3.1288,33.52,-121.2,2.1051
1.6399,23.0,6.8447,0.9328,516.0,4.2149,32.59,-122.68,1.7872
2.4095,15.0,7.6518,1.0778,1468.0,3.2037,41.79,-122.1,2.641
2.3205,22.0,7.1398,1.0912,1595.0,2.4011,38.72,-120.38,2.2923
1.2475,32.0,2.8181,0.9844,2081.0,3.5841,35.55,-117.98,0.418
0.5,20.0,4.8756,1.1579,619.0,2.6572,38.0,-122.42,1.0798
2.2819,39.0,5.405,0.995,1118.0,3.2313,38.38,-116.39,1.1832
4.9089,50.0,5.9557,1.019,634.0,3.4097,34.24,-121.81,3.5184
6.594,21.0,3.3272,1.0848,393.0,2.6046,35.24,-116.2,3.8972
5.6242,6.0,3.3079,0.8766,2513.0,3.1491,37.7,-115.06,2.8634
5.8261,7.0,6.9681,0.8,2396.0,4.28,40.48,-122.66,2.3964
1.3692,45.0,4.7291,1.2377,240.0,2.4988,33.73,-115.12,1.567
3.6415,22.0,3.6151,0.989,1275.0,4.0535,40.65,-117.25,1.758
4.3241,17.0,4.0756,1.4202,2768.0,2.5276,38.29,-115.43,2.13
4.4998,32.0,5.8686,1.3958,2133.0,4.4417,37.15,-120.83,2.7347
2.9095,49.0,4.4129,1.024,560.0,2.3156,33.87,-115.66,2.2799
3.3565,22.0,5.69,1.4509,2980.0,2.6849,37.72,-119.53,1.7566
5.5219,17.0,4.2255,1.2406,2770.0,4.2066,35.86,-122.4,2.6016
4.2257,44.0,3.307,1.0032,1556.0,4.2418,34.3,-114.33,2.604
4.7277,5.0,7.1093,0.8,992.0,3.6547,40.86,-114.82,2.386
2.2074,44.0,5.8778,1.2032,553.0,2.1345,36.88,-123.05,2.2564
4.5732,27.0,4.9995,1.1047,1222.0,3.0659,33.26,-119.74,2.6394
3.3272,2.0,4.7744,1.1647,3275.0,3.001,35.37,-114.44,1.9631
5.1824,12.0,7.1579,1.0657,572.0,2.3153,34.22,-118.82,3.4888
1.8515,35.0,6.1098,0.9284,3473.0,3.5575,41.42,-119.33,1.2858
4.9239,39.0,6.7762,1.0359,2061.0,2.3786,34.81,-122.35,3.1245
2.4327,10.0,4.6996,1.206,1222.0,1.9675,37.31,-120.1,2.4575
4.938,34.0,5.4608,1.0468,2787.0,1.7033,39.58,-119.32,3.3981
3.6568,51.0,5.8826,1.0459,1194.0,4.3698,34.01,-117.16,2.0798
3.1674,36.0,4.7399,0.8721,1054.0,2.5916,36.66,-119.8,2.3864
2.5262,36.0,5.2854,1.1137,2438.0,2.6084,38.71,-117.95,2.3108
2.9624,10.0,4.6997,0.9332,1262.0,2.1755,40.88,-123.28,2.2617
2.2857,33.0,5.8789,1.2378,1197.0,4.0943,38.71,-116.66,1.196
2.4897,37.0,3.8143,0.9899,748.0,1.8958,33.26,-124.27,2.5606
4.1542,6.0,6.0864,1.0556,1037.0,2.0367,35.55,-117.88,2.7317
0.7633,16.0,5.7729,1.4246,3757.0,2.7425,35.83,-116.04,1.009
4.8962,46.0,5.156,1.054,100.0,2.9827,36.19,-116.63,2.9556
4.9474,51.0,5.9394,1.0339,557.0,3.5269,41.45,-122.83,3.9961
2.5792,9.0,4.9621,1.1878,653.0,2.4595,32.84,-115.86,1.5689
3.4142,38.0,4.5958,0.8322,1124.0,4.2355,35.37,-123.51,2.2148
1.5088,26.0,6.0525,1.2876,984.0,2.465,37.18,-123.64,1.6635
3.9846,31.0,6.1044,1.2491,1415.0,2.1931,33.32,-116.07,2.7646
1.6575,27.0,4.7913,1.1787,147.0,2.117,37.09,-122.47,1.0543
0.5,45.0,4.6883,0.8,1398.0,2.3809,33.52,-119.83,1.838
6.4407,23.0,5.1804,1.0611,3738.0,2.0652,40.46,-114.93,3.012
1.38,31.0,4.7376,0.9091,1261.0,3.6007,35.07,-122.21,1.1371
2.9195,35.0,7.2301,1.2686,1012.0,2.1993,37.47,-116.49,1.8352
3.4995,29.0,5.7798,1.2579,1147.0,2.8937,38.37,-118.46,1.9187
4.1483,45.0,5.4175,1.1582,907.0,2.1764,35.4,-120.24,2.9217
3.0956,13.0,4.2807,0.9195,2060.0,2.0604,35.84,-119.71,2.07
3.7018,49.0,6.2868,1.3241,1570.0,3.8852,37.35,-120.2,2.9948
2.5373,35.0,4.6661,1.0607,1491.0,4.2822,40.15,-116.03,1.3459
0.894,49.0,4.6167,1.3708,2787.0,4.0152,36.8,-116.16,0.7442
3.0163,20.0,6.3271,1.1398,2075.0,1.8229,37.16,-120.57,2.215
4.5128,25.0,5.8648,1.176,100.0,1.9339,38.16,-117.33,2.2098
1.4476,3.0,2.3959,1.031,891.0,4.5827,36.54,-118.98,0.4946
3.523,48.0,5.2107,1.311,373.0,2.7965,39.4,-116.82,1.9092
8.7842,42.0,5.5506,1.1913,634.0,1.9002,32.55,-123.8,5.0
2.8844,16.0,4.9925,1.3164,759.0,3.8658,37.09,-120.94,1.8682
2.9853,3.0,5.5924,1.1266,615.0,3.0539,41.27,-120.94,1.6554
0.8298,36.0,3.2284,1.0929,2141.0,3.4556,38.35,-118.33,1.0738
1.3151,35.0,2.0028,1.1893,1901.0,1.2097,37.12,-122.22,1.2997
1.6713,27.0,4.2294,1.3164,887.0,2.739,39.83,-118.98,0.9507
4.4024,8.0,5.7387,1.2525,1850.0,3.759,36.23,-114.5,2.1443
1.5259,47.0,2.0,1.1207,1682.0,2.4877,36.94,-123.86,1.8191
0.5894,23.0,4.3877,0.8214,1340.0,3.988,34.35,-119.27,1.3802
3.9321,37.0,3.0927,1.2216,1092.0,1.9466,33.68,-122.92,2.31
1.7884,44.0,5.1089,0.8842,2297.0,2.9099,32.74,-118.48,2.2312
0.8593,28.0,7.7495,1.1053,1195.0,4.3159,39.45,-121.89,0.9143
4.7434,5.0,5.1394,1.0826,1459.0,2.0793,36.95,-115.27,1.9335
2.3387,46.0,5.271,0.8873,1386.0,3.2172,41.42,-121.12,1.454
4.168,35.0,6.4071,1.1559,783.0,3.4681,34.18,-114.72,2.584
0.8329,46.0,5.4256,1.4231,748.0,3.0731,34.82,-124.26,2.0059
0.5,32.0,5.142,1.0531,1036.0,2.8,38.57,-115.98,1.116
3.3079,47.0,6.512,1.2149,2114.0,2.2989,33.02,-121.68,3.7107
1.2775,45.0,5.9663,1.4534,1122.0,3.1572,37.28,-122.28,1.5825
3.2768,11.0,5.7464,1.2294,190.0,2.9179,33.67,-115.46,2.2229
3.3236,9.0,5.2335,1.0033,1565.0,1.851,34.03,-121.26,2.1782
3.0498,9.0,4.9847,1.1356,813.0,3.8799,37.36,-118.46,0.8538
5.7977,41.0,6.5006,1.1721,609.0,2.272,37.91,-116.93,3.165
13.315,13.0,4.9962,1.3151,1976.0,1.8717,34.51,-120.11,5.0
3.8878,23.0,6.8775,1.2821,1966.0,2.5235,35.08,-123.29,2.2679
8.779,41.0,4.1434,0.8,1349.0,2.2858,35.2,-115.08,4.4343
2.3837,22.0,7.1205,0.9716,978.0,2.7934,33.85,-117.82,2.4339
1.0871,4.0,5.9664,1.0895,841.0,2.006,41.67,-115.38,0.8264
1.8793,19.0,4.2378,0.9477,377.0,3.3584,39.08,-116.62,0.6222
2.4847,5.0,6.0108,0.8,100.0,4.1048,33.55,-116.56,0.9704
9.2263,20.0,4.6196,0.9912,890.0,3.0847,35.89,-118.4,4.2867
3.1671,38.0,5.4401,1.0995,906.0,1.8446,34.14,-124.24,2.7981
5.931,27.0,4.816,1.0212,572.0,2.2694,34.73,-115.47,3.1116
2.2453,35.0,5.2405,0.9505,2778.0,3.177,41.43,-115.99,1.4198
2.0538,6.0,6.5297,1.1062,789.0,1.4264,33.8,-117.03,1.8266
0.8023,39.0,6.0222,1.1515,1337.0,2.0138,40.86,-115.52,1.5439
9.0484,22.0,4.0496,1.0297,1546.0,1.682,40.5,-122.46,5.0
7.153,15.0,4.1183,1.3058,1702.0,3.0923,39.56,-121.48,3.8319
3.5469,34.0,5.7249,1.1087,708.0,4.7297,37.22,-122.73,1.8894
2.5878,7.0,5.8118,0.9693,958.0,1.9912,34.95,-117.83,1.2955
3.248,26.0,4.5907,0.9313,1239.0,3.6531,40.39,-119.92,1.9872
1.0503,22.0,7.3096,1.0681,712.0,2.5489,40.42,-123.27,1.8245
4.163,9.0,6.3762,1.267,2601.0,1.9439,37.49,-118.54,1.7466
6.7964,49.0,4.6493,0.9764,4847.0,4.2513,32.95,-120.91,4.8324
7.0053,19.0,4.5333,1.1894,1514.0,4.7279,34.33,-119.39,3.2788
0.8333,3.0,5.1266,1.1142,1503.0,3.3295,33.03,-121.69,1.6232
5.8973,23.0,5.0018,1.399,2476.0,3.29,34.21,-122.69,4.7398
1.0563,50.0,6.9074,1.1585,2123.0,3.0498,37.33,-119.79,0.6679
0.5,35.0,6.5814,0.9953,1199.0,2.8814,40.61,-122.04,1.4062
6.0346,33.0,5.4421,1.2105,3576.0,3.2721,38.71,-120.25,3.3387
2.1169,46.0,6.2135,1.2155,741.0,3.5409,38.21,-120.48,2.0908
5.5181,5.0,6.3876,1.0404,1990.0,4.3307,39.61,-114.9,2.1391
5.2154,29.0,5.4699,0.9254,951.0,2.5818,38.58,-122.43,2.2928
4.8082,17.0,5.8831,1.1804,1644.0,3.1019,36.71,-121.44,2.512
3.2216,35.0,6.113,1.1095,877.0,2.9292,40.25,-116.38,2.0774
1.1581,44.0,5.9851,0.8725,3499.0,3.8192,35.45,-121.34,1.9334
2.4885,4.0,4.4654,1.1382,2559.0,4.9201,41.32,-119.5,1.0864
7.0766,9.0,4.5867,1.0045,1584.0,3.8469,33.6,-116.68,4.1104
5.6068,49.0,5.0537,0.8727,2147.0,3.6386,38.56,-124.26,3.2254
2.5809,26.0,4.552,1.0472,575.0,3.7263,37.25,-114.73,1.2269
2.5587,17.0,3.6323,1.2924,316.0,4.0139,36.54,-119.67,1.3693
4.5414,8.0,6.2111,1.2812,718.0,4.9316,36.58,-116.71,1.7566
3.3785,19.0,5.8157,1.242,3433.0,1.6517,32.9,-115.09,2.9084
2.675,1.0,3.7928,1.1404,874.0,3.4797,39.64,-115.53,0.6974
4.303,12.0,5.1109,1.1894,2243.0,1.0,35.85,-122.1,3.1054
4.2122,10.0,5.1789,1.1148,1020.0,3.7611,37.03,-118.75,2.3513
1.9181,5.0,5.6183,0.9342,1070.0,3.4408,40.55,-120.19,1.4896
3.8295,50.0,4.1017,0.9642,885.0,2.5625,37.98,-118.98,2.7255
4.0495,41.0,3.7752,1.0089,837.0,1.0,40.59,-116.5,2.3911
3.0593,48.0,6.0237,1.3102,2133.0,2.9885,33.8,-120.76,2.6421
1.7678,13.0,3.5592,1.2615,848.0,3.1783,35.18,-119.53,1.1162
2.4343,15.0,5.1208,0.938,829.0,2.9495,34.67,-118.22,1.1096
1.5044,15.0,5.0087,1.108,1210.0,2.5029,40.92,-121.59,1.5418
3.8972,29.0,5.2521,1.0396,959.0,2.2826,39.92,-118.23,2.3531
0.8376,10.0,5.7033,1.0767,618.0,2.9586,40.42,-122.81,1.0185
7.522,13.0,7.3183,1.0196,1972.0,2.3585,37.9,-118.08,3.7066
6.6026,50.0,3.4806,1.3109,1423.0,3.6474,34.6,-122.87,4.0177
4.1118,18.0,6.4519,1.0972,804.0,2.937,36.08,-116.54,2.0964
5.4045,40.0,2.3854,1.1324,620.0,1.6203,37.73,-122.36,3.2877
5.1822,12.0,7.0725,1.1336,2510.0,3.1414,32.68,-117.84,3.2787
3.413,48.0,2.9486,0.9458,417.0,3.3314,38.58,-118.49,2.1644
2.7269,36.0,8.3237,1.1163,1794.0,4.2944,40.62,-120.05,2.1575
2.5168,44.0,4.9323,1.2593,182.0,3.7425,35.59,-117.85,1.8262
7.6905,27.0,6.9485,1.3209,1302.0,2.281,38.96,-115.83,3.9028
1.72,47.0,6.701,0.9278,1329.0,4.1407,37.09,-123.1,1.5789
1.7458,19.0,4.8762,0.8722,350.0,1.8912,32.54,-117.54,1.5592
5.7014,25.0,4.9683,1.1093,378.0,3.0225,35.2,-120.2,3.2096
5.3723,4.0,4.3954,1.2664,1364.0,3.6033,37.51,-117.56,2.5204
2.6179,9.0,6.3448,1.1539,367.0,4.167,39.39,-115.55,1.3943
4.3956,40.0,4.8918,1.202,2874.0,4.5111,36.32,-117.77,2.2977
4.7658,17.0,4.4172,0.896,813.0,4.0198,34.27,-122.7,3.2143
1.1114,6.0,6.0447,1.0142,3213.0,2.8907,33.08,-120.14,1.2394
6.863,15.0,4.3234,0.8,2757.0,3.4637,39.29,-118.81,2.9668
4.7647,18.0,5.0052,1.0786,1103.0,3.1795,35.97,-123.03,2.9752
4.1608,37.0,5.5285,0.8,1397.0,2.4325,38.65,-117.86,2.1455
4.7881,5.0,4.6291,1.2999,2408.0,2.9075,34.61,-117.17,2.2769
3.8452,2.0,4.8101,1.3332,485.0,4.4383,39.67,-116.67,1.5875
2.9415,37.0,7.242,1.1211,873.0,3.5169,35.77,-123.1,2.1569
0.5624,8.0,5.1549,0.8731,3159.0,4.6475,33.0,-117.25,0.9757
3.4331,22.0,4.9684,1.1564,2220.0,2.134,37.35,-120.64,2.4647
1.0276,35.0,5.1898,1.3789,1000.0,2.6948,39.45,-122.19,1.0321
9.5426,27.0,5.9453,1.1714,1406.0,3.3322,41.36,-119.06,4.6316
2.908,7.0,4.1594,1.2777,700.0,3.5939,41.72,-118.57,1.172
9.4447,37.0,5.9127,1.0272,934.0,2.9066,36.84,-119.73,4.1157
3.4717,3.0,5.707,0.9693,1774.0,3.6404,38.31,-115.89,1.822
2.04,12.0,3.2536,1.0894,937.0,3.6344,37.79,-122.74,1.0057
6.7431,6.0,7.5531,0.811,1977.0,1.8897,37.57,-120.23,3.5476
4.0537,27.0,7.153,1.4396,368.0,3.6028,33.59,-121.63,3.1319
11.6156,36.0,4.4393,1.1209,1760.0,3.8586,38.87,-123.81,5.0
2.002,34.0,4.0531,1.23,536.0,3.2369,41.67,-120.91,1.5259
6.9157,8.0,5.6737,1.0308,1080.0,1.528,33.7,-117.12,3.5371
7.1397,18.0,3.689,0.8685,665.0,2.7785,35.46,-119.07,3.1057
5.0162,8.0,7.0371,1.3139,1763.0,3.3504,33.23,-120.11,2.8639
7.1759,18.0,4.8379,0.9314,405.0,2.3074,36.33,-119.55,3.4363
2.9539,12.0,7.3462,1.1523,1993.0,3.7346,37.08,-121.17,1.6805
1.7135,38.0,4.4107,1.1665,1200.0,3.5837,35.9,-123.08,1.1438
2.175,39.0,5.2654,1.1111,1010.0,3.1076,37.03,-118.4,1.4194
3.3153,42.0,6.9207,0.9823,742.0,3.014,40.13,-116.15,1.8576
5.1783,11.0,5.0121,1.0776,861.0,3.1543,34.53,-116.41,2.5278
1.8054,1.0,5.7265,0.9575,2716.0,2.9968,39.7,-121.97,1.462
2.5184,2.0,6.7112,1.2214,729.0,1.9716,40.04,-119.96,1.8899
1.9151,44.0,4.7327,1.1857,2729.0,2.6559,38.02,-118.78,1.7554
5.7589,47.0,3.8859,1.0968,3327.0,3.058,35.5,-116.28,2.7209
9.3998,11.0,3.6495,1.0147,992.0,4.1349,41.4,-122.33,3.6721
1.4972,45.0,6.1001,1.4161,316.0,3.5536,35.96,-122.98,1.1262
4.5278,28.0,5.8665,0.9047,2290.0,4.1779,32.97,-114.98,2.5524
6.2078,10.0,6.674,0.8683,2273.0,1.876,33.79,-122.84,3.4166
2.7786,16.0,5.0711,1.0877,2755.0,2.7151,40.97,-114.41,1.3375
1.0752,14.0,3.6831,1.0613,1139.0,4.6591,33.92,-118.31,1.0057
6.7048,39.0,2.5767,1.2646,1509.0,2.4056,36.75,-119.31,3.2776
1.0191,10.0,8.8416,1.1969,852.0,2.3897,39.07,-122.41,1.364
7.9199,10.0,6.0323,1.1044,823.0,2.7826,37.95,-115.69,3.4366
1.8852,37.0,5.5642,1.1751,1454.0,4.6145,38.71,-122.58,1.2882
0.8939,16.0,5.7344,1.1723,2423.0,2.4628,35.81,-120.29,1.8105
2.2933,13.0,3.6824,1.4155,2073.0,3.446,38.79,-123.82,1.5644
3.141,42.0,4.4462,1.138,1240.0,3.3136,32.59,-124.07,2.8543
3.5937,48.0,7.492,0.9978,2560.0,1.4572,35.0,-117.0,2.8121
4.7696,29.0,6.19,1.1298,414.0,2.9875,33.67,-122.22,3.7339
3.8083,43.0,4.4837,0.8,5160.0,2.5577,36.82,-118.29,2.1934
8.9403,43.0,3.9278,1.0951,456.0,3.5424,33.89,-117.07,5.0
3.0422,31.0,4.7812,1.2639,1166.0,4.3913,37.7,-119.38,1.4296
3.9405,43.0,5.0215,1.1903,1438.0,2.7244,34.22,-117.74,3.2185
3.7293,1.0,7.859,1.1448,1477.0,2.7243,36.44,-121.89,1.795
0.8017,2.0,5.1741,1.1974,2392.0,5.0143,33.21,-116.12,0.6047
1.2836,46.0,3.9725,1.2655,606.0,2.4308,36.68,-122.24,1.7839
3.3242,8.0,5.3297,1.3138,1548.0,1.9256,40.18,-118.39,1.9362
4.2533,38.0,5.7172,1.1671,1959.0,4.1021,35.51,-115.94,1.9462
0.5395,22.0,3.8633,1.0526,2625.0,2.9595,39.21,-116.37,0.15
9.1886,41.0,5.8826,0.8,984.0,3.2267,36.55,-123.79,5.0
4.4743,34.0,6.8507,1.2467,1344.0,4.7852,34.73,-120.63,2.5341
3.2005,4.0,5.5664,1.1773,1214.0,1.8776,35.38,-115.77,1.5851
4.3439,18.0,4.4435,1.1229,1894.0,2.8436,35.37,-115.79,2.7818
2.2001,37.0,4.7654,0.9968,1903.0,2.011,39.55,-117.94,1.5592
3.6193,47.0,3.4094,1.2448,953.0,3.2681,34.41,-123.21,2.8811
4.0023,42.0,5.2394,1.0614,1197.0,2.5576,41.79,-120.26,2.1761
6.7531,46.0,5.7729,1.0948,1263.0,2.0616,39.03,-114.69,3.3155
2.8603,49.0,4.324,1.0916,525.0,3.5858,36.31,-123.23,2.5445
1.0429,46.0,7.7276,1.1675,1610.0,3.0083,41.98,-116.29,0.9394
1.6796,30.0,6.3507,0.9277,1566.0,1.9987,34.55,-120.12,2.0126
2.7046,18.0,3.2487,1.1844,530.0,2.0477,39.75,-116.85,1.1574
1.1426,26.0,3.2733,0.9919,1686.0,3.1662,35.07,-123.76,0.9782
1.5421,41.0,4.2192,0.9971,5633.0,1.6634,37.66,-124.2,1.5614
1.6915,22.0,7.2878,1.2328,665.0,3.182,33.02,-121.29,2.2098
2.5797,43.0,6.4691,0.9507,525.0,4.0716,40.54,-115.6,1.5439
4.4373,36.0,7.3485,1.2325,1942.0,3.5336,35.98,-117.5,2.0239
2.4953,11.0,5.4123,1.1152,948.0,2.5013,38.05,-118.18,1.6631
4.6292,47.0,5.1486,0.8528,2397.0,3.2195,41.31,-114.32,2.8013
3.2025,44.0,3.903,1.3047,1155.0,1.9987,32.79,-120.83,3.1704
1.5829,31.0,5.8196,1.1465,777.0,3.109,41.7,-115.8,1.2902
4.0457,10.0,5.1646,1.1591,1141.0,2.7385,37.49,-123.2,2.1128
3.6497,12.0,5.1184,1.2511,1902.0,2.1685,39.92,-122.59,2.7945
4.7067,43.0,7.3417,1.3249,1858.0,3.499,36.99,-119.52,2.5794
5.3253,1.0,5.2484,1.1302,374.0,1.418,40.25,-114.71,2.7347
6.8833,25.0,6.9972,1.1926,1898.0,2.0513,40.87,-117.27,3.6573
4.532,32.0,3.4943,1.1557,1290.0,2.1475,36.13,-123.17,2.6045
3.5714,12.0,8.6257,1.0486,1368.0,2.5962,39.37,-114.75,2.5908
4.7203,45.0,4.9521,0.8625,1610.0,4.0395,41.99,-116.64,2.5062
2.3247,27.0,6.2486,1.1322,517.0,3.6034,39.69,-116.93,1.3965
2.2036,4.0,6.4395,1.3068,360.0,3.0842,41.59,-118.79,0.9953
7.459,17.0,4.8032,1.1875,386.0,3.0465,39.5,-120.36,4.2783
2.1575,21.0,6.3828,0.9399,2298.0,2.9906,35.63,-123.2,2.1545
1.7246,12.0,6.4452,1.2646,2285.0,4.0975,40.36,-118.1,0.938
4.5305,48.0,4.5442,1.0536,122.0,1.5474,38.83,-123.02,2.7245
2.3387,19.0,4.5584,0.8,1195.0,3.6172,32.81,-118.4,1.7013
5.2917,26.0,5.4544,1.2527,834.0,2.5934,34.14,-118.9,3.2318
6.5761,28.0,5.2614,0.9582,575.0,3.4024,34.98,-118.33,3.0348
1.9087,12.0,7.0718,1.3671,2604.0,3.4062,39.56,-116.03,0.732
4.8782,29.0,6.2432,1.2722,2952.0,3.5866,40.07,-120.19,2.3397
2.1205,19.0,5.3155,1.0658,1415.0,4.2669,40.36,-119.93,1.5998
2.7446,1.0,6.1273,1.1689,794.0,1.9032,33.14,-123.7,2.6614
3.9273,21.0,2.944,1.4636,910.0,3.8044,33.19,-121.42,2.8017
2.2071,30.0,4.6616,1.25,495.0,2.9489,35.34,-123.49,1.6104
3.7017,6.0,5.7454,1.1357,899.0,2.6313,38.97,-122.88,2.373
2.9013,40.0,6.7384,1.5334,639.0,4.627,40.5,-120.03,2.1107
5.3658,34.0,5.6397,1.1176,2825.0,3.5615,40.76,-120.23,2.9998
5.3744,16.0,7.1499,1.1873,246.0,2.6662,34.47,-114.94,3.3287
2.2148,31.0,6.4415,0.9596,2125.0,3.7658,39.79,-123.11,1.9455
3.9847,16.0,4.814,0.8488,604.0,2.9632,38.59,-122.81,2.6579
5.8811,34.0,5.232,1.0568,1887.0,2.6537,41.3,-116.79,2.7738
1.5226,8.0,5.8901,1.1058,1106.0,2.5151,39.84,-124.08,1.527
2.889,32.0,4.8616,1.1494,2147.0,3.2437,37.52,-117.79,2.1202
3.8739,3.0,7.2375,0.887,403.0,2.5089,39.94,-116.82,2.0352
1.4726,1.0,4.0695,1.1991,766.0,3.1243,35.43,-118.01,1.5161
2.4039,13.0,5.7793,0.9754,953.0,3.7096,39.97,-121.42,1.5617
8.3837,9.0,6.2825,1.1913,1280.0,3.0884,39.92,-123.26,3.5903
2.1529,26.0,5.0239,1.2402,1266.0,4.5812,40.62,-114.36,0.8324
2.3247,9.0,4.7534,1.0407,491.0,3.0106,34.8,-115.71,0.9936
4.499,13.0,5.3087,0.9554,377.0,4.0792,40.57,-116.99,2.2354
1.3368,5.0,6.3744,1.3315,999.0,3.781,34.11,-122.43,1.8729
2.9316,46.0,4.8002,1.2309,1162.0,4.2202,39.83,-119.99,1.7939
1.7372,38.0,4.1173,1.1228,958.0,4.5777,41.33,-117.2,1.1837
3.6971,12.0,6.7807,1.3203,245.0,1.5909,32.84,-123.29,3.664
0.5,7.0,5.8792,1.1125,1200.0,3.2121,38.45,-114.73,0.15
3.3731,44.0,6.6094,1.0069,1669.0,2.9105,38.77,-114.75,2.1148
3.9428,35.0,6.3112,0.9497,1414.0,3.0891,40.24,-122.8,2.4805
2.4475,46.0,8.0159,1.0838,1076.0,2.6821,33.48,-122.33,2.3271
2.555,10.0,6.738,1.2158,1333.0,2.5652,41.14,-120.66,1.1344
2.241,19.0,4.5311,1.3085,659.0,2.1203,41.94,-119.79,1.8956
2.9057,7.0,5.9643,1.1035,2606.0,3.0779,38.89,-119.89,1.1945
7.5188,22.0,4.731,1.282,821.0,3.7472,36.58,-117.42,3.3668
5.4693,9.0,4.855,1.0679,1705.0,2.605,38.53,-119.6,2.7621
2.9038,1.0,3.705,0.9828,1044.0,2.7372,33.02,-122.46,1.8786
2.4045,26.0,5.0567,0.9041,2211.0,2.4415,39.65,-121.69,1.6648
5.1562,50.0,6.054,1.0241,806.0,2.2045,33.16,-120.19,3.9484
3.5445,33.0,5.3208,0.9097,2224.0,2.8111,35.56,-119.11,1.916
1.4445,39.0,4.0808,1.4014,2829.0,3.2746,33.82,-115.07,1.2186
2.6814,42.0,3.5724,1.1659,616.0,4.0059,39.4,-123.34,2.2133
7.0415,50.0,7.9342,1.0857,2067.0,2.0463,38.15,-116.26,3.7467
4.3876,7.0,5.7902,1.3583,3249.0,2.9757,39.14,-121.19,2.5441
2.4229,13.0,4.4111,0.9047,1493.0,3.9425,33.11,-117.03,1.6904
0.983,32.0,5.9541,1.0794,2493.0,2.0569,36.02,-121.72,1.8468
3.6852,42.0,8.027,1.4,2871.0,4.0136,36.36,-120.45,2.6339
3.214,40.0,6.1446,1.0784,2270.0,2.6488,38.22,-119.87,1.7535
2.8437,38.0,2.0555,1.467,672.0,3.5691,33.47,-116.79,2.5629
5.1919,16.0,8.5828,1.2178,1637.0,2.8255,38.65,-122.64,2.8548
4.4218,19.0,3.1809,1.2959,1779.0,3.367,36.25,-120.83,2.2589
1.0114,5.0,5.1528,1.3002,213.0,4.2872,41.11,-119.01,0.15
3.2259,17.0,4.0399,1.1002,1109.0,2.9029,36.77,-117.72,0.884
1.228,8.0,4.512,1.0268,1339.0,3.7972,33.47,-123.54,1.3195
2.2675,48.0,5.7413,1.0827,1690.0,3.2197,33.48,-123.35,2.6991
1.1556,5.0,2.9148,0.952,535.0,2.3712,34.92,-117.12,0.2713
1.1894,19.0,5.2917,1.0901,1044.0,2.8835,34.78,-120.64,1.8989
3.9773,46.0,6.7768,1.0993,1413.0,2.8335,40.07,-122.64,2.0487
3.73,49.0,4.3881,1.3534,887.0,1.8706,39.36,-121.67,2.5877
3.0696,20.0,3.7317,1.189,208.0,3.3672,33.23,-118.32,1.5781
2.1312,24.0,5.2328,1.4544,2687.0,3.5264,40.59,-114.77,1.5801
1.0876,27.0,4.994,0.8,4008.0,3.6499,33.41,-116.98,1.5616
2.275,42.0,4.6857,0.9174,1549.0,4.1438,39.96,-116.33,1.3385
3.7407,40.0,3.974,1.0467,1570.0,3.7631,33.56,-118.22,2.0685
3.686,27.0,6.023,1.3239,1170.0,2.5176,36.08,-120.59,2.0955
6.9534,19.0,6.1143,1.0836,382.0,2.6878,39.63,-114.68,3.455
6.3591,19.0,4.1212,0.8798,275.0,3.671,34.91,-123.49,3.094
3.1505,34.0,4.2873,1.0632,2551.0,3.3118,33.58,-116.21,2.1235
2.2583,43.0,5.5638,0.9204,3728.0,2.9857,39.98,-121.72,2.0021
1.7699,4.0,4.242,0.891,1656.0,2.3002,39.06,-118.22,0.8868
0.9534,40.0,5.6144,1.3998,879.0,2.5754,40.97,-114.48,0.494
1.3357,25.0,7.1617,1.0473,1044.0,3.4662,38.59,-115.88,0.5185
3.7442,8.0,5.3282,1.126,1824.0,1.4393,33.2,-115.8,2.1019
4.6137,5.0,3.9437,1.0861,2464.0,1.128,38.57,-116.07,2.1528
2.5817,18.0,5.8705,1.0623,1186.0,3.5547,40.31,-119.76,1.416
11.383,13.0,5.1868,0.9739,939.0,2.5732,33.29,-120.37,5.0
1.3459,6.0,5.2198,1.0534,527.0,3.3748,33.79,-119.11,1.6507
0.8763,15.0,5.9704,1.1506,802.0,4.2613,38.94,-121.45,0.4358
11.2647,43.0,6.2292,1.3128,1748.0,2.1895,40.02,-119.52,5.0
1.0448,37.0,5.4426,1.2421,1479.0,1.6643,35.85,-123.03,1.3667
2.5576,11.0,5.3272,0.9171,1392.0,2.7789,39.48,-115.37,2.0873
1.8794,35.0,7.8762,1.2483,545.0,2.4522,34.09,-116.94,1.962
3.9227,24.0,6.8407,1.1713,1004.0,2.9797,36.72,-123.68,2.3288
2.4274,39.0,6.4003,1.0063,2085.0,3.4304,39.61,-117.7,1.697
4.6227,13.0,5.5574,1.1273,3082.0,3.2614,34.39,-116.71,2.7885
5.257,4.0,4.1931,1.1858,2015.0,3.037,35.81,-115.68,2.2513
0.9455,16.0,6.7529,1.1071,2457.0,3.8465,38.48,-121.01,1.2551
1.7276,51.0,5.5732,1.172,214.0,3.5366,35.79,-117.99,1.9472
4.8711,29.0,4.7074,0.9706,2743.0,2.8549,40.8,-121.54,3.2811
5.9091,3.0,5.1082,1.3989,1640.0,3.5082,41.59,-115.81,2.5416
3.4839,50.0,4.2406,0.8106,1402.0,1.7635,38.6,-115.55,3.0054
4.1079,43.0,6.6688,1.1867,1505.0,3.851,39.93,-123.53,2.8658
7.2213,28.0,6.2196,1.155,3481.0,3.0178,41.11,-121.45,3.5565
2.4484,38.0,5.618,1.1964,851.0,2.0395,39.17,-123.27,2.21
3.4593,10.0,5.3487,0.9937,1506.0,2.6667,39.85,-120.31,2.104
6.3634,31.0,4.5832,1.2754,1097.0,3.83,33.26,-124.25,3.7723
6.6057,47.0,2.8439,1.0838,572.0,2.3859,40.33,-116.47,3.6474
2.9205,23.0,3.7045,0.9221,319.0,3.3285,35.11,-119.99,0.9198
1.7683,2.0,4.5088,0.9358,563.0,3.703,33.17,-118.96,1.8625
2.899,39.0,4.3284,1.1187,692.0,3.0196,38.1,-116.87,2.0334
3.0871,38.0,5.7472,0.8605,1134.0,2.3083,34.65,-117.18,1.3768
1.7214,38.0,6.3738,1.3701,2457.0,2.9489,33.26,-121.15,2.4742
1.9131,34.0,5.2459,1.2573,565.0,1.8725,38.29,-116.47,1.6907
6.6113,7.0,7.0907,1.374,682.0,2.6091,33.44,-117.89,4.1241
4.2283,6.0,4.4605,1.3582,3434.0,2.1142,40.93,-122.12,3.1234
2.5661,41.0,5.2374,1.0472,873.0,2.9625,41.71,-124.01,2.7925
1.4105,44.0,5.3388,0.9696,753.0,1.9845,39.51,-116.74,1.3323
1.9296,5.0,6.7106,0.8,776.0,3.0667,35.23,-122.64,1.6339
0.8173,30.0,5.5271,1.0391,1322.0,3.9063,37.84,-123.17,0.9597
3.5429,26.0,5.5603,1.3648,1144.0,3.9565,32.8,-120.1,3.0602
1.854,18.0,3.4142,0.9758,709.0,2.0036,38.4,-115.08,0.5059
3.7245,33.0,4.3201,1.0685,912.0,2.4671,35.01,-117.12,1.7302
4.8403,47.0,6.7151,1.0168,2130.0,3.6822,36.82,-116.32,2.527
3.7593,42.0,2.9096,1.1562,1449.0,3.5632,34.2,-121.6,2.9855
2.3546,8.0,7.0116,1.2929,2892.0,2.5078,41.87,-115.95,1.4062
1.6572,24.0,5.9996,0.8691,987.0,2.6108,34.47,-120.15,2.5584
1.2566,48.0,4.503,0.8978,2124.0,3.0658,36.46,-114.51,1.0065
6.2279,13.0,4.4015,1.323,2175.0,1.5334,34.92,-118.6,2.6775
3.6557,44.0,7.6751,1.21,674.0,3.4203,37.65,-118.24,2.0682
2.4474,26.0,7.0937,1.0611,1587.0,3.8665,41.1,-115.15,1.1897
4.4504,27.0,5.2567,1.3561,1255.0,2.6887,34.05,-114.82,3.0886
5.6322,13.0,5.5615,0.8952,228.0,1.8646,33.84,-124.12,4.2868
1.8819,47.0,4.6246,1.2397,336.0,4.1301,33.2,-121.98,2.7296
3.5856,27.0,5.5617,1.0898,1359.0,3.1755,38.1,-118.16,2.3462
3.6322,30.0,4.5913,1.191,248.0,3.5672,38.22,-124.26,2.1429
7.0367,24.0,5.3057,0.8,192.0,1.9431,40.3,-121.12,3.9015
2.424,5.0,7.5724,1.0609,1233.0,1.946,40.44,-122.34,1.9863
1.6134,40.0,5.2853,1.2105,108.0,3.3313,33.47,-119.07,1.4939
3.8412,17.0,4.1424,1.0905,490.0,3.8221,41.15,-118.33,1.5897
4.6806,13.0,3.7604,1.2883,1229.0,2.0966,40.38,-122.41,2.9136
3.3994,40.0,5.5525,1.2833,1078.0,2.9186,38.65,-118.94,1.6035
7.3256,11.0,4.4869,0.9562,1078.0,1.7302,35.8,-120.33,4.3214
2.4188,35.0,5.6959,1.2236,1802.0,2.4388,39.58,-114.39,1.5435
3.454,25.0,3.4566,0.9511,2340.0,2.7944,38.4,-123.65,2.4899
1.0086,41.0,6.2283,1.1081,2504.0,3.391,35.85,-115.89,1.1039
1.5475,3.0,4.1278,1.1984,3633.0,1.3154,32.63,-114.31,2.0102
1.8906,40.0,5.4556,0.9747,126.0,4.0563,38.13,-118.88,0.5299
2.6984,12.0,4.994,1.218,635.0,2.8636,37.98,-117.49,1.8888
1.1452,45.0,7.4621,1.0242,461.0,4.0355,33.97,-123.02,2.3982
4.4116,19.0,5.6058,1.0129,3709.0,3.559,41.11,-120.79,2.6576
1.7718,1.0,7.7346,1.206,1248.0,3.6818,34.01,-122.49,1.941
10.1954,25.0,6.0729,0.9746,1119.0,4.6162,35.23,-118.47,4.7198
1.8174,3.0,7.1105,0.967,834.0,2.3747,36.03,-114.88,0.7699
3.2273,14.0,5.1494,1.2562,798.0,3.1084,38.99,-124.0,2.0791
2.9692,37.0,5.8146,1.1163,794.0,2.2074,33.28,-119.36,2.7877
1.4506,29.0,6.8624,0.8819,850.0,2.9182,39.17,-117.06,0.5311
2.7053,37.0,6.486,1.2283,784.0,3.5761,36.44,-119.99,1.8384
2.683,45.0,6.0372,1.039,3147.0,3.9019,34.24,-118.91,2.2328
5.2601,24.0,5.0065,0.8895,4539.0,2.6942,33.56,-119.77,3.4128
3.9324,28.0,5.2095,0.8,4362.0,2.0362,36.42,-118.33,1.8412
4.3716,3.0,6.7652,1.2355,217.0,3.0586,36.74,-123.61,2.1883
5.1903,15.0,7.0151,0.971,701.0,2.3183,33.8,-118.83,2.6638
4.4155,37.0,4.6886,0.9134,164.0,2.5377,37.08,-119.18,2.0192
3.5666,4.0,4.5075,1.1959,4466.0,3.5374,37.27,-122.48,2.2963
1.8782,19.0,4.315,1.2209,1553.0,3.3885,41.82,-118.95,0.8888
3.4228,7.0,6.3956,0.9819,2085.0,3.6674,39.28,-119.67,1.3675
1.6323,44.0,4.2846,1.2369,1052.0,2.7302,32.62,-118.37,2.2714
2.8437,29.0,6.3811,1.4082,1123.0,3.8072,37.03,-118.66,1.4787
2.6029,33.0,6.0548,1.302,2687.0,3.0115,32.71,-120.25,2.8959
2.7149,35.0,4.7459,1.2787,1239.0,2.7727,37.36,-116.49,1.372
1.1544,12.0,7.2766,1.1471,1278.0,2.121,35.71,-120.73,1.235
0.5,3.0,3.6453,1.0334,1963.0,1.3281,41.08,-119.55,0.3027
2.2889,21.0,7.3914,1.0916,1800.0,1.7489,37.19,-120.04,2.1906
5.9364,10.0,5.7827,1.1661,1207.0,3.1724,40.57,-119.44,2.6807
3.1966,17.0,2.9118,0.9114,817.0,2.274,38.05,-116.3,2.0196
5.6775,17.0,7.3103,0.9846,767.0,1.6838,36.27,-117.2,3.0357
1.6403,40.0,6.5667,0.8858,2530.0,2.6645,34.68,-123.88,1.1195
2.2118,17.0,4.8861,1.1353,1299.0,3.2238,34.24,-119.35,1.6547
10.5589,8.0,4.2423,1.1125,623.0,3.3321,40.05,-123.05,4.4784
1.7137,49.0,3.5171,1.0021,2251.0,2.9769,40.89,-117.01,1.5528
4.3189,3.0,8.2985,1.2231,1190.0,2.9513,35.58,-114.43,2.2675
4.3147,11.0,4.2919,0.9433,208.0,2.5693,37.2,-118.11,2.3752
4.0241,18.0,3.8837,0.9965,656.0,3.5071,35.23,-120.5,2.3147
4.3528,4.0,5.7215,1.2171,1193.0,2.8585,36.83,-123.58,1.8906
1.6958,46.0,3.4345,1.2393,262.0,2.9389,40.76,-120.97,1.8654
2.3648,19.0,4.2221,0.9806,1498.0,3.8303,33.81,-119.05,1.8736
0.5,40.0,6.594,1.1348,1691.0,3.6335,35.27,-115.49,0.713
7.1784,7.0,5.9571,0.9832,2392.0,2.8521,39.11,-119.17,3.3202
4.3367,27.0,4.9364,1.0704,1390.0,2.7384,35.45,-114.46,1.6726
1.8922,7.0,5.422,1.1216,687.0,2.7321,33.27,-120.61,2.0005
1.6535,12.0,4.869,1.1841,216.0,1.383,36.06,-124.3,1.5905
5.9988,21.0,5.3256,1.1476,205.0,3.8775,38.93,-118.01,2.3719
1.7981,44.0,4.4858,1.141,1032.0,2.4522,41.85,-122.11,2.09
1.8879,16.0,4.7037,0.9382,1032.0,3.6837,40.98,-121.86,1.2535
1.404,39.0,4.6672,1.1582,252.0,3.0333,37.84,-124.13,1.6762
4.8474,5.0,4.529,1.1827,1470.0,4.1133,39.88,-118.99,2.2403
5.6272,13.0,6.6527,1.2033,827.0,3.4236,37.93,-121.82,3.154
2.6136,31.0,6.3241,0.9921,502.0,3.7297,37.19,-114.36,1.0675
5.6494,24.0,4.2812,1.2373,382.0,2.5263,34.12,-115.94,3.233
3.8127,26.0,3.9667,0.9024,3166.0,1.9717,35.28,-117.09,2.9422
1.3399,35.0,5.2113,1.0354,179.0,3.118,36.8,-120.76,2.0077
6.8687,4.0,7.9863,1.0587,3756.0,1.4663,41.86,-123.58,4.0647
1.3928,36.0,4.1668,0.9106,529.0,2.6256,38.28,-117.61,1.3025
2.7421,44.0,5.2065,1.0564,3994.0,2.0485,41.48,-124.08,2.0307
2.6188,40.0,5.5065,1.1332,229.0,2.3283,34.96,-119.88,1.784
2.3146,15.0,5.2696,0.8261,1571.0,3.4766,33.16,-123.77,1.9882
0.6013,18.0,4.8501,1.0408,2762.0,3.424,41.79,-118.7,0.5223
9.2791,50.0,6.7861,0.8377,2804.0,2.8704,35.63,-118.7,4.1961
0.68,41.0,5.9454,1.4062,1565.0,3.256,37.59,-118.99,1.2422
7.1264,48.0,6.415,1.1319,1405.0,2.5674,33.18,-117.15,3.372
1.6123,47.0,6.1073,1.1189,294.0,4.9413,40.67,-122.02,1.8221
2.0199,23.0,6.4727,1.1348,2261.0,3.2407,32.51,-121.88,2.4744
6.7111,7.0,7.3013,1.1907,2578.0,2.5277,41.11,-120.14,4.3839
4.0734,12.0,6.9973,1.2467,1214.0,3.7003,34.07,-117.27,2.3523
1.0372,16.0,8.1898,0.8655,1367.0,3.9921,34.24,-123.13,1.4106
1.0197,43.0,6.8608,1.2965,6000.0,2.3806,40.35,-115.44,1.2665
3.7043,15.0,4.5967,1.2869,326.0,1.8652,36.17,-121.78,2.6439
1.3743,19.0,6.4168,1.09,1599.0,2.0236,34.93,-123.02,1.4984
4.1941,44.0,6.2525,1.0822,2221.0,2.464,38.17,-118.31,2.1309
4.4642,9.0,7.7044,0.8,200.0,2.9566,34.92,-121.54,2.789
1.7408,34.0,4.2394,0.9134,223.0,1.6967,35.22,-120.21,1.8692
2.0976,29.0,6.0695,1.1778,622.0,2.6654,32.93,-123.69,1.9977
3.7813,51.0,4.5827,1.2801,668.0,2.8337,37.62,-119.65,1.798
1.6852,25.0,6.0151,1.2093,582.0,3.2599,33.73,-121.26,2.9032
3.1995,27.0,5.1423,1.0886,690.0,3.4894,40.45,-122.6,2.4384
10.9386,44.0,5.9754,1.3889,707.0,3.3212,39.63,-120.44,5.0
3.8963,51.0,3.7076,1.2508,1199.0,4.4337,35.21,-116.6,2.1173
2.3371,38.0,6.3519,1.0409,515.0,3.8753,37.57,-116.66,1.7248
9.8427,36.0,5.6473,1.4273,938.0,3.1776,37.99,-120.7,4.7339
5.062,45.0,5.5826,0.9356,1152.0,2.2236,38.83,-114.56,3.0139
1.3999,50.0,7.7403,0.8792,833.0,2.4596,36.48,-123.04,1.9589
1.6065,38.0,4.941,1.0368,1596.0,1.8571,38.7,-115.75,1.0913
0.754,15.0,5.8107,0.9862,3044.0,3.1227,34.11,-114.51,1.1079
3.7377,33.0,5.5203,1.0453,314.0,3.2651,36.97,-118.57,1.942
0.5034,13.0,5.6376,1.2197,477.0,3.7143,33.39,-123.7,1.0557
9.8355,26.0,8.0662,1.0949,2015.0,3.2139,41.44,-115.09,4.4336
2.5334,23.0,5.4766,1.0988,1449.0,3.8432,36.31,-119.93,0.7757
5.2551,51.0,4.7193,1.1088,2130.0,3.8596,38.37,-122.58,3.6066
2.379,29.0,7.6451,0.8,1920.0,2.1775,37.15,-115.39,2.2203
3.696,49.0,5.0308,0.8727,684.0,2.5855,32.75,-120.03,2.9289
2.7673,42.0,3.4738,1.0422,3205.0,2.9912,33.1,-119.31,2.6756
3.1397,44.0,4.511,0.9736,3259.0,2.4351,35.01,-118.59,2.0604
6.2709,9.0,3.9041,1.0652,491.0,2.8053,38.91,-115.23,2.8955
8.1341,40.0,3.24,1.3106,2910.0,3.241,38.59,-119.26,3.5216
7.7577,13.0,4.9644,1.0888,3123.0,2.9015,34.29,-115.42,3.8831
15.0,30.0,5.3157,0.9017,3911.0,3.0002,37.14,-122.6,5.0
1.823,25.0,6.8166,0.981,1949.0,2.2459,35.99,-118.13,1.0237
3.9278,14.0,6.1553,1.3566,893.0,3.4052,37.9,-119.04,1.6704
1.8539,51.0,6.1006,1.3299,645.0,3.3466,35.68,-121.05,1.7328
6.1148,45.0,4.3281,1.1894,893.0,2.39,41.01,-122.17,2.5437
1.4527,30.0,6.4619,0.8656,362.0,1.9654,36.99,-123.6,1.8194
6.3373,1.0,7.0695,1.146,1622.0,3.9842,36.55,-121.68,3.3404
3.4742,10.0,5.8735,1.1576,1026.0,4.3985,39.18,-117.49,1.6645
2.874,12.0,5.907,1.1038,297.0,3.1878,39.92,-121.52,2.221
3.0979,50.0,3.8824,1.0145,657.0,2.7107,36.66,-117.02,1.9168
1.2598,21.0,6.6653,1.0456,2746.0,3.837,33.54,-115.55,1.9728
1.345,3.0,7.537,1.004,1645.0,3.3763,33.31,-117.36,0.9495
3.5145,30.0,5.7875,0.9282,593.0,2.8314,35.61,-116.25,1.9486
3.4991,49.0,4.6868,1.3049,3842.0,3.7745,39.46,-118.57,1.9721
1.9155,29.0,5.2056,1.2323,1484.0,2.3523,38.71,-114.83,1.469
2.5144,23.0,4.8955,1.0573,403.0,2.4474,35.23,-116.67,1.479
4.14,9.0,4.9675,1.1528,897.0,3.2909,32.54,-121.07,2.8165
1.6785,45.0,6.1776,1.1585,276.0,3.0914,38.61,-117.07,1.1673
0.6769,6.0,5.7354,1.4514,3201.0,3.5098,37.86,-117.58,0.2911
7.3346,48.0,6.6047,1.2309,2180.0,3.9547,39.84,-116.79,2.9134
3.6753,12.0,5.8451,1.2252,616.0,1.758,39.02,-121.11,2.7217
2.1695,8.0,4.3631,1.1057,152.0,3.0312,34.85,-119.2,0.7821
1.8498,18.0,4.7992,1.0348,2155.0,4.5209,39.46,-115.5,0.739
1.6663,1.0,4.7246,1.3074,1448.0,2.5228,37.12,-114.54,0.557
6.1001,1.0,5.1762,1.1978,2873.0,2.4282,37.96,-120.7,3.4127
1.0954,10.0,7.5537,0.9756,100.0,1.2072,35.89,-119.43,0.8599
3.9213,36.0,7.7459,1.1681,2005.0,3.0814,40.01,-120.99,1.8165
3.9192,42.0,6.4039,1.2256,1118.0,3.4645,34.36,-117.12,2.8567
4.902,13.0,5.5425,0.8,4956.0,3.4628,34.44,-123.91,2.9447
2.3187,33.0,3.766,0.9616,372.0,2.1704,34.76,-114.76,1.6114
6.9599,18.0,5.664,1.1544,2324.0,2.993,40.0,-118.81,3.5948
4.9925,23.0,4.452,0.8113,2042.0,3.1772,39.42,-121.59,2.5397
2.2639,18.0,7.3566,0.8351,291.0,3.0417,35.06,-123.93,1.7399
1.7869,46.0,3.4727,1.0594,930.0,2.1242,33.87,-118.69,1.7832
2.7725,27.0,5.8614,1.1737,1842.0,3.0618,32.77,-118.44,2.4917
2.2109,26.0,4.3509,1.1807,618.0,2.3483,39.0,-117.35,1.503
1.5762,44.0,5.3886,1.3374,635.0,1.5025,37.62,-119.05,1.5643
3.1901,34.0,6.1993,1.1123,2521.0,3.545,39.17,-119.14,1.4057
2.5259,8.0,6.6264,1.0441,4206.0,3.112,39.23,-121.26,1.9852
7.97,10.0,5.3272,0.9039,2367.0,3.4735,40.53,-122.36,4.2599
2.2083,18.0,6.3135,1.0423,318.0,2.5724,36.45,-121.79,1.5158
1.775,5.0,4.605,1.2061,100.0,3.5012,40.36,-120.55,1.3263
3.0545,36.0,5.6946,1.2129,427.0,3.8177,36.64,-116.57,1.9619
3.6004,26.0,6.6026,1.1397,1991.0,4.4032,39.22,-123.12,2.972
3.7804,3.0,5.7985,1.1821,2170.0,3.6511,37.74,-117.86,1.829
3.7567,21.0,4.7648,1.2915,856.0,3.3078,41.25,-123.92,2.3288
3.1238,43.0,5.0651,1.1113,421.0,1.8961,36.02,-123.87,2.4904
2.9746,47.0,6.6188,1.3051,923.0,2.9148,39.05,-121.56,2.3748
4.4802,50.0,4.0898,0.991,195.0,1.8619,38.18,-120.73,3.4527
1.4695,48.0,4.2668,1.089,1524.0,2.3449,41.99,-122.4,1.5181
1.7844,31.0,6.1219,1.0279,1394.0,4.564,33.23,-115.44,1.8857
0.8772,48.0,4.873,1.2189,394.0,2.1816,38.18,-121.25,1.0752
1.488,49.0,3.6563,0.9478,2397.0,1.1259,34.71,-119.62,1.8504
5.7368,33.0,7.021,1.0517,1239.0,3.6505,40.9,-114.36,3.229
4.3619,22.0,4.0805,0.821,570.0,2.4615,40.05,-121.76,2.9905
8.6117,50.0,5.1607,1.1892,1571.0,3.6144,38.79,-118.11,4.3726
7.3995,22.0,4.6566,1.287,4871.0,2.0639,37.06,-116.83,3.7935
4.3854,9.0,5.0428,1.2366,210.0,2.6593,38.97,-121.59,2.4118
3.3566,6.0,4.3385,1.2219,5117.0,3.9567,37.77,-123.73,1.4813
3.0936,29.0,6.2571,1.2259,1228.0,1.9424,35.23,-116.39,2.0685
0.5,2.0,5.533,1.205,1861.0,2.8646,40.28,-121.41,0.8391
2.8692,7.0,6.5804,1.1922,1968.0,3.233,37.37,-121.09,2.159
2.019,13.0,4.669,1.2018,587.0,2.4246,34.94,-120.15,1.5842
1.5392,28.0,7.9596,1.0016,839.0,3.1936,38.81,-123.91,1.6182
3.9521,25.0,3.1144,1.07,3085.0,3.0125,32.68,-115.79,2.6709
2.6403,27.0,3.4978,1.1105,3487.0,3.4276,39.34,-115.67,1.6891
3.2203,26.0,7.5037,1.0496,1029.0,4.4738,36.97,-115.59,1.9756
1.3707,51.0,5.9689,0.8651,4322.0,5.1402,38.53,-122.47,1.1022
5.126,12.0,5.8097,0.9147,1122.0,3.3707,33.99,-114.54,3.1531
2.2008,25.0,5.9175,1.1345,2227.0,2.9117,39.32,-117.69,1.3428
3.8192,32.0,6.0854,1.2359,633.0,3.3527,39.37,-118.37,2.3318
2.3335,14.0,5.7597,1.1014,2119.0,2.8142,39.55,-117.08,1.8586
0.5,10.0,4.2409,1.5147,959.0,1.7301,36.94,-116.74,0.15
4.0542,3.0,6.3818,0.962,5830.0,2.9627,38.58,-120.14,2.747
2.7592,17.0,6.1928,1.1667,1643.0,3.8657,37.72,-118.46,1.3654
0.8251,13.0,7.1141,1.2937,3984.0,1.8282,34.71,-118.45,0.5712
1.2426,10.0,7.5171,1.2599,1427.0,2.2123,32.72,-124.22,1.7072
5.2193,14.0,5.7966,1.1983,1245.0,2.5344,36.43,-124.2,2.6349
0.861,36.0,3.9269,1.2605,1399.0,3.2979,40.24,-119.59,1.0551
2.1602,43.0,7.527,1.1083,4680.0,4.9016,35.56,-118.72,0.9764
9.0651,27.0,4.1782,1.3494,806.0,2.3525,39.62,-117.23,4.7835
4.1208,4.0,5.8056,1.2925,5667.0,3.073,38.58,-116.77,2.1761
4.7785,38.0,5.0919,0.9722,2492.0,3.0046,35.86,-118.44,2.6936
2.4861,8.0,4.8832,1.1482,4517.0,2.759,32.51,-121.46,1.5113
0.7625,3.0,6.3172,0.8679,425.0,2.9618,36.59,-118.11,0.15
3.4249,29.0,5.6934,1.3283,2188.0,2.6282,36.23,-121.7,2.3781
1.3131,22.0,6.0159,1.1336,3177.0,5.1944,33.82,-116.12,1.1477
1.2137,16.0,4.4212,1.3023,3238.0,3.5997,40.28,-120.07,1.4792
3.1713,50.0,5.1911,1.0836,2186.0,2.6351,41.58,-115.35,1.1211
1.3868,5.0,4.4766,0.8216,897.0,3.9469,33.65,-123.02,1.2742
2.9345,3.0,5.1611,1.4956,846.0,3.2054,34.69,-117.25,1.6839
1.8285,30.0,5.2575,1.1197,801.0,3.0464,38.51,-120.01,1.5581
2.8668,22.0,7.6132,0.95,1569.0,2.8544,41.53,-123.03,1.9286
2.0618,41.0,5.0887,1.2719,1380.0,2.8,41.37,-118.71,0.9755
2.9204,3.0,2.8493,1.4054,930.0,2.024,41.35,-122.18,2.2865
7.0315,22.0,7.0741,1.0696,1062.0,1.6611,36.68,-121.38,3.8398
4.8462,8.0,5.9391,1.0851,1259.0,3.2966,41.87,-119.74,2.6385
2.7062,3.0,5.2428,1.1357,122.0,2.8463,35.96,-120.66,2.2635
6.3598,24.0,4.8753,0.9334,970.0,3.7019,33.32,-120.41,4.3623
3.8544,38.0,4.2637,0.9964,752.0,2.2881,39.19,-120.33,2.7055
6.0947,9.0,7.7257,1.3673,405.0,2.1216,37.78,-124.13,3.2346
0.9456,43.0,5.4622,1.0802,432.0,3.6209,40.09,-120.63,1.1859
1.3992,27.0,3.3147,0.9744,956.0,2.7637,38.4,-120.36,2.1523
3.3988,25.0,5.7933,1.0322,1623.0,3.6846,40.3,-118.37,1.7165
2.6608,48.0,6.8474,1.2609,1700.0,3.0268,35.77,-119.49,2.2451
2.9251,17.0,5.5877,0.8036,1881.0,4.502,35.24,-122.57,1.9378
4.2588,11.0,4.3181,1.1382,1702.0,3.6046,39.69,-118.42,1.8223
3.4211,41.0,4.2107,1.4693,829.0,3.3278,37.23,-123.95,2.3253
5.1375,6.0,4.2992,1.4047,430.0,3.6399,34.2,-120.97,3.5839
5.0508,45.0,7.226,1.186,538.0,2.7817,36.06,-118.1,2.8995
1.4508,43.0,5.314,1.2975,1145.0,1.6857,40.11,-118.06,1.3199
0.5,50.0,3.3855,1.296,1394.0,3.2887,41.28,-122.5,1.002
1.3792,24.0,5.861,1.0811,2315.0,4.5533,39.72,-120.91,1.3135
1.3103,32.0,5.5692,1.2387,3259.0,1.1676,39.32,-119.72,1.1898
3.0733,46.0,4.8613,1.3683,878.0,3.3753,40.21,-120.19,2.5416
3.0472,7.0,4.1755,0.9104,1432.0,1.7718,34.41,-117.45,3.072
2.5525,16.0,4.1233,1.1865,1946.0,2.9814,38.01,-116.9,1.5806
3.9496,25.0,6.704,1.1542,1263.0,3.0636,38.14,-123.89,3.1648
11.4973,33.0,5.697,1.1155,553.0,3.5975,41.49,-116.85,5.0
2.5143,35.0,5.9744,1.1022,645.0,3.1681,32.65,-115.51,2.3597
3.4918,48.0,5.6937,1.1348,2448.0,4.0988,41.72,-115.16,2.4811
2.9247,25.0,5.7932,1.1473,932.0,3.9331,39.4,-123.74,2.4372
1.9313,9.0,4.8379,1.2678,1012.0,2.8427,32.71,-115.46,2.0372
4.2839,10.0,5.153,1.1715,109.0,3.8755,37.43,-122.66,2.3468
2.4295,41.0,6.7979,1.0733,2902.0,2.7498,33.16,-120.92,2.9474
1.642,24.0,7.0975,0.974,1989.0,2.6121,38.23,-120.48,1.2716
1.7351,33.0,3.9335,1.0291,306.0,2.0365,36.79,-121.31,2.3604
5.2524,29.0,5.1501,1.1392,1812.0,4.0496,39.84,-121.35,2.6163
4.217,42.0,6.4071,0.9941,1906.0,2.76,38.0,-122.61,3.3282
2.0884,12.0,7.6585,1.2419,3951.0,1.0628,39.97,-117.71,1.8801
3.9084,9.0,7.5384,1.1645,595.0,3.4337,36.0,-118.5,2.2483
2.9478,38.0,4.4451,1.2715,1736.0,2.6528,40.64,-118.16,2.608
3.531,23.0,6.9301,1.0042,774.0,2.7611,40.73,-119.09,2.3518
1.8948,42.0,5.4704,0.9753,741.0,2.8128,38.73,-122.09,1.423
1.3428,7.0,6.6533,1.2704,3459.0,2.7308,35.01,-118.44,1.0779
2.4201,14.0,6.3459,1.1195,2462.0,5.1822,41.92,-117.76,0.3728
1.5264,49.0,3.8832,1.0696,313.0,4.3302,40.27,-123.78,1.5253
1.4416,44.0,6.06,1.2048,264.0,3.5593,40.59,-114.42,1.0729
0.9924,4.0,6.6068,1.1992,1862.0,3.1931,32.61,-118.5,1.3412
0.5,42.0,5.3758,0.9116,1085.0,3.903,40.35,-117.92,0.448
2.1149,4.0,5.1044,1.3077,526.0,3.1949,34.57,-118.6,0.7816
5.8656,7.0,3.514,1.0384,1889.0,3.6527,37.33,-117.39,2.7453
4.9898,46.0,6.2203,1.355,1715.0,3.4466,39.19,-117.73,3.1663
7.6755,7.0,5.6505,0.9,1239.0,3.1027,36.4,-116.31,3.4562
1.3941,16.0,4.2934,1.1476,1335.0,3.7522,34.81,-122.68,2.0136
4.4601,7.0,5.009,1.0722,566.0,2.6639,37.25,-122.66,2.4377
2.6976,31.0,5.5854,0.8037,1704.0,3.0468,35.35,-122.1,2.2976
1.7373,3.0,4.7296,1.1987,4387.0,2.2165,38.35,-114.67,1.1472
5.4565,15.0,5.4032,0.8114,380.0,2.3088,33.54,-120.73,3.5135
2.7162,17.0,3.3001,1.0562,2403.0,1.0,36.38,-121.14,2.6198
0.6758,34.0,7.0193,1.2656,461.0,3.3653,38.12,-122.01,0.9158
4.9566,26.0,5.4191,1.0205,2100.0,3.5852,41.91,-119.49,1.7378
3.7378,10.0,4.0808,0.9644,1062.0,3.8683,37.21,-115.25,1.6471
3.1904,24.0,2.4483,1.2201,2139.0,2.1181,36.55,-117.56,1.7693
1.1855,24.0,6.635,1.0626,404.0,3.3519,41.9,-122.42,1.6878
3.4391,19.0,6.0697,1.0392,1377.0,2.9994,41.29,-115.93,1.4065
7.0428,28.0,5.6528,1.2912,2284.0,3.5901,38.89,-114.84,3.5518
3.6714,17.0,6.4364,0.9249,1418.0,2.4789,37.68,-117.17,2.1438
0.8743,18.0,6.4331,1.0311,1975.0,2.731,35.07,-118.36,0.9152
3.8526,40.0,5.6333,1.23,836.0,1.7572,38.43,-117.58,2.8126
3.6962,13.0,5.0949,0.9152,2013.0,2.4265,40.42,-116.94,1.9381
4.6905,17.0,4.8994,1.3663,3433.0,3.0025,41.83,-115.71,2.3399
3.6299,8.0,5.9051,1.0675,826.0,3.1393,34.12,-117.71,2.4253
1.4454,36.0,7.0764,1.2312,1952.0,1.6513,35.1,-118.99,1.3972
3.0772,37.0,5.2765,1.2309,644.0,2.5908,40.9,-122.48,1.8797
2.4494,35.0,7.1718,1.0772,3685.0,3.1283,40.68,-120.56,1.8793
3.3238,9.0,5.8478,1.0281,316.0,4.1264,39.31,-123.45,1.8113
5.5803,24.0,5.8568,1.0936,1646.0,2.324,33.49,-117.01,3.2034
1.8243,15.0,8.2861,1.2069,1264.0,3.3921,39.21,-114.38,0.9923
8.3829,39.0,7.3832,0.952,832.0,2.5507,36.96,-123.34,4.7167
3.8366,18.0,7.4143,0.9195,807.0,2.6434,36.03,-119.9,1.9833
4.9742,22.0,4.4429,1.3226,1179.0,2.2979,34.88,-117.3,2.8962
4.5638,24.0,8.0306,0.9898,3330.0,2.1645,35.52,-124.0,3.2451
3.7381,39.0,5.3013,1.1531,1492.0,2.6202,37.59,-119.9,1.4184
4.1879,36.0,5.127,1.0697,181.0,3.8384,34.04,-116.35,2.2161
0.5,42.0,2.8089,1.0763,259.0,2.396,37.34,-121.37,0.4691
4.5584,22.0,5.7915,1.3146,1487.0,2.2714,32.96,-117.7,2.8578
1.5332,42.0,4.1,1.0872,2589.0,3.1673,36.4,-118.23,1.1373
2.8268,45.0,5.8899,1.0465,583.0,3.0042,41.62,-117.3,1.9473
3.7213,27.0,4.0061,1.0595,1422.0,2.9454,39.52,-121.9,2.7201
5.735,35.0,7.5572,1.0245,2616.0,3.2032,33.15,-122.62,3.8844
1.5336,47.0,6.0619,0.9995,1595.0,2.1923,39.03,-124.13,1.6895
2.1525,43.0,8.1358,1.0251,1317.0,2.2809,34.36,-119.5,2.2391
2.3623,15.0,4.1724,1.3495,938.0,3.789,37.0,-122.43,1.4144
3.3503,37.0,7.259,1.2067,1065.0,2.8833,35.29,-117.79,1.5467
2.4647,23.0,3.2367,1.0482,2027.0,3.4772,41.37,-118.81,1.6896
4.1998,8.0,5.6497,1.2472,2212.0,3.9792,33.02,-115.96,2.5246
0.7005,19.0,4.6421,0.8619,2182.0,3.6766,40.87,-116.28,1.0707
2.6775,50.0,4.8625,1.3064,666.0,1.9042,39.16,-120.69,2.0032
7.4644,49.0,4.7802,1.2943,100.0,2.9068,35.95,-121.34,3.7175
2.4692,41.0,4.3023,1.4355,850.0,3.8327,40.86,-123.48,1.6126
3.8459,51.0,3.8884,1.2517,2365.0,3.4182,36.36,-116.74,2.4319
5.1988,30.0,4.8691,1.1656,3854.0,3.1472,39.13,-119.34,2.9694
3.7662,39.0,5.5392,1.2937,491.0,1.6884,39.98,-120.94,2.9075
8.8349,9.0,6.7964,1.0061,1949.0,2.5068,35.22,-117.26,4.1288
3.1252,16.0,5.7544,1.0407,708.0,3.0555,33.19,-121.56,2.8604
4.3331,9.0,6.7998,1.0904,3168.0,1.8593,40.75,-119.52,2.1242
3.4412,48.0,3.6262,1.3053,2338.0,3.6349,34.7,-119.94,2.4183
6.5682,32.0,4.8804,0.9716,1564.0,2.9059,41.35,-121.6,4.3991
2.2272,48.0,6.2532,0.9557,1652.0,1.4163,35.49,-116.4,1.5521
9.2641,22.0,5.8118,1.1355,2938.0,2.5467,36.44,-117.23,4.3003
1.8574,21.0,4.3666,1.2076,200.0,2.7709,36.59,-119.1,0.7174
7.8969,35.0,6.5209,0.9945,1138.0,2.8961,36.94,-117.39,3.5949
1.4007,29.0,4.7625,1.2006,429.0,4.1357,41.65,-123.41,1.4486
4.4212,19.0,4.4672,1.3053,1631.0,3.4628,34.83,-120.0,1.9649
2.9478,17.0,5.9843,1.2801,1389.0,1.9076,38.28,-118.3,1.5027
5.1324,27.0,5.4074,1.153,1561.0,1.8084,35.29,-120.36,3.5853
3.9066,4.0,4.7725,1.0864,368.0,2.7865,33.74,-117.16,2.4444
4.9616,10.0,4.7318,1.3603,2606.0,3.101,35.24,-119.08,2.6022
1.3633,3.0,4.1162,1.1023,2103.0,3.7939,37.75,-120.47,0.5691
0.8161,8.0,4.9251,1.2411,828.0,4.3839,38.27,-120.15,0.8034
1.196,11.0,6.72,1.3937,2222.0,4.4274,35.01,-117.14,1.265
1.1722,4.0,5.6935,1.2253,102.0,2.6461,41.88,-123.64,0.9256
1.3506,3.0,6.5503,0.9504,442.0,3.7476,35.95,-115.92,0.5013
1.9489,42.0,6.0193,0.9141,1173.0,3.3405,40.4,-123.73,2.0454
1.9365,10.0,4.6653,1.0554,952.0,2.1274,32.83,-122.97,1.7926
2.9944,29.0,3.421,1.2064,3062.0,1.4897,39.1,-116.2,2.2016
1.617,6.0,4.2878,1.1667,2001.0,3.1153,35.38,-120.56,0.6408
1.7141,49.0,4.5945,1.4311,3520.0,1.8039,37.6,-119.71,0.7802
2.5721,13.0,4.5017,1.1653,307.0,2.3188,40.45,-120.57,1.9885
5.5709,39.0,6.5772,1.0509,945.0,2.4521,39.39,-123.37,3.1286
2.2005,33.0,6.5647,0.93,418.0,3.175,35.92,-118.21,1.2772
2.8639,40.0,8.0543,1.2771,1569.0,4.0245,39.46,-117.41,2.047
3.1809,33.0,4.4835,1.0991,308.0,3.0102,36.43,-122.4,2.4886
1.473,26.0,7.3169,0.8741,1413.0,2.5689,33.1,-116.78,1.2621
2.3527,40.0,7.3095,1.1033,631.0,1.3452,38.82,-123.3,2.4945
1.8152,42.0,5.1213,0.9506,2243.0,3.3667,41.4,-116.55,1.2587
5.2491,20.0,5.9683,1.0362,1183.0,3.0228,33.29,-117.29,3.2565
4.985,49.0,6.8889,1.1009,249.0,2.5603,39.03,-115.18,2.9284
1.6834,51.0,5.3293,0.9642,2502.0,3.9329,40.48,-116.17,0.8095
2.8273,37.0,5.2363,1.0269,2531.0,2.0474,38.17,-115.86,1.6795
4.3352,48.0,4.6472,0.9884,2155.0,2.4521,37.11,-114.72,1.7777
3.6372,6.0,2.568,0.9924,815.0,2.804,34.75,-115.86,1.7952
3.8907,28.0,5.4846,0.9488,1846.0,2.5503,34.34,-116.34,2.8362
1.4799,34.0,4.5482,1.0276,2690.0,3.4406,36.26,-122.34,1.2579
7.7236,48.0,4.1096,0.9658,1090.0,3.3711,38.59,-116.75,3.8559
1.9218,7.0,5.9066,1.188,1131.0,3.8408,35.49,-117.97,0.5922
1.8827,42.0,3.6584,1.1301,1309.0,3.4019,37.14,-114.68,1.7973
1.083,4.0,6.3673,1.2792,2178.0,2.9077,38.2,-117.1,0.244
2.649,19.0,5.9803,1.383,1458.0,2.7281,34.49,-121.7,2.3421
5.9348,36.0,4.9198,1.2016,1940.0,3.3642,39.54,-122.66,2.964
3.6136,15.0,5.324,1.1674,1047.0,2.8478,38.47,-121.49,2.3592
2.7907,43.0,3.9717,1.2111,1026.0,3.0378,38.12,-119.5,2.1752
4.7615,48.0,6.3004,1.17,1992.0,3.4077,37.04,-117.77,1.9641
5.8448,9.0,5.6248,1.1075,723.0,3.1108,35.97,-122.15,3.3376
4.9781,14.0,5.7142,1.0956,498.0,3.2469,37.71,-121.97,3.3571
0.6215,4.0,6.0023,0.9467,695.0,2.3673,39.77,-121.28,1.0191
4.787,37.0,4.6291,1.2258,990.0,4.0798,39.21,-116.23,2.199
3.9892,46.0,3.5771,1.0953,1243.0,2.1147,39.51,-120.65,2.8685
1.6561,31.0,6.5488,1.3174,819.0,3.3514,34.49,-123.52,1.9049
3.9997,7.0,6.2265,1.2373,897.0,2.6113,39.91,-118.85,2.6842
5.9421,9.0,4.7576,1.0061,1622.0,3.8659,35.69,-124.24,3.3112
1.9827,2.0,5.8909,1.287,625.0,3.707,34.71,-117.56,1.2337
5.1984,25.0,6.9096,0.8,2129.0,2.9984,33.65,-115.88,3.926
3.6649,37.0,6.7664,1.3895,556.0,4.2438,40.39,-122.64,2.8526
0.5,8.0,4.7225,0.8992,1219.0,2.8501,38.42,-115.85,0.4305
2.9298,44.0,3.6135,1.1743,1158.0,3.7054,40.49,-117.51,1.7838
3.5716,13.0,3.8193,1.1641,3048.0,2.419,37.83,-123.31,3.0955
2.4178,27.0,5.0259,1.2686,1060.0,3.324,40.67,-122.02,1.5826
3.7532,35.0,7.1548,1.0507,2344.0,2.254,37.79,-122.03,2.6413
2.723,28.0,4.5259,0.8,1995.0,3.0156,38.64,-122.24,1.6633
10.3955,25.0,4.6844,1.0509,777.0,2.9589,33.04,-120.95,5.0
2.3014,18.0,4.6597,1.0671,2870.0,3.7028,38.86,-115.22,0.9124
1.6916,22.0,4.7619,0.8,810.0,2.4634,38.18,-122.06,1.2991
5.0368,13.0,5.3865,1.1068,959.0,5.4587,34.8,-115.03,1.8416
2.509,16.0,3.8639,0.9386,1717.0,1.8943,33.57,-118.8,2.2532
2.8225,39.0,6.7012,1.1974,887.0,3.1864,35.8,-119.13,1.8053
2.6622,46.0,5.2262,1.0631,317.0,3.2302,33.07,-117.56,2.644
4.8653,44.0,8.375,1.3942,972.0,3.4305,38.21,-116.24,2.7772
1.3425,17.0,3.9917,1.0616,959.0,2.5877,37.69,-114.72,1.0222
5.192,17.0,7.3078,1.1646,525.0,3.1934,41.22,-124.27,2.8498
4.1982,3.0,7.0696,1.068,1208.0,2.5484,37.42,-120.32,3.1398
8.3988,14.0,4.906,0.8565,1228.0,4.4985,39.43,-122.51,3.8707
3.3933,30.0,4.9259,1.0693,1629.0,2.4919,38.81,-122.78,2.7308
1.4201,14.0,4.2944,1.213,442.0,2.8816,39.15,-122.83,0.9043
3.4177,38.0,4.3082,1.1903,467.0,2.4693,35.48,-117.2,2.022
3.6972,3.0,5.3993,1.056,2178.0,2.3598,36.45,-123.79,2.9455
6.258,22.0,5.4248,0.8815,544.0,1.8791,33.64,-115.93,3.9588
1.4174,15.0,3.4772,1.1967,1483.0,3.5377,38.68,-116.77,0.3243
0.875,26.0,8.1522,1.1629,1028.0,2.4617,35.37,-120.21,1.0121
3.4644,2.0,5.0886,1.2265,658.0,2.3623,37.71,-120.05,2.6872
8.6188,22.0,5.4787,1.0589,3021.0,2.2295,41.25,-117.52,4.19
4.5904,41.0,4.6485,0.8473,1242.0,3.2435,38.99,-124.19,2.8301
4.7582,44.0,5.0796,1.1801,745.0,3.0173,35.04,-120.43,2.8028
1.0595,14.0,4.9705,1.0986,256.0,3.021,37.39,-122.5,1.0482
3.0988,22.0,5.3965,1.3088,1899.0,2.3909,38.22,-122.49,2.7097
6.3305,36.0,5.3825,1.1043,540.0,3.3482,40.58,-118.79,2.9512
3.7255,24.0,6.3658,1.0932,2848.0,2.4701,40.04,-121.84,2.2988
0.8234,28.0,5.6727,1.1626,1140.0,3.0561,35.49,-120.55,1.4467
3.0579,18.0,6.2451,1.0105,5700.0,2.8882,41.24,-117.13,1.3281
4.3905,43.0,5.3882,1.0032,958.0,1.6492,33.9,-118.09,2.8932
2.8394,33.0,5.6775,1.0853,521.0,4.623,35.12,-121.0,1.9108
1.5563,49.0,5.1104,0.9619,1261.0,3.4598,32.82,-123.8,2.2359
5.1326,40.0,6.6037,1.0656,720.0,3.1442,35.46,-124.03,2.9129
2.2373,19.0,5.7871,1.3909,135.0,3.2704,36.43,-119.42,1.4584
3.9559,17.0,5.2103,1.2564,2241.0,4.6419,34.79,-120.08,2.25
3.0039,5.0,5.1745,1.1462,1511.0,3.9095,32.62,-116.34,1.148
2.1775,32.0,5.2689,1.3328,611.0,3.279,32.6,-123.48,2.5853
9.2035,39.0,5.4365,0.9763,437.0,2.4334,41.28,-115.8,4.3778
2.0062,19.0,5.3324,1.4736,488.0,2.5596,39.48,-122.17,1.9755
3.1739,2.0,4.7294,1.0309,1212.0,1.5574,39.13,-120.79,2.8459
2.9975,43.0,6.3179,1.4006,4201.0,2.7054,39.96,-115.7,1.972
3.408,12.0,6.3937,1.3999,1015.0,3.5295,39.09,-115.92,1.4481
8.7947,30.0,7.5406,0.837,241.0,3.5069,33.08,-119.15,5.0
4.3941,3.0,4.6756,1.3201,535.0,3.4929,41.29,-123.48,2.0574
2.1626,4.0,6.1997,1.0574,1326.0,2.5877,36.57,-118.4,1.8545
7.1819,46.0,3.109,1.0148,625.0,3.4408,36.81,-116.68,3.4522
4.8791,35.0,6.3949,1.1787,366.0,3.6593,40.92,-121.68,2.7288
2.1929,1.0,3.6521,0.9488,1042.0,1.2184,34.44,-122.47,3.0514
6.5227,6.0,4.2188,1.1753,533.0,3.2435,35.47,-119.33,3.0365
1.0496,26.0,5.7987,0.9589,1384.0,4.6648,40.62,-116.81,1.2368
1.2989,35.0,4.6542,1.1266,1412.0,2.7668,37.44,-119.25,1.1344
0.7744,22.0,4.49,1.3003,1743.0,1.0,36.49,-121.91,1.395
0.5,45.0,4.8182,1.158,1962.0,2.3499,41.57,-115.61,0.15
6.2405,34.0,6.2756,1.046,596.0,1.5484,40.94,-115.58,3.7764
3.4363,32.0,4.2805,1.1812,2213.0,2.4925,40.93,-117.72,2.1738
0.8413,15.0,5.335,0.889,878.0,2.0207,34.52,-123.56,1.1978
2.9452,35.0,4.9456,0.9742,178.0,3.7447,40.52,-121.98,2.3013
5.2988,45.0,6.3839,1.0355,2039.0,3.6228,38.74,-118.11,2.8631
1.7531,3.0,6.4175,1.218,2991.0,3.2744,39.07,-116.49,0.5793
2.4181,38.0,3.1977,1.1609,994.0,3.981,32.95,-119.56,2.0654
9.4657,45.0,6.6541,1.1803,2298.0,2.5477,37.78,-121.26,5.0
2.575,23.0,4.6671,1.0959,1054.0,3.0588,34.58,-115.45,1.7514
0.9043,40.0,5.6836,0.9818,729.0,4.7555,41.31,-120.49,1.0621
2.0685,19.0,4.2733,1.3232,1067.0,3.4682,37.84,-115.14,0.998
0.7899,10.0,5.8454,0.9953,1157.0,3.4662,38.37,-118.98,0.3583
4.624,42.0,8.4616,1.1629,1330.0,2.386,34.81,-118.16,2.448
1.57,16.0,5.5526,1.0832,914.0,2.6667,36.5,-123.05,1.2796
1.5317,39.0,4.8482,1.1844,1978.0,2.1976,37.53,-121.62,1.9298
9.987,17.0,5.1214,1.0092,1678.0,4.3447,40.21,-114.55,4.0869
1.1853,21.0,3.6372,1.2579,487.0,1.7534,38.31,-117.11,0.6481
1.0134,35.0,7.1388,1.3067,776.0,3.7313,33.57,-119.53,1.705
1.3539,18.0,5.7755,1.2487,1903.0,3.4649,36.78,-119.09,0.8321
5.4029,42.0,4.1413,1.1236,1035.0,1.7173,35.31,-123.42,3.7672
4.2438,2.0,4.1804,1.0347,628.0,3.9139,37.62,-116.47,1.7258
2.049,1.0,5.4183,1.5233,1008.0,2.793,36.96,-123.59,1.2619
1.914,5.0,6.5184,0.9513,300.0,1.9433,32.71,-120.43,1.4926
4.0368,14.0,4.0188,1.2322,2720.0,3.2916,34.47,-120.19,2.4546
3.5234,3.0,6.7361,1.1499,1188.0,2.342,38.77,-118.27,1.4938
2.6928,20.0,5.29,1.0906,719.0,2.8361,37.67,-120.14,2.0497
4.3382,2.0,4.2837,1.1278,285.0,2.5954,33.01,-114.69,2.5043
1.2818,39.0,4.8388,1.0235,3643.0,2.2967,38.18,-116.32,0.8997
1.5907,8.0,7.4983,1.1641,259.0,2.0493,37.28,-114.71,0.15
4.4844,50.0,3.7341,1.1475,1555.0,3.6375,33.93,-119.11,3.1744
3.7138,44.0,4.5217,1.5016,918.0,3.2599,32.52,-121.28,3.3963
3.0867,36.0,6.5431,1.2606,1008.0,3.2085,35.69,-114.49,2.2157
9.7732,41.0,5.6597,1.1774,1103.0,2.7086,39.91,-123.49,4.8659
4.9558,40.0,4.4505,1.1863,746.0,3.041,33.76,-115.03,3.5537
2.0942,44.0,6.5578,1.3759,1164.0,2.4112,41.47,-123.34,2.2752
1.6996,29.0,6.6148,0.9544,1298.0,2.3974,37.65,-116.23,1.5309
3.8299,32.0,5.7977,1.0726,1818.0,4.3682,39.7,-116.5,1.74
6.2285,24.0,4.6651,0.8139,1681.0,3.7076,41.78,-117.7,2.8947
0.6832,32.0,4.85,1.1838,494.0,2.5508,35.0,-116.47,1.5264
3.6505,20.0,5.7416,1.2272,585.0,1.8031,38.04,-123.42,3.1047
2.3897,7.0,3.8257,0.9507,2218.0,1.6391,35.74,-120.56,1.8014
3.4356,48.0,6.9933,1.3153,824.0,2.4927,33.3,-120.94,3.252
0.9518,36.0,7.4403,0.9922,1490.0,3.0862,40.04,-114.48,0.2494
6.2257,36.0,5.1169,1.0486,2542.0,3.0947,32.61,-119.57,4.1063
7.2775,15.0,5.8273,1.1179,1215.0,3.1187,40.75,-123.8,4.0463
4.6715,40.0,6.823,1.3391,475.0,3.2674,40.05,-121.71,3.1091
8.1832,27.0,7.7467,0.9713,483.0,2.1693,38.56,-115.86,3.8796
2.3057,4.0,7.2684,1.1437,914.0,4.2062,38.12,-115.38,1.0541
3.5939,49.0,3.3174,1.2162,917.0,2.8421,40.53,-115.03,2.7505
4.7157,51.0,5.0213,1.1853,411.0,3.2359,33.03,-122.86,3.7343
3.863,45.0,6.0008,1.1908,557.0,2.475,39.5,-117.42,3.3323
2.5204,25.0,4.8069,1.2142,1696.0,3.2492,34.21,-120.28,2.6513
2.7131,12.0,7.5393,1.0168,2245.0,4.6616,32.69,-116.95,1.4135
6.8764,1.0,7.3553,1.3532,844.0,2.2085,35.47,-116.06,3.0721
2.9815,38.0,4.4209,1.0833,100.0,2.1075,35.61,-121.69,2.1321
6.0086,46.0,5.2051,1.0634,1600.0,2.3084,34.33,-119.3,4.1337
2.8765,6.0,4.5005,1.3021,217.0,2.7335,39.25,-121.03,2.2639
5.9863,35.0,5.1658,1.0054,320.0,2.5829,37.81,-119.74,3.7508
3.2014,2.0,5.1295,1.148,991.0,2.1675,41.24,-121.39,1.9297
4.4691,40.0,6.5451,0.9916,2631.0,2.9603,39.74,-120.9,3.1077
1.8614,2.0,4.3338,1.4779,1879.0,4.2489,40.35,-121.58,1.6033
3.5887,50.0,2.2599,1.4463,1745.0,2.8801,41.07,-121.32,3.1629
1.8819,9.0,3.4745,1.0835,1000.0,2.9228,40.16,-118.52,0.5988
2.2654,21.0,4.166,1.178,378.0,3.2744,33.62,-118.3,2.0127
2.3983,36.0,4.6132,1.1008,2372.0,3.5181,34.26,-115.09,1.5863
2.6809,44.0,5.6246,1.0477,390.0,4.0986,36.32,-120.39,1.8411
5.5621,19.0,4.1042,1.1179,1462.0,3.192,35.65,-117.73,2.21
2.2033,51.0,3.9467,1.0939,1275.0,2.9979,40.91,-114.65,1.4493
3.3491,1.0,4.2847,0.8719,344.0,2.2068,37.48,-119.64,1.1659
5.9982,25.0,4.0612,1.1395,210.0,3.592,40.82,-116.51,2.448
4.4098,51.0,4.7346,1.0937,1743.0,2.3244,36.18,-114.6,2.3936
0.6967,14.0,4.6833,1.1468,1143.0,2.2996,41.11,-116.4,0.8154
0.9295,28.0,6.2269,1.0884,2362.0,3.1545,33.18,-123.49,1.7896
3.91,23.0,4.2126,1.0459,1413.0,4.2332,36.73,-122.37,1.6921
2.124,21.0,4.9709,1.2312,1289.0,3.5812,41.06,-121.35,2.5658
0.8202,40.0,4.746,1.18,140.0,2.97,36.77,-117.44,0.8029
2.0134,27.0,6.3707,1.3094,1260.0,2.2147,39.46,-117.59,0.9996
4.0054,37.0,5.2149,1.1742,1052.0,4.2177,35.93,-122.93,2.7018
2.3795,27.0,6.6608,1.0704,1427.0,2.9547,40.38,-119.81,1.5118
3.137,51.0,4.0172,1.1925,1053.0,2.7678,38.5,-120.08,2.2103
2.5322,24.0,5.3408,0.8029,1031.0,3.4441,40.21,-117.4,1.5784
1.8123,41.0,4.7089,1.4156,982.0,2.6416,37.6,-121.69,1.6158
3.543,32.0,3.9287,1.1412,657.0,2.3976,38.56,-121.92,2.3875
0.7441,41.0,5.319,1.4277,1727.0,2.4743,37.52,-118.33,1.5527
1.6443,46.0,7.4795,0.9696,5470.0,2.4722,37.89,-123.47,1.9646
4.944,12.0,4.3765,0.9324,366.0,2.0981,39.05,-117.61,2.7082
0.9552,16.0,5.2471,1.1549,507.0,2.0089,33.65,-119.91,1.2141
3.032,16.0,3.8253,1.1544,1722.0,3.7776,39.8,-118.94,1.5289
2.2488,25.0,3.6489,1.1507,892.0,3.5351,35.87,-116.28,1.0174
2.0984,26.0,4.4553,1.1279,757.0,2.3418,32.62,-122.49,2.0459
5.2423,1.0,4.86,1.0058,211.0,3.7107,38.61,-122.2,2.51
5.8909,46.0,4.9133,0.8772,535.0,3.2475,38.33,-115.29,2.8943
1.3513,44.0,5.1288,1.1425,459.0,2.741,39.4,-116.89,1.6503
2.6961,31.0,3.422,0.9076,224.0,2.0193,41.98,-121.67,2.3726
0.5702,16.0,4.6489,0.8934,2154.0,3.2732,36.88,-117.09,0.15
5.0581,43.0,6.0021,1.0429,1217.0,4.4923,41.75,-119.73,3.1901
2.926,14.0,3.7701,1.1646,5127.0,3.0117,37.99,-118.13,1.745
0.8994,16.0,4.9738,1.3982,1315.0,3.7989,35.9,-116.43,1.0
1.7055,51.0,5.7514,1.2469,397.0,2.8306,38.94,-123.85,1.8589
1.2564,48.0,4.4613,1.315,1407.0,3.7375,34.37,-118.19,1.1094
1.632,30.0,5.8098,1.198,1629.0,2.8798,41.68,-120.92,1.1663
0.6246,9.0,3.5746,1.155,703.0,1.0757,36.69,-119.14,1.378
6.8315,7.0,6.4661,1.4759,1593.0,2.4226,32.6,-120.66,3.5496
1.3926,50.0,5.839,0.9016,1565.0,3.1058,38.73,-114.89,0.8298
3.0272,14.0,5.4668,1.038,565.0,3.8661,33.64,-118.33,1.8173
3.9818,35.0,6.7498,1.0497,1807.0,2.8772,33.34,-115.83,2.3111
5.8961,19.0,5.0048,1.234,1364.0,3.0239,32.72,-121.73,3.9375
3.098,26.0,4.6586,0.9532,1132.0,2.5302,40.89,-120.65,2.4406
2.5052,51.0,7.0471,1.2145,1220.0,4.2487,32.82,-116.43,2.3126
3.186,31.0,7.6089,1.1869,393.0,4.2006,37.6,-121.96,1.9173
1.3452,22.0,4.5679,1.222,2787.0,2.459,37.15,-114.3,1.1525
1.4334,22.0,5.2635,1.2193,882.0,1.7869,41.15,-117.7,1.8275
2.4646,12.0,6.6541,1.3307,813.0,1.5542,41.16,-115.33,1.0772
0.5,29.0,5.3062,1.0926,1447.0,3.4827,41.25,-123.25,1.4326
1.8412,30.0,6.1135,1.1795,4639.0,3.1082,36.3,-120.16,1.9721
2.1508,5.0,6.3365,0.9895,1860.0,2.3746,37.0,-120.94,1.597
8.9333,21.0,4.7252,0.9553,893.0,3.2175,40.34,-114.59,4.1741
6.3695,33.0,5.9031,1.3647,1434.0,2.0157,33.64,-122.85,4.4117
3.9725,3.0,5.3926,0.9782,1427.0,3.6359,33.59,-116.82,1.9251
5.1375,50.0,3.9398,1.1962,1126.0,2.6942,41.26,-117.99,2.3611
1.4238,44.0,4.2124,1.1797,410.0,2.1348,32.78,-115.79,2.2073
3.2435,33.0,4.6171,1.2762,1900.0,2.7064,36.14,-114.53,1.5089
4.7451,1.0,6.5142,0.8513,770.0,2.6788,34.35,-116.24,2.3508
1.434,27.0,6.5536,1.2337,606.0,3.292,33.3,-121.78,1.7831
0.9319,46.0,6.2999,1.0913,836.0,3.9328,41.75,-115.96,1.079
3.7055,2.0,5.9281,1.01,2256.0,3.8913,34.08,-119.03,1.9404
1.0249,41.0,5.8954,1.0624,756.0,3.1277,36.6,-117.77,0.8178
4.2084,43.0,5.7331,1.2555,1040.0,2.8502,34.93,-121.5,3.2041
5.8339,4.0,5.8891,1.2097,3892.0,2.5451,37.17,-116.14,2.6176
1.4703,12.0,5.9704,1.0808,796.0,1.5856,39.79,-119.86,0.8636
1.5602,37.0,3.7147,0.9291,1011.0,2.9846,38.77,-116.22,1.364
5.7283,47.0,4.4517,0.9397,1113.0,2.3192,37.93,-120.03,3.6315
3.1093,40.0,4.1653,1.213,790.0,3.9747,37.35,-118.13,1.7831
5.262,27.0,6.7286,0.9083,1001.0,2.8394,33.75,-123.27,3.7979
2.5283,31.0,7.3849,1.0823,1215.0,3.5977,36.32,-123.38,1.8938
2.6622,27.0,2.7971,1.5022,760.0,2.614,41.1,-114.77,1.9016
3.0552,30.0,7.2778,1.1689,198.0,2.4596,40.29,-117.04,1.4198
7.8487,40.0,5.5041,1.2113,303.0,3.4838,33.12,-122.57,5.0
5.0082,3.0,6.6153,0.9408,1082.0,3.2221,40.48,-118.32,1.9688
1.796,11.0,6.0078,0.9159,3056.0,3.2578,40.37,-116.49,0.445
3.4001,4.0,7.1285,1.2194,880.0,2.925,40.12,-118.31,1.4039
2.4062,41.0,5.6517,1.0576,1346.0,3.6315,40.24,-119.82,1.4486
2.0983,38.0,3.7639,1.276,2371.0,3.5158,41.84,-115.95,1.128
4.1335,3.0,5.2732,1.1215,1578.0,1.2585,33.02,-123.79,2.7509
3.6092,6.0,6.0188,1.6335,1106.0,2.794,36.15,-117.97,2.1428
1.4837,14.0,5.1408,1.0292,1014.0,3.8118,41.7,-119.57,0.5175
3.0603,13.0,6.1893,1.1584,641.0,2.1844,37.75,-117.82,0.9472
2.0518,27.0,5.3212,0.9809,1864.0,1.6461,38.98,-121.4,1.8226
3.9677,26.0,4.6854,1.2698,2276.0,2.889,35.94,-122.68,3.2547
1.9862,19.0,4.0968,1.1811,100.0,3.4166,34.51,-114.56,0.7592
2.6734,9.0,4.9298,0.9708,1874.0,2.6316,41.8,-115.66,1.1198
2.1401,34.0,5.6455,1.0674,1646.0,4.0344,35.94,-115.21,1.1733
0.7199,41.0,3.0487,1.3208,834.0,4.4749,37.83,-116.61,1.2246
7.6132,33.0,4.4639,1.3028,643.0,1.4599,34.82,-123.65,4.238
3.0378,42.0,3.004,0.9028,1499.0,2.6928,41.69,-118.02,1.5779
7.7741,47.0,4.6595,1.0451,301.0,1.1745,34.95,-120.49,4.7732
3.1304,43.0,6.8368,1.3882,856.0,3.5288,41.18,-120.96,2.4392
4.6109,34.0,3.9767,1.0899,1343.0,2.4561,35.27,-121.81,3.126
1.8854,3.0,6.2438,1.1425,2591.0,2.6194,41.5,-122.49,1.088
1.9204,18.0,8.8186,1.269,3279.0,3.9185,35.99,-122.91,1.3136
2.9249,22.0,7.1442,0.9152,449.0,1.9373,40.78,-123.09,2.6387
7.7319,37.0,5.5602,0.974,1423.0,1.7364,38.2,-117.18,4.1853
1.5242,44.0,6.4301,1.0664,1109.0,1.178,33.58,-115.0,2.4031
0.5681,33.0,3.7564,1.2957,1709.0,4.0164,35.31,-120.5,0.9883
5.6467,19.0,3.5119,1.268,984.0,3.8306,39.73,-123.24,3.365
4.79,41.0,5.4344,1.223,1776.0,2.7649,38.84,-122.09,3.2004
2.2274,36.0,5.8783,1.0941,1322.0,1.9798,35.88,-116.83,1.5049
9.5657,41.0,6.7133,1.2844,703.0,3.6673,34.36,-120.81,5.0
9.8154,31.0,4.7175,1.0921,1788.0,5.2037,40.37,-117.67,4.002
0.6743,33.0,5.6321,1.2017,1002.0,2.8114,38.41,-122.24,1.8104
1.8529,18.0,5.5909,1.2518,1170.0,2.0377,38.98,-116.73,1.6532
2.9107,21.0,5.2423,1.3695,525.0,3.9934,37.05,-117.75,1.3779
3.8986,15.0,5.313,1.1066,906.0,2.094,35.83,-122.08,2.4448
3.5301,14.0,4.3744,1.0606,2557.0,2.7067,36.13,-114.98,1.8784
3.0301,34.0,5.7356,1.3093,723.0,1.0,32.8,-119.07,2.5849
1.3495,20.0,5.6341,1.3208,3291.0,2.7574,41.47,-122.1,1.8675
4.214,7.0,4.872,1.0335,1203.0,1.9774,35.98,-118.63,1.9661
4.3666,2.0,6.1989,0.9492,1372.0,4.0071,37.09,-120.15,1.755
5.4028,44.0,6.6334,1.2979,616.0,2.2191,35.89,-115.13,3.0065
1.2027,23.0,6.2129,0.8687,1868.0,3.6238,35.87,-121.2,1.5252
2.6029,30.0,4.1491,0.8611,280.0,2.916,39.01,-115.44,1.9539
2.1505,47.0,5.5196,1.0748,925.0,3.1003,38.87,-116.88,1.6524
1.1845,6.0,4.3063,1.1154,619.0,3.4178,40.2,-117.5,0.4211
2.5745,48.0,5.5159,0.941,337.0,2.9572,33.18,-122.46,2.7086
1.4034,36.0,4.311,1.1333,1707.0,2.4818,40.8,-123.44,1.4061
1.0292,33.0,6.9326,1.14,955.0,2.3504,41.59,-115.66,0.3075
4.8287,22.0,6.34,1.0279,1168.0,3.4072,41.9,-118.59,2.1096
2.2189,37.0,6.7836,1.405,644.0,1.4786,33.72,-114.65,2.4685
1.7871,11.0,6.6621,1.1645,1964.0,4.3425,37.12,-119.14,0.7697
6.2274,16.0,5.0753,1.2693,1314.0,3.1055,41.42,-118.39,2.8352
4.4495,50.0,4.8893,0.8816,2873.0,2.7301,39.71,-114.33,3.0445
0.5108,15.0,7.4901,0.8803,676.0,3.2129,33.07,-117.14,0.725
3.9151,37.0,5.2019,1.169,673.0,2.5246,40.77,-120.7,2.4105
3.9032,48.0,3.7745,1.3782,1593.0,2.8576,40.47,-116.02,2.478
2.5006,31.0,6.609,0.9485,3069.0,2.0946,39.91,-121.35,1.8911
2.4352,16.0,5.5725,1.1215,758.0,3.3001,36.41,-119.05,1.0803
0.7979,44.0,7.2071,0.9147,105.0,2.9372,38.51,-121.92,2.0089
9.4997,43.0,5.6916,0.9922,387.0,3.15,39.3,-114.35,4.272
2.5676,28.0,5.376,1.129,2557.0,4.1865,36.27,-114.95,1.1375
3.7794,6.0,7.2313,1.0261,894.0,2.3566,39.95,-115.56,2.1041
2.6667,23.0,3.5538,0.9042,3503.0,2.8969,35.1,-120.29,1.9154
1.8092,23.0,4.6976,0.9008,446.0,1.6789,34.24,-117.01,1.3973
5.0628,10.0,4.3352,0.8171,1601.0,3.44,40.66,-121.69,3.3415
3.3323,21.0,2.7659,1.1715,1625.0,2.986,35.72,-120.4,1.881
2.5826,8.0,6.4478,1.1896,302.0,3.0139,33.04,-116.25,1.7716
3.7533,36.0,4.7311,1.1889,309.0,2.8741,40.41,-123.74,2.7248
2.8377,23.0,6.4864,0.9636,920.0,2.5374,40.09,-123.8,2.8738
8.0961,38.0,5.8669,1.2509,1702.0,4.9968,40.12,-117.69,3.5808
4.9562,24.0,6.1286,1.206,1458.0,3.0306,35.74,-116.55,2.2158
4.1521,37.0,4.8535,1.1011,983.0,3.2372,38.23,-120.46,2.8736
0.8846,38.0,4.4829,1.0765,956.0,2.0885,32.63,-117.55,2.3348
4.2443,9.0,5.5077,1.0026,149.0,3.7081,32.52,-115.27,2.4921
4.1775,23.0,6.503,1.1288,545.0,2.9012,34.96,-123.3,2.5255
1.423,39.0,5.3395,1.3426,248.0,3.3567,37.49,-115.99,1.3059
0.8669,31.0,4.5577,1.2707,1436.0,3.7219,38.2,-118.48,0.15
4.8299,12.0,3.9612,1.0616,389.0,2.9169,33.77,-120.08,2.999
5.21,43.0,5.645,1.1808,2530.0,2.4584,40.74,-123.78,2.7095
1.9277,11.0,4.7351,0.9348,1167.0,1.1378,41.62,-120.46,1.6397
1.8647,51.0,5.3139,1.2095,529.0,2.6903,33.63,-116.36,1.9184
3.2946,37.0,5.1135,0.9754,2261.0,2.4541,40.33,-118.88,1.1388
2.2138,17.0,4.8667,1.2035,353.0,2.0856,38.34,-122.54,1.881
0.8503,10.0,5.7526,1.5454,361.0,4.1625,37.27,-121.98,1.0841
1.4104,46.0,6.0654,1.0145,512.0,3.7862,37.15,-115.82,1.1301
3.6908,27.0,7.7583,1.5384,2270.0,1.5361,39.62,-119.97,1.764
1.4731,42.0,6.3096,1.1736,3524.0,3.123,34.48,-123.35,2.6233
5.3735,43.0,7.3124,0.9876,249.0,2.3462,38.29,-114.57,3.7312
4.1347,4.0,4.4177,0.9807,6000.0,3.2934,34.98,-121.77,2.419
3.7868,35.0,3.4789,1.4547,1742.0,2.3603,33.31,-116.34,2.602
3.2493,18.0,5.3827,1.1739,781.0,2.5688,37.75,-124.17,2.0837
1.7492,47.0,6.4296,1.0151,1632.0,3.7704,35.05,-121.73,1.9134
4.4976,12.0,6.2414,1.0695,2302.0,3.6555,39.56,-120.93,2.541
1.7122,2.0,6.8537,1.1646,539.0,4.2076,38.68,-115.71,0.9015
5.5597,34.0,2.3561,1.0987,2311.0,2.8264,34.63,-116.82,3.0237
7.3383,29.0,6.9036,1.1519,1107.0,1.8355,40.68,-121.22,3.9345
3.3193,29.0,5.8026,1.366,244.0,3.737,35.8,-116.43,1.5096
6.756,14.0,3.5472,0.9308,1729.0,3.7417,39.24,-116.2,2.9171
1.4258,26.0,6.2682,1.1967,2963.0,3.5026,35.04,-119.18,1.1744
4.1642,50.0,5.6034,1.0891,1508.0,2.405,34.37,-119.22,2.5545
2.9792,39.0,5.8575,1.0251,432.0,2.1434,40.67,-119.2,1.9349
4.8818,51.0,6.5989,1.2608,1525.0,3.4288,41.23,-122.63,3.1674
0.5401,17.0,5.9163,0.8808,1346.0,2.2911,35.84,-116.17,0.5352
4.7019,45.0,3.6326,0.8,1624.0,2.7536,35.49,-117.15,3.1654
1.874,20.0,5.2284,1.1337,227.0,5.3252,39.17,-115.81,1.2641
3.0783,48.0,3.4588,1.0793,261.0,4.7032,34.66,-116.14,1.878
9.4019,45.0,6.1789,0.8971,708.0,3.6342,40.71,-116.45,5.0
4.253,9.0,7.0776,0.8434,2017.0,2.4702,32.58,-116.5,2.9727
3.9043,50.0,3.9103,1.3896,1807.0,2.4221,33.85,-114.86,3.0016
3.7033,31.0,4.5942,1.1695,2177.0,3.5726,33.65,-118.25,2.3165
5.9196,40.0,4.3412,1.1029,1646.0,4.1976,35.52,-116.02,2.7851
4.9863,30.0,4.8553,1.4293,1920.0,2.5907,40.73,-116.29,2.7959
3.7298,12.0,5.8949,1.2533,1340.0,2.6346,38.58,-121.6,2.2031
3.4376,51.0,4.8683,1.3654,988.0,3.0702,33.52,-118.64,2.1617
3.2901,6.0,6.183,0.923,1766.0,1.8888,33.25,-117.0,2.1609
2.8707,42.0,6.6785,0.9174,393.0,1.9133,35.24,-123.27,2.8159
1.1864,11.0,6.7221,1.1926,497.0,2.0592,38.39,-118.99,0.15
4.1955,41.0,4.0582,1.1622,353.0,3.4368,38.14,-124.27,3.2108
2.0119,22.0,7.0631,1.2874,1270.0,3.2176,33.59,-121.9,2.3686
2.6404,13.0,7.1593,0.8554,399.0,3.9096,39.73,-119.44,1.2397
5.1969,13.0,7.2632,1.2055,100.0,1.6102,38.51,-121.23,3.2431
2.9162,17.0,5.2106,1.2484,297.0,1.7865,41.84,-116.59,2.1014
2.7658,46.0,4.4978,1.2404,2966.0,3.3646,37.75,-117.93,1.8106
3.3259,40.0,4.2189,1.039,1279.0,2.3024,35.61,-121.62,2.8479
2.4136,35.0,4.0779,1.1778,2258.0,2.3605,33.63,-124.13,2.859
9.2805,33.0,5.414,0.9837,254.0,3.8102,41.23,-121.75,4.7919
8.5202,22.0,6.4174,1.0561,1591.0,2.5576,32.86,-119.11,4.1984
8.3864,46.0,6.9679,0.9436,363.0,2.6513,35.81,-116.68,4.2817
3.7112,14.0,4.8173,0.9862,1558.0,2.7999,37.54,-118.27,1.1886
1.9205,49.0,5.3536,1.0639,2177.0,2.8485,37.91,-123.74,2.1304
5.2838,20.0,5.275,1.0264,1735.0,3.5479,38.03,-119.63,2.3856
2.4265,18.0,4.6377,0.9862,1176.0,2.032,39.31,-114.7,1.3077
5.5727,25.0,6.2829,0.9051,2860.0,2.8495,33.72,-115.26,3.5682
1.8558,39.0,5.8354,1.3942,2014.0,3.9299,39.33,-116.88,0.83
3.8842,37.0,5.5702,1.0249,586.0,4.7062,40.95,-121.46,2.4201
6.0608,40.0,5.83,1.1495,379.0,1.9147,32.79,-124.08,4.136
2.521,5.0,6.1385,0.8362,4866.0,3.2648,32.84,-119.74,1.6887
2.5148,9.0,6.1265,1.3036,619.0,2.8479,41.92,-120.56,1.8591
0.9447,44.0,4.3938,1.1251,1020.0,2.921,35.46,-117.54,1.7127
1.8977,51.0,6.4756,1.0334,475.0,2.3683,36.82,-123.59,2.2228
3.6648,7.0,5.7064,1.0347,1937.0,3.6046,35.45,-115.07,2.172
4.0271,47.0,4.8785,1.2304,522.0,3.5636,37.79,-116.94,2.8068
4.4054,14.0,5.6811,0.8,1136.0,5.0183,39.26,-114.59,2.1485
0.6576,50.0,5.8134,0.9764,1516.0,1.9431,39.72,-115.65,0.5556
2.4346,51.0,6.6981,1.0821,665.0,1.6017,35.88,-120.0,1.9444
1.0418,33.0,4.1446,1.0804,1501.0,4.6438,34.98,-117.68,0.3382
3.5467,10.0,6.99,1.4758,3330.0,2.9585,37.69,-115.84,2.8079
0.7989,41.0,5.4278,1.0494,1336.0,2.6346,36.15,-122.26,1.0896
1.3015,6.0,4.7926,1.2485,1826.0,3.1506,38.41,-124.2,0.6179
4.9334,18.0,4.7559,1.3717,826.0,1.8841,38.31,-121.22,2.0309
2.059,33.0,4.1984,1.2006,769.0,3.3007,41.0,-119.93,0.9869
6.7909,4.0,3.3109,0.9989,359.0,2.9358,32.54,-118.05,3.569
4.4783,21.0,6.2129,0.9073,1249.0,3.859,33.47,-121.67,3.4588
2.5308,41.0,7.7771,1.2118,2279.0,3.6856,39.97,-119.88,1.2831
5.421,5.0,3.4589,1.3468,1759.0,3.7523,38.04,-117.81,2.7532
2.6804,19.0,4.2595,1.1819,765.0,3.1527,33.09,-116.06,1.9438
4.7597,1.0,6.3019,1.285,892.0,4.2835,41.45,-122.03,2.2247
1.83,34.0,5.3452,1.4888,3362.0,3.461,38.68,-116.3,1.3248
5.6158,5.0,6.4013,1.2256,1611.0,2.5735,37.12,-114.91,3.1568
0.8666,15.0,5.2779,0.9349,1971.0,2.3526,39.91,-120.2,1.2145
1.3,27.0,4.7032,1.1077,2143.0,2.4428,38.16,-118.78,0.7098
1.4812,11.0,5.129,1.3055,795.0,3.4711,36.05,-124.2,1.3845
1.9738,12.0,2.5415,1.0627,719.0,1.9347,35.32,-117.2,1.3765
3.7493,43.0,4.0278,1.3259,783.0,3.1241,36.81,-115.58,2.1361
3.0215,40.0,6.5379,1.09,704.0,2.3337,37.01,-124.1,2.7873
4.7939,5.0,6.8303,1.1502,2915.0,1.9975,39.26,-115.86,1.6092
6.1124,44.0,7.0874,1.0474,980.0,2.1267,36.99,-122.81,3.9429
0.7846,24.0,5.929,1.1239,2636.0,2.981,32.67,-115.88,1.5635
6.5644,8.0,2.6927,1.1319,1006.0,3.611,39.0,-118.88,2.3582
2.6402,47.0,4.638,0.8587,1055.0,2.4593,33.16,-120.6,2.2776
8.2888,18.0,6.9896,1.0338,172.0,1.3392,40.54,-114.89,4.4856
1.7706,17.0,7.3477,0.915,747.0,5.5235,39.23,-118.18,1.1771
0.5909,8.0,7.0352,1.0389,2969.0,3.8942,38.18,-123.91,1.2767
4.51,46.0,5.1165,0.9807,2893.0,3.7458,36.81,-116.64,2.2441
4.335,15.0,3.8321,1.2518,731.0,4.3023,34.14,-122.48,2.9024
1.3276,31.0,5.3512,1.2535,102.0,3.0739,38.72,-115.07,1.1922
1.4348,13.0,5.4178,1.184,490.0,2.892,33.54,-122.64,1.2356
5.0181,46.0,7.2787,0.9099,725.0,4.0846,38.24,-119.42,2.7475
3.8658,41.0,5.6733,1.0853,729.0,4.0792,34.24,-119.07,2.6657
2.4613,26.0,5.42,0.8979,729.0,3.4921,38.17,-118.66,1.6912
4.1179,18.0,5.4882,1.0779,1154.0,3.706,33.94,-118.97,2.2993
3.6226,34.0,5.8798,1.1971,442.0,2.009,33.4,-119.91,3.1834
1.5551,26.0,6.1517,1.2488,1028.0,2.794,36.97,-117.17,1.1972
5.252,48.0,4.5306,1.1709,1398.0,4.3631,39.24,-122.74,3.7164
4.6358,35.0,4.1309,1.2888,777.0,3.6435,34.77,-116.43,2.6644
3.0675,2.0,7.0447,1.139,1197.0,1.8304,37.23,-123.93,2.1759
5.0202,42.0,3.4308,1.065,3301.0,2.5751,40.09,-115.88,2.3812
8.9121,10.0,7.3653,1.231,1813.0,4.2328,37.72,-116.8,3.4135
1.4215,16.0,3.1072,1.236,1632.0,3.3642,38.17,-116.35,1.4069
2.5385,23.0,4.6986,1.0214,832.0,3.1455,34.59,-121.33,2.1715
2.6256,11.0,6.5662,1.1568,702.0,3.1696,33.68,-115.8,1.7909
4.9521,49.0,5.4004,1.0559,1075.0,2.9332,33.92,-117.39,3.19
1.9562,50.0,3.8202,0.8,1606.0,2.5806,41.74,-114.61,1.6886
4.7812,8.0,5.9117,1.166,1326.0,2.3331,33.32,-124.1,2.8016
2.1265,17.0,5.4804,0.9058,1230.0,3.8083,33.94,-116.39,1.4718
1.2952,19.0,5.1407,1.1492,2022.0,3.19,34.45,-118.07,1.6107
3.1888,35.0,4.6513,0.8697,1540.0,3.5656,39.99,-114.41,2.0787
2.0935,31.0,5.3585,0.992,1936.0,3.4374,36.28,-119.87,1.214
3.3998,35.0,4.7017,1.035,521.0,4.127,40.01,-121.5,2.783
3.9404,2.0,8.3214,1.2803,376.0,3.3637,36.48,-115.5,2.2066
0.8369,27.0,5.112,1.02,3113.0,3.6589,40.05,-121.04,0.8599
2.269,11.0,4.9515,0.9388,100.0,3.1338,41.01,-117.27,0.7674
3.1905,12.0,4.75,1.1547,422.0,2.242,36.75,-120.98,2.3508
5.0335,40.0,7.5323,1.0675,826.0,2.8195,41.87,-114.84,2.6643
4.6571,8.0,3.4331,1.2186,2618.0,3.4719,41.36,-119.04,1.8758
1.657,2.0,5.8313,0.9482,364.0,3.5421,32.65,-121.1,1.7833
2.7147,25.0,5.1129,1.1316,183.0,4.1608,37.86,-116.08,1.6701
4.0714,38.0,3.6919,1.4704,548.0,2.6321,38.74,-123.68,3.0222
2.5879,27.0,4.4171,1.0641,749.0,3.1808,40.51,-123.36,1.9415
1.7797,9.0,5.7803,1.128,1186.0,2.8967,38.9,-115.93,0.2337
2.9447,40.0,4.3627,0.8508,1656.0,4.2995,39.04,-121.07,2.3931
3.8304,20.0,5.7115,0.9721,2068.0,3.3012,35.25,-122.53,2.0857
1.5385,37.0,7.475,1.169,289.0,3.3165,40.3,-118.43,1.3501
4.3523,11.0,5.6047,1.0505,100.0,2.9715,33.1,-121.75,2.9836
3.3148,47.0,3.6558,1.1922,1156.0,2.8199,38.75,-114.43,2.8918
4.4516,15.0,4.3838,1.1637,357.0,1.8411,34.42,-116.09,3.5815
2.901,50.0,5.0575,0.9023,684.0,1.991,39.77,-115.41,1.9601
8.115,20.0,4.9773,1.2523,865.0,3.1431,40.01,-115.96,3.3058
3.7833,38.0,5.5824,0.9136,727.0,3.0433,34.16,-115.44,2.2569
4.7683,26.0,5.7749,0.9853,159.0,3.1475,40.04,-120.92,2.9531
4.3413,4.0,7.4766,1.1344,1249.0,3.7531,40.46,-117.57,1.769
2.6907,6.0,5.3955,1.3351,3888.0,3.0744,33.0,-115.23,1.46
3.5697,21.0,4.0174,0.9494,1031.0,2.7214,36.59,-117.44,1.7401
1.9895,10.0,6.7846,1.1222,4307.0,2.832,34.33,-114.33,1.8244
7.7647,32.0,6.9156,1.1234,100.0,3.1951,33.7,-115.64,4.2768
4.0519,8.0,5.6789,1.1986,539.0,2.696,40.13,-123.59,2.2382
1.7027,31.0,5.1043,1.2776,3471.0,3.8515,35.29,-119.28,0.9866
6.7213,11.0,6.1471,1.0394,525.0,2.991,38.62,-121.54,3.4726
2.7843,10.0,5.1467,1.2518,1317.0,3.2013,32.53,-115.55,1.99
5.1866,19.0,2.9331,1.2995,1049.0,2.3467,33.25,-114.93,3.2115
0.8172,30.0,6.0762,1.3676,841.0,3.8519,38.3,-118.63,0.17
5.9918,21.0,6.4707,1.1753,2085.0,4.1512,36.02,-123.72,3.2336
3.9474,18.0,7.1293,1.1236,1078.0,1.9095,40.86,-120.83,2.5034
1.6029,18.0,4.5231,1.0288,1833.0,3.3207,33.28,-122.41,1.5268
3.904,18.0,5.6714,0.8812,3532.0,2.9137,38.43,-119.01,1.9016
7.3012,21.0,5.6974,1.0583,2130.0,3.2272,39.18,-114.45,3.853
2.032,43.0,5.5025,1.1169,418.0,3.3617,38.31,-120.87,2.1583
2.0127,30.0,5.5378,1.0836,4922.0,1.212,38.97,-116.96,1.6683
2.6633,22.0,5.4446,1.1897,1616.0,3.6076,34.87,-115.99,1.1364
3.1709,39.0,5.6541,0.8819,908.0,3.8899,39.79,-116.0,1.3535
5.3959,27.0,6.2888,1.0727,350.0,3.9798,37.77,-122.8,2.6895
4.0863,49.0,6.8643,1.3992,1132.0,2.2443,39.99,-121.93,3.0092
2.6618,29.0,4.4924,1.2493,577.0,2.9752,33.66,-122.07,2.5212
3.6683,12.0,5.1932,1.1924,267.0,2.5689,33.71,-121.33,2.5753
8.0182,29.0,4.8929,1.1586,384.0,1.4678,36.26,-123.83,4.8005
4.5333,40.0,4.7212,1.0452,220.0,2.5036,36.2,-118.91,2.7374
2.8557,11.0,3.4608,0.8369,799.0,2.1327,33.72,-116.89,1.1527
2.6093,11.0,5.4291,1.1686,977.0,3.2676,33.27,-121.69,2.2846
3.5312,31.0,5.9752,0.8,1459.0,1.6948,33.27,-117.9,2.9848
5.3556,46.0,5.2139,1.0512,1582.0,2.2164,33.0,-118.84,3.644
1.8322,18.0,5.3893,1.0995,691.0,2.5844,32.81,-123.31,2.3092
4.9157,26.0,5.9021,1.0329,770.0,3.6161,40.17,-121.9,2.76
2.8177,34.0,7.0933,1.4257,1260.0,5.2222,41.38,-121.89,1.8271
3.0989,34.0,4.8963,1.3737,403.0,3.2425,36.54,-119.41,1.8056
11.83,8.0,3.9941,1.2549,1781.0,2.1743,34.27,-118.02,5.0
4.6139,21.0,5.2915,0.9612,827.0,2.4567,35.62,-121.29,2.6245
2.1398,51.0,7.6603,1.3882,2000.0,3.5264,40.28,-123.03,2.4173
3.9402,46.0,4.0069,1.1928,1170.0,1.9232,41.33,-121.61,3.3965
5.5193,40.0,6.1802,0.9587,904.0,3.8774,34.77,-123.9,3.0542
4.6451,2.0,6.7895,1.1049,2405.0,3.2187,32.79,-116.81,2.2189
0.5,22.0,2.5614,1.2438,251.0,2.8999,35.43,-117.31,0.15
3.0155,3.0,5.8923,1.0102,1411.0,1.6521,36.16,-117.59,1.8143
4.0487,16.0,6.1241,1.1211,3115.0,3.7363,32.53,-118.12,2.6602
3.8467,45.0,5.0792,1.1475,1210.0,2.3907,38.97,-121.32,2.9418
2.2616,20.0,4.6243,0.9349,1033.0,3.123,33.68,-123.15,2.3872
4.6941,9.0,4.6912,1.0595,2035.0,2.8743,33.28,-118.31,2.5433
6.0073,37.0,5.0057,0.9462,688.0,1.733,39.33,-116.97,2.6107
0.86,39.0,5.0375,1.2303,859.0,2.8155,39.82,-116.19,0.8336
0.7924,34.0,4.8111,0.9638,351.0,2.0318,34.25,-117.03,2.1111
3.9184,42.0,4.9866,1.1438,653.0,2.4784,39.8,-117.71,2.4704
4.9332,36.0,6.829,0.8915,1694.0,3.3462,35.33,-116.06,2.7872
2.0381,33.0,3.9427,0.93,877.0,3.562,35.43,-116.68,1.6132
0.5283,46.0,3.3011,0.9227,490.0,2.9854,33.66,-114.85,1.0981
3.0486,17.0,6.8481,1.0566,2478.0,2.2928,34.65,-124.24,2.2557
3.883,24.0,5.1696,1.1271,2252.0,2.4821,32.87,-122.83,3.2292
2.5205,29.0,4.9341,1.1547,545.0,2.4682,38.88,-118.5,1.3087
5.6023,35.0,5.2665,0.8342,2239.0,1.2903,40.59,-120.29,3.7121
3.736,25.0,5.6511,1.0747,1662.0,3.0586,32.96,-120.89,3.3767
1.8862,23.0,4.7711,0.9874,1264.0,1.6671,34.93,-116.84,1.2733
2.027,9.0,6.0071,1.1801,3250.0,3.061,35.79,-118.94,0.5175
3.0919,33.0,4.2453,1.0599,1403.0,1.8325,36.23,-119.04,2.0651
2.4061,7.0,5.0378,1.0879,589.0,2.035,40.33,-123.8,1.5603
0.7488,25.0,2.7424,0.9883,808.0,3.5349,32.91,-119.69,1.2025
3.5359,21.0,6.8067,1.3587,235.0,3.0197,38.33,-118.22,1.6255
2.0647,40.0,5.1887,0.9075,1622.0,1.4921,37.56,-121.5,2.1485
2.3162,25.0,6.2041,1.04,3216.0,2.553,40.47,-121.91,2.3435
1.4118,1.0,5.9719,1.1161,1415.0,3.2096,35.41,-118.79,0.7332
7.4147,26.0,6.0598,1.0623,1266.0,2.5046,33.47,-115.18,3.5945
4.4474,12.0,5.3907,0.9854,1994.0,2.7255,33.74,-123.14,3.2424
8.5062,20.0,5.8659,0.8282,1773.0,3.1953,38.49,-121.21,4.3576
2.512,16.0,4.2465,0.9963,2522.0,3.0358,37.68,-123.72,1.8512
4.6039,9.0,3.9946,0.9561,1073.0,2.2062,38.13,-121.05,3.0312
3.5753,49.0,5.2787,1.3519,1513.0,3.0178,33.8,-117.35,2.5587
1.9392,13.0,4.5843,1.4397,1029.0,2.7701,32.9,-121.11,1.9458
2.4947,26.0,7.1106,1.0924,344.0,4.3793,37.88,-120.31,1.3848
4.4423,43.0,5.8502,0.8893,422.0,2.9175,33.27,-114.95,3.1288
1.4103,19.0,4.5402,1.2107,625.0,3.108,41.33,-120.83,1.4034
5.6358,48.0,5.0742,0.9528,332.0,3.2078,40.13,-118.9,2.9724
3.3901,21.0,5.5596,1.0176,1234.0,2.7422,34.21,-114.96,2.6372
5.1943,49.0,5.3184,1.0057,2088.0,2.4241,38.18,-119.21,2.6495
3.8927,24.0,5.7261,1.0249,694.0,3.3678,33.75,-122.6,2.9767
0.8658,1.0,5.4824,1.0468,189.0,3.3744,41.39,-122.87,1.0895
3.0171,45.0,3.7312,0.903,571.0,4.6661,38.1,-115.31,1.4922
5.7095,45.0,2.8189,0.9947,883.0,3.5939,35.52,-115.44,2.4745
3.3581,50.0,4.9517,1.253,1984.0,3.6074,38.96,-121.79,1.875
3.068,7.0,6.0726,1.095,1146.0,3.5742,32.52,-118.07,2.0122
3.356,44.0,4.9652,1.1188,1144.0,2.4477,35.23,-122.63,3.1626
0.6975,18.0,6.8839,0.8,1565.0,1.9936,34.72,-121.99,1.0342
6.0653,43.0,5.3437,1.2422,2209.0,2.1971,35.79,-115.09,3.4987
0.5,50.0,7.0286,0.9972,3133.0,3.5504,33.31,-120.28,0.9691
6.8257,11.0,6.7823,1.2686,697.0,4.1373,41.7,-122.21,3.5445
2.3921,19.0,6.6615,1.1231,1074.0,3.5872,36.94,-119.06,0.9469
4.064,14.0,3.9558,1.0157,696.0,2.8665,40.64,-115.79,1.8864
0.6439,16.0,5.4206,0.8483,1506.0,4.3413,33.07,-115.97,0.9472
4.9007,31.0,6.8673,1.4262,187.0,2.6451,40.53,-117.68,2.0896
4.4017,22.0,5.7268,1.2205,3715.0,2.0815,38.7,-116.17,3.516
4.2379,34.0,6.0652,1.2295,1627.0,3.2024,38.95,-116.5,2.117
0.6171,35.0,3.7345,1.3728,1446.0,4.0335,40.16,-114.66,0.8613
1.7554,11.0,7.7025,1.1336,585.0,2.325,37.5,-117.74,1.697
3.9055,3.0,4.4504,1.3029,791.0,1.6362,38.52,-118.32,2.1225
5.9669,39.0,3.0067,1.0282,333.0,3.0302,41.05,-115.24,2.65
1.5673,10.0,4.9786,1.2106,556.0,3.6171,33.69,-120.68,1.7712
1.6001,11.0,2.463,1.0055,2209.0,1.0,33.03,-119.37,1.0601
3.746,31.0,4.0978,1.0244,234.0,3.7819,41.84,-115.71,1.8441
11.2094,14.0,8.4702,1.1146,4238.0,1.9066,40.87,-114.51,5.0
1.9639,10.0,4.944,0.9099,2516.0,3.5799,37.38,-120.09,0.9128
2.3722,16.0,3.6867,1.1494,1424.0,1.4026,39.92,-118.4,1.2632
2.1362,27.0,5.4304,1.0532,520.0,1.8201,40.88,-115.92,2.2055
2.8221,44.0,4.3226,0.8019,1834.0,3.495,36.94,-119.11,1.7145
6.2517,51.0,6.4374,1.0314,1709.0,3.9726,33.43,-120.25,3.8578
2.9227,38.0,4.3325,1.0482,685.0,2.9927,37.07,-123.65,2.3575
11.8479,46.0,5.7249,1.2279,1601.0,4.9163,35.84,-122.18,5.0
3.2804,28.0,4.0235,1.1428,880.0,2.1819,32.72,-120.99,1.9163
6.6144,21.0,8.5188,1.3171,170.0,2.1717,41.61,-120.28,3.2985
2.4952,42.0,6.0043,1.178,356.0,2.7582,39.3,-116.54,2.4783
1.1893,16.0,5.2254,1.0169,2453.0,2.7202,39.97,-122.63,1.4028
2.9195,42.0,5.0485,1.0912,763.0,3.2268,38.17,-123.58,2.7594
4.2774,51.0,4.7357,1.0478,609.0,2.4057,35.06,-118.42,2.2821
1.7669,20.0,4.4869,1.1732,1229.0,3.454,38.05,-124.22,1.4345
5.9977,33.0,4.4539,1.109,110.0,3.4349,38.96,-114.99,2.9298
2.2097,40.0,7.414,1.0057,1127.0,4.2907,38.17,-121.74,1.6212
1.4123,40.0,4.7369,1.1013,1291.0,2.6076,33.71,-115.96,1.8503
10.5405,11.0,2.8447,1.1692,1798.0,3.2696,40.23,-120.5,4.6353
1.6993,50.0,4.0008,0.949,426.0,3.4847,35.33,-114.31,1.7943
2.1642,26.0,6.5133,1.1476,674.0,2.9942,36.27,-119.29,1.5656
4.7195,3.0,5.0972,0.8632,1268.0,2.8307,37.73,-114.67,2.1346
2.4367,7.0,5.2391,1.2658,464.0,1.349,41.79,-119.61,1.5565
1.452,38.0,6.8038,1.1791,1349.0,3.0667,35.47,-117.16,1.1361
2.0158,22.0,4.4674,1.3444,1226.0,3.4764,32.9,-123.66,1.4753
8.8421,6.0,6.1589,0.9325,100.0,2.9537,41.74,-119.85,3.619
4.3724,27.0,4.5985,1.27,2173.0,2.3742,41.6,-121.59,2.7332
4.9158,31.0,6.0911,1.2404,476.0,1.6566,34.38,-116.37,3.1865
3.6304,5.0,4.9306,1.0727,1151.0,3.3624,40.38,-118.98,1.9057
4.0296,18.0,5.1101,1.0435,3752.0,3.0265,41.24,-117.9,2.2528
2.3111,24.0,6.3842,0.9372,526.0,4.112,32.62,-121.76,1.9736
3.3448,40.0,6.2976,0.8981,1573.0,1.8405,39.67,-123.13,2.2997
0.5674,34.0,5.2015,0.9873,4394.0,2.6238,34.21,-117.49,1.621
5.4892,5.0,4.8341,0.9116,1749.0,1.943,40.36,-119.88,2.737
2.2965,32.0,7.319,1.3394,2502.0,3.8203,32.7,-120.13,2.1043
1.2734,47.0,6.1072,0.8747,382.0,3.9912,39.07,-114.66,0.7226
3.4697,3.0,4.9306,1.1223,3116.0,4.5381,40.26,-123.12,1.5746
2.6869,51.0,4.6163,1.1654,174.0,3.4171,32.84,-117.86,2.4575
5.3708,5.0,6.6299,1.1536,1663.0,3.6314,39.69,-123.7,3.394
2.9625,32.0,5.5385,1.1668,1114.0,3.3489,33.63,-117.45,2.1625
1.9846,18.0,5.2037,1.242,860.0,3.4585,33.25,-118.7,1.3433
3.0101,38.0,5.538,1.0331,738.0,3.0393,41.25,-117.03,2.6301
7.0703,43.0,5.8054,1.1131,1779.0,3.4951,41.27,-116.79,3.4472
5.4795,44.0,5.332,1.056,586.0,4.712,39.54,-122.98,2.8513
4.3653,45.0,6.8444,1.2954,773.0,3.1749,40.96,-121.55,2.7915
5.6243,42.0,6.9112,1.415,1671.0,3.0192,32.66,-121.78,3.7915
4.5758,16.0,6.0383,0.9209,2432.0,3.1585,37.36,-118.22,2.7055
1.6087,24.0,7.0497,0.8,1018.0,2.8807,40.78,-121.72,0.9867
4.9403,37.0,5.4102,1.1854,3203.0,3.1971,40.98,-119.14,2.8556
6.031,9.0,6.2284,1.2606,1285.0,2.8536,35.99,-119.88,2.8337
6.2363,30.0,6.6053,1.3935,1191.0,3.9152,35.58,-118.44,2.8292
1.3589,28.0,6.6228,1.2107,5917.0,3.8352,39.15,-120.79,1.2463
2.1687,51.0,6.4992,1.3094,1496.0,4.7327,33.07,-115.05,1.8552
1.9457,3.0,6.1574,1.349,4026.0,2.9812,39.91,-114.65,1.06
2.4787,5.0,7.7486,1.3197,5588.0,3.2309,34.87,-120.79,1.5134
4.0853,2.0,4.7524,1.2322,397.0,3.1976,37.45,-115.16,1.8323
3.4134,28.0,5.2137,0.9077,577.0,3.1597,34.33,-116.37,2.1279
3.4141,29.0,5.1426,1.0987,220.0,3.904,39.48,-122.04,2.9628
1.0869,31.0,4.9583,1.145,1875.0,1.7,41.59,-118.67,1.5259
2.1118,13.0,3.0135,1.085,1896.0,3.3686,37.64,-120.52,1.6689
6.5138,16.0,7.0498,1.0943,700.0,4.5966,41.53,-116.29,2.724
6.0154,22.0,4.1688,1.3351,100.0,4.0904,36.32,-115.36,3.0478
2.9295,3.0,5.6038,0.9865,1552.0,3.9989,35.22,-118.08,1.3834
4.9485,39.0,3.6938,1.2199,244.0,3.6736,40.47,-118.0,2.6109
3.857,3.0,6.1449,1.1475,954.0,2.5234,32.86,-117.09,2.2138
5.2833,35.0,4.4575,0.9714,1952.0,2.4001,35.17,-119.35,2.9642
5.0816,24.0,4.0368,0.9385,1259.0,2.4064,39.06,-119.59,3.2313
3.0866,51.0,5.6332,0.8448,2418.0,2.0892,34.29,-118.67,2.7359
4.3821,36.0,4.5591,1.1728,910.0,3.7573,40.96,-116.12,2.2078
4.0179,25.0,4.711,1.0905,602.0,4.1747,37.08,-117.83,1.9903
3.1405,36.0,5.6061,0.9761,501.0,3.3475,34.84,-122.86,2.2763
2.7113,6.0,6.36,0.8186,1914.0,3.6438,36.03,-122.9,1.4999
8.1301,10.0,4.4179,1.1649,1053.0,3.2348,35.2,-120.14,3.7784
3.1431,26.0,4.2106,1.0739,575.0,3.455,39.16,-117.71,1.9757
4.7628,44.0,5.4282,0.9929,1497.0,1.3064,33.54,-120.39,4.2628
7.7636,42.0,6.0471,0.9554,197.0,3.2517,40.61,-120.48,5.0
4.3776,20.0,7.1553,1.0642,1177.0,2.6596,33.91,-115.35,2.9831
4.2567,15.0,4.1144,1.1705,1389.0,2.9679,35.18,-115.62,2.1458
3.155,50.0,5.0184,1.0505,1537.0,3.1806,38.45,-119.54,2.364
4.0632,29.0,6.8109,0.9217,3217.0,2.4275,35.86,-117.12,2.0088
2.5605,7.0,7.7677,1.0913,869.0,2.1395,37.35,-119.78,1.7188
12.7492,12.0,4.2083,1.2568,1405.0,2.4032,37.91,-118.27,5.0
1.1078,43.0,4.5134,1.106,1582.0,1.8413,34.96,-121.55,2.0538
2.8254,46.0,5.8573,1.1103,1063.0,2.0758,37.58,-119.32,2.628
4.4222,47.0,4.7067,1.0511,354.0,2.1857,41.42,-117.87,2.4782
4.2591,1.0,4.4889,0.9666,2050.0,1.8519,32.52,-119.88,2.4405
2.5576,42.0,5.6934,0.9616,100.0,3.423,38.16,-116.71,1.6033
0.7998,6.0,7.2593,0.8507,378.0,2.2796,35.54,-121.63,0.7207
1.2594,42.0,3.8286,1.2772,848.0,1.5095,40.69,-124.17,1.9715
3.5676,45.0,7.198,1.1694,376.0,2.679,33.42,-115.16,3.0168
0.6023,19.0,4.7103,1.1124,1174.0,2.1094,33.08,-120.69,1.8553
4.6156,10.0,5.815,1.1443,2588.0,4.1673,36.35,-121.78,2.502
6.3215,37.0,7.309,1.1509,4126.0,3.1063,38.9,-119.54,3.6313
5.1243,4.0,5.7904,0.9898,1079.0,1.8236,32.56,-121.81,3.6438
5.7489,30.0,5.043,1.0512,1489.0,3.455,40.21,-116.97,2.6463
0.6247,17.0,6.2618,1.0289,1169.0,3.068,35.7,-121.23,0.15
2.6269,22.0,5.1922,1.4767,1031.0,2.8091,41.24,-114.38,1.434
1.5158,43.0,6.0256,1.253,1036.0,4.2597,41.1,-121.54,1.5478
0.9206,51.0,5.1544,1.1252,3616.0,2.2196,39.76,-120.68,1.6854
2.2657,21.0,6.4334,1.3049,119.0,3.8281,39.5,-118.92,1.1953
7.6501,15.0,3.7269,1.286,2177.0,2.6724,38.21,-124.27,3.7788
8.9073,43.0,4.1838,0.8929,520.0,2.9853,40.05,-124.26,4.4965
1.6679,22.0,3.7093,1.0666,926.0,2.4001,34.19,-121.96,1.7172
3.2897,11.0,5.3323,1.0976,358.0,2.4511,40.26,-123.48,2.3049
4.0272,47.0,3.5646,1.1917,329.0,2.6512,37.87,-116.7,2.81
2.6398,51.0,4.5698,1.0664,2427.0,1.4794,39.93,-115.58,1.6523
6.5942,15.0,4.071,1.0852,631.0,3.2773,37.19,-120.17,3.4179
2.29,9.0,7.1756,1.0308,1138.0,3.0919,38.49,-119.13,1.5256
2.0293,8.0,4.2112,1.2573,1637.0,1.8018,35.75,-118.17,1.1961
1.7349,31.0,3.8561,0.8835,3210.0,3.528,36.53,-123.35,1.7992
2.6272,16.0,5.698,1.0359,341.0,4.1657,35.97,-119.6,1.662
0.5,32.0,7.4242,0.8234,3357.0,2.4684,39.54,-114.71,1.0103
2.7128,39.0,5.2607,0.9456,1363.0,2.3722,34.41,-122.22,2.5833
3.4217,1.0,5.3535,1.1476,1318.0,3.8907,41.34,-123.46,2.3329
3.5622,44.0,6.9489,1.1504,861.0,3.3226,40.38,-121.49,2.4711
1.4461,2.0,6.4539,1.053,754.0,2.8913,40.69,-118.82,0.7332
3.5185,6.0,5.9105,1.2686,209.0,3.6516,41.18,-115.62,1.8004
3.4716,37.0,4.7012,1.3031,2728.0,3.2193,36.64,-120.75,2.3077
3.5213,32.0,5.9471,1.0896,312.0,4.1428,40.97,-120.85,2.1821
5.185,50.0,3.7671,1.1376,672.0,2.9866,36.72,-120.87,3.1743
1.3997,29.0,4.6516,1.0321,2432.0,3.3412,33.47,-115.89,1.4645
2.6613,22.0,7.1178,1.194,1016.0,3.8784,32.97,-119.61,2.0113
0.7529,35.0,6.9624,0.9209,401.0,1.0417,33.1,-120.99,1.4288
4.894,39.0,5.925,1.3694,2073.0,3.9074,34.29,-122.53,3.4216
1.5737,35.0,3.0848,1.271,760.0,2.5959,35.92,-123.04,1.0355
5.6767,19.0,3.9501,0.9202,662.0,3.4,41.8,-114.56,2.5389
5.7982,49.0,4.5846,0.9816,326.0,4.3313,34.79,-119.44,3.0836
2.8401,16.0,5.194,1.1632,715.0,2.7553,41.17,-123.58,1.8608
2.7409,18.0,3.8995,1.0493,842.0,2.6356,40.2,-115.24,1.7959
1.0287,15.0,5.1044,1.1817,1612.0,2.9562,40.68,-114.76,0.8924
3.2205,16.0,7.5208,1.0461,564.0,1.8382,39.96,-121.93,1.5647
5.1575,11.0,5.881,1.3287,2784.0,4.7593,41.74,-121.14,3.0211
3.8053,30.0,5.6626,1.1012,2480.0,2.966,33.64,-114.7,2.714
7.0735,38.0,4.1789,1.4631,2479.0,4.3165,37.05,-124.14,3.5637
2.4532,22.0,3.4332,1.1904,1288.0,2.7334,35.76,-121.06,1.6885
2.4509,48.0,3.9262,0.8976,1975.0,3.0272,35.2,-120.0,1.0002
1.6554,25.0,3.3847,1.413,1845.0,3.7554,36.74,-116.6,1.0759
9.8947,24.0,5.49,1.2648,2292.0,2.1182,37.07,-120.62,5.0
1.0207,4.0,5.8607,1.157,2447.0,2.918,41.87,-120.92,0.8182
4.9316,47.0,4.2417,1.197,1903.0,3.7254,35.01,-117.01,2.3445
5.2228,8.0,5.5775,0.9216,1933.0,2.8296,41.16,-115.81,2.5259
5.0872,9.0,7.1628,0.8293,1805.0,2.6135,34.09,-123.37,3.814
1.7604,48.0,7.7492,1.0937,1935.0,3.8922,38.82,-122.88,2.1683
2.839,27.0,6.3245,1.3068,1198.0,4.1209,35.4,-117.7,1.8149
4.5019,4.0,5.1902,1.1594,678.0,4.2481,41.62,-121.16,3.0124
2.056,23.0,6.2857,1.3564,417.0,2.46,38.53,-117.62,1.7198
2.5764,31.0,7.0222,1.2982,322.0,2.5365,33.11,-122.56,3.0189
2.0818,1.0,2.9913,1.1031,454.0,2.6227,41.27,-116.26,1.0833
3.3651,39.0,7.1785,1.2776,2345.0,3.5748,35.29,-121.09,2.2674
3.2227,35.0,4.7465,1.3284,3067.0,2.0426,41.31,-120.95,2.8592
7.8345,1.0,4.758,1.088,1869.0,2.0877,32.63,-122.51,4.1411
4.5634,32.0,4.9741,1.0679,1385.0,2.4285,34.58,-122.19,3.0841
1.2237,12.0,5.7841,1.1211,208.0,2.2494,35.14,-118.32,0.7234
1.3031,38.0,4.0665,0.8,1040.0,3.7075,39.04,-118.48,1.1472
4.9856,20.0,5.0582,1.1421,646.0,3.6536,40.08,-116.06,2.4808
3.2001,11.0,6.0303,1.2081,646.0,2.6147,38.49,-118.0,1.7615
9.5467,26.0,5.6623,1.1217,1256.0,2.8449,33.09,-120.02,5.0
9.5305,23.0,5.857,1.1517,1860.0,1.0,36.62,-116.27,4.9323
1.6483,18.0,5.0112,1.0935,1160.0,2.6341,37.19,-124.13,1.7559
3.8424,45.0,6.2325,0.8004,4636.0,3.9952,35.91,-117.28,1.6896
1.3159,34.0,6.6677,1.3494,1354.0,2.5905,36.49,-118.87,1.1896
4.9338,25.0,6.5957,1.0448,173.0,2.126,37.08,-122.09,2.9389
8.5093,12.0,5.9131,1.0073,3634.0,4.101,37.76,-117.93,3.789
3.507,30.0,6.5267,1.3037,1111.0,2.1084,38.49,-114.43,2.0016
2.394,2.0,6.4453,1.2468,3054.0,4.2368,34.5,-120.83,2.3691
4.0946,46.0,8.6118,1.141,313.0,5.3103,41.07,-117.91,2.1235
5.5683,1.0,6.8617,1.2154,559.0,2.9125,40.36,-119.91,2.8963
5.5912,36.0,5.2935,0.9268,447.0,3.995,39.97,-120.38,2.8537
2.4124,18.0,4.306,1.0879,2301.0,1.6649,40.16,-121.23,1.8673
2.0196,37.0,5.0866,1.2942,2717.0,1.6296,37.49,-122.01,1.8344
3.712,19.0,5.0019,0.9984,1690.0,2.3626,41.55,-121.94,2.5705
2.5244,2.0,6.0137,0.9503,1435.0,3.6579,35.98,-116.56,0.7411
6.5957,49.0,4.5597,1.1118,193.0,3.0014,36.49,-121.06,3.3011
2.5037,40.0,6.8306,1.1153,614.0,2.8509,40.25,-119.0,1.5216
3.344,3.0,3.7325,1.1971,695.0,1.9673,40.76,-122.16,2.3164
4.0305,2.0,3.441,0.8933,252.0,2.8981,36.77,-122.18,1.9675
1.0517,28.0,5.2379,0.8,1067.0,2.4851,40.56,-118.43,1.1027
2.1426,49.0,4.3889,1.2382,1722.0,2.262,38.52,-118.47,1.5098
9.2966,30.0,3.8901,0.9376,2129.0,2.1941,36.19,-119.25,3.8998
5.4252,1.0,4.6355,1.0085,1810.0,3.1536,41.1,-117.37,2.7084
2.4807,36.0,4.4862,0.8,905.0,2.4237,37.28,-117.93,1.9274
4.9463,22.0,5.4122,1.2534,740.0,2.9948,40.57,-122.3,2.8865
6.5301,33.0,4.6554,1.1526,951.0,1.5848,40.22,-123.75,3.9091
2.7504,18.0,4.753,1.1465,1044.0,3.4025,33.42,-121.6,2.2832
5.2675,1.0,5.3942,1.1455,428.0,3.1926,40.78,-119.99,1.992
4.817,1.0,6.6171,0.8,775.0,2.8149,34.04,-122.22,3.6024
1.333,33.0,7.1649,0.9522,663.0,3.1292,40.23,-119.48,1.0945
2.7607,33.0,5.5773,1.0322,3339.0,3.7473,39.68,-123.93,2.1315
7.9587,17.0,5.6707,0.9877,2262.0,1.841,39.5,-119.53,3.7093
9.139,5.0,5.1802,1.0593,1708.0,3.0534,41.25,-120.78,4.599
5.4525,40.0,5.9775,1.1369,502.0,1.9559,38.21,-114.71,3.497
2.0917,8.0,5.8683,1.251,1965.0,3.0701,35.72,-115.53,1.1897
0.5,10.0,6.991,0.878,596.0,2.7929,38.14,-114.79,0.6771
1.8939,24.0,3.1336,1.0987,1981.0,2.9801,39.11,-117.71,1.5064
1.1936,37.0,5.1186,1.2067,928.0,3.6787,35.96,-114.58,1.2434
8.3119,51.0,5.807,0.9614,2543.0,3.6548,34.92,-122.4,4.9364
0.7366,32.0,5.3685,1.0711,301.0,3.8694,37.15,-118.98,0.8326
1.3621,49.0,4.273,1.17,1912.0,2.6829,41.03,-116.87,1.4552
3.6631,34.0,3.8408,1.1017,2698.0,3.5625,38.49,-119.48,2.0727
3.1854,44.0,6.3676,1.2011,970.0,3.4053,41.02,-122.16,2.6851
7.7241,9.0,4.4917,1.1142,914.0,2.703,37.01,-117.76,3.3854
4.6336,3.0,3.2941,1.0532,1148.0,3.0938,41.5,-114.59,2.2696
2.8978,35.0,6.4279,0.9241,1695.0,2.8943,40.02,-119.07,2.6356
6.669,50.0,5.9508,1.1371,714.0,4.1159,35.87,-121.82,3.9282
2.4322,38.0,5.261,1.115,623.0,3.6482,36.76,-123.89,1.5165
8.1023,18.0,4.3025,0.9511,3682.0,2.7313,41.98,-123.26,4.0938
1.7103,25.0,5.2639,1.1873,878.0,2.6756,41.56,-116.53,1.4395
3.1091,6.0,6.8587,1.2902,1095.0,3.7661,36.4,-119.45,1.2154
0.5338,18.0,3.4624,1.001,795.0,4.072,40.42,-122.21,0.4564
5.626,35.0,3.5232,0.9909,1795.0,3.2524,41.14,-115.7,2.3828
3.5306,9.0,4.6467,0.9854,662.0,3.5269,34.89,-119.94,1.5818
8.1153,25.0,5.368,0.8482,1026.0,4.0425,37.42,-116.34,4.2735
2.6933,15.0,4.8044,1.4007,2354.0,2.8602,39.69,-116.19,1.2923
1.0388,26.0,6.1714,1.0327,2141.0,3.0668,33.23,-117.12,1.7183
4.2679,39.0,6.7066,0.9712,864.0,3.3894,40.15,-114.57,2.2886
2.1878,46.0,5.7345,0.931,1171.0,2.6568,34.5,-115.33,1.5515
5.1391,21.0,6.0725,1.0418,527.0,4.3592,37.05,-123.05,2.9589
1.7373,43.0,5.7265,0.9957,1170.0,2.6496,36.06,-120.86,1.326
7.258,36.0,5.4114,1.3157,4150.0,3.049,39.53,-114.76,4.2155
3.3424,48.0,3.8477,0.9127,2039.0,4.5331,34.72,-117.74,2.0649
2.9053,38.0,4.1664,0.8692,523.0,1.5106,36.93,-119.86,2.401
6.9682,29.0,3.7789,1.1828,257.0,3.1728,35.02,-115.68,3.2841
5.6772,35.0,5.2218,1.0839,535.0,2.4715,33.02,-117.91,3.7119
1.9183,17.0,5.6787,1.0666,373.0,3.0001,40.51,-120.59,1.8997
5.577,35.0,3.6609,1.1839,1033.0,2.0353,34.63,-121.59,3.3985
4.8878,37.0,5.4871,1.1205,2496.0,2.7033,34.71,-115.79,2.3955
3.0161,32.0,4.3497,1.093,1043.0,3.0198,32.94,-115.83,1.9547
5.3038,6.0,4.117,0.8892,670.0,3.1907,37.28,-115.12,2.2554
7.2386,27.0,4.6496,0.8498,880.0,3.7165,35.06,-116.45,3.4792
3.0758,37.0,4.0554,0.9949,1665.0,1.1409,37.87,-122.45,2.4888
3.0828,11.0,6.128,0.9373,1308.0,2.8993,39.37,-120.42,1.8431
2.9719,41.0,5.1984,1.1404,546.0,2.8602,32.94,-121.02,3.0524
1.8621,43.0,6.3783,0.8302,2047.0,2.9486,34.4,-121.72,2.222
3.0546,28.0,4.8678,1.0329,453.0,3.0258,36.21,-116.35,1.5532
2.8322,50.0,4.9132,1.074,1240.0,2.3359,40.86,-123.05,2.7662
2.722,44.0,7.6481,1.0941,783.0,1.7624,33.54,-119.51,2.7526
2.6944,24.0,3.4523,1.1598,973.0,3.1737,39.57,-115.64,1.0839
1.3592,46.0,6.9414,1.051,472.0,2.2046,41.56,-116.41,0.9652
6.0277,48.0,7.3854,0.9999,1182.0,3.3222,33.24,-121.63,3.7693
2.1402,6.0,6.319,1.2867,424.0,2.2502,35.66,-123.94,1.649
7.4843,51.0,5.0034,1.052,737.0,3.5542,39.81,-120.16,4.6348
1.5931,1.0,7.1123,1.3129,926.0,2.9564,41.38,-118.36,1.3865
8.5163,25.0,5.0139,1.0512,556.0,3.012,34.84,-115.75,4.288
2.5146,48.0,4.5531,1.0976,2805.0,2.8029,38.6,-119.02,2.4723
5.6186,37.0,4.9341,1.0792,735.0,2.6746,39.45,-121.64,3.4719
3.5084,14.0,4.7158,1.1347,876.0,2.8136,36.34,-117.39,2.202
1.2155,33.0,4.2641,1.037,1150.0,3.9453,38.86,-120.28,1.1001
1.2676,11.0,6.732,1.1144,317.0,1.7725,37.72,-116.05,0.4885
2.0146,13.0,4.4719,1.3296,202.0,2.4815,41.4,-124.06,1.5113
2.4169,47.0,5.3644,1.2573,927.0,3.8453,37.62,-120.11,1.9658
3.1408,3.0,3.6675,1.2584,242.0,3.6558,37.41,-120.08,2.6848
4.0056,50.0,5.437,0.8987,1449.0,4.0748,38.86,-118.42,2.2797
2.873,24.0,4.0129,0.923,1501.0,2.9526,33.95,-120.71,2.1758
3.8698,4.0,3.9834,1.1327,1449.0,1.9454,37.54,-120.28,2.6988
4.2795,41.0,5.2689,1.2156,1938.0,2.1137,32.98,-116.95,2.8119
2.7875,3.0,6.6684,1.0221,924.0,2.761,38.46,-122.59,1.8762
4.8382,17.0,5.9285,0.9954,2860.0,3.6086,37.58,-121.92,3.0204
5.5187,13.0,6.0109,1.3091,1345.0,2.7963,40.47,-123.28,2.7486
4.3488,41.0,5.2441,1.2029,2705.0,2.7347,40.08,-121.72,3.4443
4.5053,21.0,4.9972,1.2587,1876.0,3.3175,36.61,-119.25,2.6409
3.652,34.0,6.3494,1.0338,950.0,3.0222,38.76,-122.41,2.6391
6.3491,4.0,4.7242,1.022,1338.0,2.6475,35.38,-123.56,3.9251
3.1889,36.0,6.4013,1.2423,1656.0,2.1988,36.18,-114.34,1.9358
2.0408,37.0,6.8831,1.0606,188.0,3.7576,33.24,-119.75,2.1531
3.2516,15.0,4.3903,1.0084,322.0,3.8383,33.46,-115.98,2.1553
1.2325,45.0,4.5667,0.963,3238.0,2.1539,40.28,-116.91,1.1026
1.1164,24.0,4.7452,1.0233,1645.0,2.6779,41.73,-122.65,1.1374
5.5349,35.0,3.6396,1.2313,2306.0,3.5336,37.15,-119.18,3.4983
7.5574,10.0,4.8367,0.8736,914.0,2.0899,33.72,-118.62,4.4481
2.5688,48.0,6.9617,1.1944,2741.0,3.2921,33.34,-122.72,3.0116
5.5674,13.0,4.1453,0.9938,959.0,2.7388,32.93,-123.18,3.3475
0.7715,32.0,6.9902,1.0685,1635.0,2.0266,40.85,-121.67,1.6916
0.6586,5.0,4.8799,1.0781,3006.0,4.4219,36.7,-121.69,0.5421
4.3574,3.0,7.9368,1.0669,1785.0,2.7269,40.86,-121.52,3.1101
3.1974,7.0,4.5818,1.0569,457.0,3.4194,35.95,-121.78,2.3302
8.3015,49.0,5.2272,1.0333,1014.0,2.1031,38.09,-118.83,4.6855
2.9074,11.0,4.3078,1.0143,1379.0,4.2419,38.9,-121.36,1.9892
1.505,45.0,4.5748,1.298,1716.0,4.5579,32.98,-116.58,1.5492
0.9937,30.0,7.0058,1.1038,2523.0,1.7983,38.98,-123.78,1.7182
3.2499,5.0,5.9694,1.0811,1726.0,2.8684,40.1,-118.08,2.1536
3.6473,23.0,6.6346,1.0033,1050.0,4.0623,32.71,-116.58,2.4945
2.7896,25.0,3.8213,1.0388,883.0,2.6253,33.06,-119.93,1.86
5.6436,14.0,6.1858,1.0038,922.0,3.3274,37.46,-121.11,3.5022
7.0713,31.0,4.2343,1.2148,746.0,1.6557,41.73,-121.27,3.8405
2.5497,44.0,3.7952,0.987,717.0,2.3694,41.75,-121.02,2.209
0.7701,46.0,5.6865,0.8,2272.0,3.244,33.54,-123.13,1.7368
3.8841,27.0,5.6742,1.1087,1237.0,2.5284,39.73,-118.49,1.2764
6.4262,46.0,5.464,1.0581,759.0,2.7116,40.04,-118.07,3.5149
2.5574,48.0,6.2611,1.0121,1126.0,1.7875,40.83,-120.4,3.1677
4.5048,5.0,6.4483,1.2367,802.0,3.5233,32.91,-114.74,2.6645
1.4221,33.0,7.1637,0.8,216.0,1.9283,41.74,-115.19,2.3845
3.8244,40.0,3.9716,1.3364,1741.0,4.2326,40.31,-121.32,2.3772
4.5565,1.0,7.2024,1.2582,2372.0,2.4538,38.27,-116.98,2.2792
3.8931,31.0,7.6588,1.0058,2090.0,3.6406,33.13,-123.14,2.9777
9.6129,47.0,4.9605,1.0324,2002.0,3.5618,34.78,-116.72,4.6875
7.5025,14.0,3.3978,1.1757,428.0,2.2119,35.79,-116.94,3.6847
5.0191,44.0,3.7398,1.1797,2732.0,2.5394,40.65,-120.73,3.7585
6.0636,48.0,4.8458,1.0049,689.0,2.634,39.73,-120.43,3.4309
3.8074,33.0,7.817,0.8575,365.0,2.6883,41.44,-118.44,2.2513
3.1054,33.0,5.4205,1.4171,106.0,1.9619,36.51,-121.5,2.6299
2.374,28.0,4.6594,1.2434,1356.0,3.4271,41.21,-118.57,1.8602
1.3988,21.0,4.5775,1.1235,2778.0,2.449,41.01,-115.42,0.3085
7.7112,24.0,3.8127,1.1264,2518.0,2.9087,32.68,-119.85,3.6772
9.8368,27.0,6.4495,1.1932,1156.0,3.8051,34.77,-122.26,4.9279
3.3011,25.0,5.2895,1.2112,2224.0,3.4574,40.1,-118.72,2.1654
3.3383,43.0,7.9198,0.8,4246.0,2.503,38.82,-117.77,2.0328
4.6751,40.0,6.1539,1.0474,843.0,3.8327,34.62,-119.04,2.7258
2.9163,18.0,6.3959,1.0318,1591.0,3.5324,39.92,-124.06,2.6311
1.5378,27.0,5.1095,1.0758,2815.0,2.4353,35.51,-117.61,1.2104
1.2035,11.0,4.0908,1.2156,377.0,2.5888,38.22,-123.93,1.1511
9.6309,9.0,4.3517,0.8315,410.0,3.8004,41.38,-120.13,4.7351
0.8687,19.0,3.7569,0.8976,3123.0,3.6229,34.78,-120.16,1.0876
3.9874,3.0,6.4925,0.9977,2267.0,1.7979,33.03,-115.84,2.6602
0.9669,44.0,4.9381,1.1232,637.0,2.1955,38.77,-115.67,1.1402
3.0127,7.0,6.543,1.2248,473.0,3.5563,39.42,-116.55,1.3568
2.5408,17.0,5.5631,1.3447,422.0,2.0605,35.47,-116.1,1.2218
1.0998,13.0,5.0486,1.057,1324.0,3.644,36.95,-122.11,1.2869
4.7768,11.0,3.9965,1.2246,648.0,4.5486,37.26,-117.14,1.672
1.4572,19.0,5.762,1.2065,660.0,3.2986,40.25,-116.81,0.6745
0.9841,37.0,5.1376,1.1813,424.0,2.2616,39.08,-116.52,0.7016
5.1055,46.0,6.4826,1.0964,1186.0,3.1412,35.09,-116.35,2.7406
2.5485,10.0,4.5415,1.0401,377.0,3.8277,35.09,-122.67,1.6161
1.8838,13.0,6.1393,0.9402,1764.0,3.0791,35.59,-121.73,1.1232
5.2998,24.0,7.369,0.9303,2573.0,3.3871,33.89,-116.46,3.06
1.4012,17.0,5.7271,1.1521,1368.0,2.3605,33.78,-122.83,2.0096
0.7887,41.0,6.3423,1.0918,2260.0,2.4211,40.27,-123.06,0.9377
6.7889,12.0,6.0863,1.0377,1013.0,3.7248,40.4,-114.53,2.7925
8.836,21.0,7.6777,1.1997,573.0,2.4304,34.97,-114.62,4.8838
2.9598,28.0,5.8459,1.0699,850.0,1.0,40.58,-120.93,2.198
0.5,20.0,6.24,0.963,256.0,2.7549,37.92,-124.21,1.3095
2.9335,32.0,5.3565,1.06,689.0,3.2514,39.27,-120.32,1.9579
5.4872,41.0,4.4707,1.2231,975.0,3.8468,40.86,-124.04,3.2791
6.3806,28.0,3.9502,0.9465,1148.0,4.3166,35.43,-122.87,3.0683
1.5252,24.0,6.9203,1.1314,2309.0,3.0678,38.79,-122.06,0.8412
2.6344,49.0,4.19,1.0917,2887.0,3.5269,35.43,-115.91,1.5949
3.7908,51.0,6.295,0.9859,1327.0,3.0965,41.08,-120.55,2.9202
5.2936,51.0,5.8992,1.056,456.0,3.2833,35.35,-124.22,3.5982
4.9516,1.0,6.5013,0.8642,452.0,2.8505,38.44,-117.93,2.3442
4.4685,43.0,4.7823,1.1164,700.0,3.3092,34.31,-123.59,3.12
6.3706,46.0,4.4511,0.8953,603.0,2.4161,36.01,-115.36,3.7763
3.1024,42.0,5.854,1.2609,1349.0,4.5841,35.84,-121.85,1.8838
7.7536,39.0,5.0492,1.0862,479.0,1.087,39.63,-121.92,4.3312
2.1914,19.0,3.9228,1.0142,2935.0,3.4567,35.22,-120.33,1.2653
4.9998,38.0,7.7262,1.2741,2062.0,3.2556,35.61,-123.23,2.974
2.4172,30.0,4.4503,0.9452,2367.0,3.297,32.59,-124.07,2.2662
2.9888,43.0,4.2076,0.9878,673.0,2.0537,35.5,-115.16,2.1501
3.3071,18.0,5.1094,0.8256,479.0,1.6575,35.09,-115.66,1.485
2.3236,38.0,6.9034,1.2964,641.0,3.4846,37.67,-115.14,1.3862
6.5399,41.0,2.7999,1.3809,1213.0,4.0728,36.32,-117.53,2.9036
2.4989,43.0,6.8039,0.849,1117.0,3.1762,41.81,-124.17,2.2748
3.1968,9.0,4.3062,0.9776,2736.0,3.6442,37.69,-114.57,1.5961
4.6416,45.0,5.7174,1.1105,3079.0,2.6335,33.19,-117.21,2.8485
12.1315,12.0,4.5888,1.0226,1262.0,3.2653,40.19,-120.15,5.0
4.7475,48.0,7.7903,1.0953,322.0,3.9805,33.01,-116.98,3.1104
3.3834,2.0,5.5495,1.0824,896.0,2.7492,40.45,-118.63,1.9213
0.6757,12.0,4.5503,1.1611,5553.0,3.9486,36.35,-117.58,0.2004
2.9361,32.0,5.0387,0.9559,340.0,1.6923,33.09,-116.06,2.6707
2.0442,28.0,5.5076,1.1289,1389.0,2.5096,41.78,-114.94,1.731
2.6107,36.0,5.6132,0.9326,637.0,3.4367,37.21,-116.33,1.6494
2.3826,21.0,5.9265,1.0382,3955.0,4.5222,40.62,-115.34,1.9271
4.6127,1.0,5.3983,0.8395,1481.0,3.0114,36.5,-118.62,2.2776
2.8947,32.0,3.7474,1.0393,643.0,2.1729,36.89,-120.92,2.8658
1.71,27.0,4.9917,1.0141,792.0,4.5041,35.94,-117.6,1.8491
5.6287,26.0,6.128,1.2415,174.0,2.8991,36.0,-118.74,2.2782
1.2905,20.0,4.5961,1.0911,1374.0,3.5318,40.04,-123.74,1.6472
3.2831,46.0,6.2073,1.1184,1405.0,2.7325,32.79,-118.54,2.8259
2.9501,41.0,5.4381,1.0966,336.0,3.1138,37.15,-120.13,2.3579
4.0615,10.0,5.1387,0.8,1748.0,2.5503,35.02,-120.6,2.2147
6.411,2.0,6.833,0.8005,3051.0,4.8061,37.79,-117.06,2.3204
13.2358,10.0,3.3142,1.0522,411.0,3.953,34.54,-115.45,5.0
3.3819,3.0,4.5896,1.1418,1720.0,4.4145,35.81,-122.33,2.5642
2.0207,37.0,6.8789,1.0648,1751.0,2.3692,37.57,-116.35,1.7455
1.8847,32.0,7.5961,0.9704,1268.0,1.54,39.55,-122.6,1.5208
1.8785,24.0,8.1432,1.064,1331.0,2.7656,41.49,-118.54,0.9566
3.9677,31.0,5.4604,1.0509,767.0,5.0132,34.81,-115.82,1.1869
0.5428,42.0,5.9495,1.2169,166.0,2.7425,37.09,-115.24,1.3564
1.2302,43.0,6.3809,1.2085,1457.0,3.8414,35.81,-121.22,1.4999
3.97,23.0,6.9301,1.017,2040.0,2.1801,38.26,-116.11,2.4332
5.8008,31.0,5.7757,1.0925,508.0,2.3368,35.98,-115.51,3.0742
5.8218,30.0,6.5114,1.1414,649.0,2.9362,33.42,-122.57,4.2267
3.4863,49.0,5.9517,1.1637,584.0,4.6878,38.34,-120.45,2.2292
5.3499,39.0,6.0267,1.3479,1535.0,3.8802,32.84,-116.54,3.3569
6.479,17.0,4.298,1.0958,1383.0,1.3575,32.91,-124.15,4.3034
2.4733,46.0,5.0049,1.2753,538.0,3.5334,40.9,-118.04,1.2548
6.0827,21.0,4.7727,0.926,1094.0,2.081,40.77,-120.15,3.237
0.9189,39.0,3.9733,1.0043,1123.0,2.4548,37.85,-119.12,0.9592
1.2031,50.0,3.4181,0.8,1476.0,3.4083,32.67,-120.12,2.1747
2.5757,42.0,4.8916,1.1227,837.0,4.1187,35.76,-122.35,2.4518
0.8219,6.0,5.0833,1.1971,2444.0,4.0794,35.79,-120.82,0.8475
4.6599,11.0,5.526,0.8,1490.0,3.2653,39.35,-115.69,2.1792
2.2249,41.0,6.0669,1.1282,2415.0,3.2765,40.21,-118.19,1.6648
2.9711,7.0,5.6257,1.1906,1462.0,4.077,35.87,-119.53,1.2778
3.0448,1.0,5.0917,1.1821,1557.0,1.7396,36.51,-117.24,1.6238
2.5315,14.0,4.3018,0.9206,276.0,4.4619,34.63,-122.46,2.0786
1.8698,25.0,6.4525,1.216,1381.0,2.4112,39.42,-123.47,1.6746
4.5207,7.0,5.2778,1.1014,1075.0,3.2085,35.82,-118.81,2.1986
2.192,8.0,4.8795,1.1887,2588.0,2.603,39.2,-124.18,1.398
3.018,18.0,5.1763,1.0811,2342.0,2.0752,39.22,-122.82,2.6171
4.0874,31.0,4.5207,1.1572,2773.0,3.3693,33.98,-117.13,2.3547
6.4464,28.0,4.7632,1.2664,662.0,3.1892,40.91,-115.28,3.1352
6.1399,41.0,4.7251,1.0694,1136.0,2.9157,40.33,-121.45,3.9718
2.3306,51.0,5.0552,1.1426,2952.0,2.8779,38.04,-120.47,1.8572
1.7998,2.0,6.1869,1.2875,648.0,4.2208,33.32,-117.49,1.5743
7.2472,36.0,5.8885,1.08,2600.0,4.7542,34.09,-116.25,3.1633
2.1836,9.0,7.2561,0.9312,2409.0,4.0023,33.38,-121.7,1.5877
4.4072,19.0,6.8541,1.2014,1108.0,3.2219,36.9,-116.04,2.1999
0.784,18.0,7.7477,1.3152,3458.0,1.6902,35.02,-114.57,1.7901
0.5288,36.0,6.071,1.2933,2480.0,3.5017,40.39,-123.42,1.2012
3.3798,14.0,6.0517,1.2072,381.0,3.5371,36.64,-122.06,2.1363
2.7506,46.0,4.8151,0.8,3109.0,3.6171,36.79,-117.04,2.1627
5.1279,20.0,6.3912,1.0046,1110.0,2.0872,41.26,-123.93,2.7282
1.8858,42.0,4.6127,1.0123,1533.0,3.6801,37.99,-121.46,0.6746
3.8934,49.0,3.6355,1.1067,1539.0,4.2493,36.18,-115.85,2.7654
4.9594,27.0,7.2316,1.3532,1813.0,2.2139,41.84,-117.48,2.9311
1.941,6.0,3.901,0.9379,2995.0,3.5477,36.89,-117.89,0.7772
2.5737,36.0,5.9266,1.4363,1518.0,2.3506,38.01,-118.18,1.799
1.3942,22.0,4.3436,1.0427,1052.0,2.9166,36.13,-119.28,1.3672
5.2421,18.0,6.752,0.985,523.0,2.241,38.86,-116.63,2.6713
4.5572,24.0,6.9155,1.2268,800.0,2.7194,39.87,-115.65,2.4831
4.7717,16.0,6.035,1.2386,2366.0,2.7256,38.47,-116.34,3.1203
2.743,15.0,6.8956,1.1975,2718.0,3.3298,34.86,-119.47,1.0352
4.5085,51.0,5.4088,0.9846,876.0,3.7123,41.45,-116.51,2.7379
0.5,15.0,8.081,1.1753,2063.0,3.9729,37.36,-116.75,0.15
2.9093,24.0,6.2954,0.945,745.0,2.4784,40.35,-119.74,2.3112
7.9943,37.0,4.3193,0.9804,211.0,3.2879,32.58,-120.96,4.8974
3.2045,12.0,5.4835,1.0858,326.0,2.1215,37.42,-120.2,1.9409
5.9252,32.0,5.217,0.977,2514.0,2.9114,41.39,-119.37,2.515
2.7533,46.0,5.0995,1.2579,224.0,3.0342,39.04,-122.83,2.1327
6.9975,42.0,3.4114,1.0133,1942.0,2.262,33.58,-122.12,4.6369
1.7964,2.0,5.8642,1.0669,1434.0,3.4473,39.24,-123.28,1.6841
4.2095,21.0,3.7371,0.968,2619.0,2.8754,32.64,-123.58,2.6806
2.0599,1.0,2.3695,1.2556,1321.0,3.1235,36.0,-118.64,0.6674
3.7868,31.0,4.9872,1.0001,1683.0,3.9796,34.75,-117.32,1.7913
2.191,17.0,4.4929,1.2713,1408.0,2.6579,34.89,-118.16,1.0441
3.1962,46.0,4.3662,1.2603,1547.0,3.6802,32.89,-117.03,2.2496
2.4176,9.0,2.0,1.0331,1167.0,4.1543,38.36,-120.23,1.1094
4.8506,44.0,4.379,1.1045,1706.0,4.1053,39.55,-116.31,2.683
4.3209,18.0,5.1916,1.0289,955.0,2.8495,35.27,-116.82,2.0382
2.0085,47.0,4.639,1.1819,2254.0,2.2219,38.08,-117.19,1.6709
1.9678,11.0,5.8648,1.0708,1303.0,2.4321,37.23,-116.64,1.3175
1.6844,14.0,7.0712,1.0374,2139.0,1.7307,41.93,-121.99,1.1745
1.4471,18.0,6.0196,1.1069,658.0,3.5488,40.22,-118.61,1.1196
5.0546,51.0,6.6317,0.8627,891.0,3.5985,41.49,-116.55,2.9011
1.6147,38.0,6.731,1.0886,334.0,3.0939,40.33,-123.31,1.7784
3.9913,42.0,4.1774,1.1974,1567.0,1.8991,38.75,-121.83,2.8324
2.2762,29.0,5.9269,1.1207,1516.0,2.7078,33.18,-119.39,1.922
5.821,41.0,6.5942,1.2427,784.0,4.1042,40.65,-120.16,3.3719
9.1599,32.0,4.8768,1.0434,1211.0,3.4877,39.73,-115.16,4.339
0.5,35.0,4.4512,1.0311,513.0,3.6264,35.18,-116.79,0.262
1.7799,43.0,6.0365,0.9324,2408.0,5.6464,35.06,-123.89,1.9887
2.2503,51.0,3.622,1.0391,2355.0,3.2625,37.48,-119.65,1.3967
2.8072,30.0,4.0944,1.3949,1168.0,1.2731,35.19,-116.67,1.9533
2.6922,23.0,4.5999,1.1413,1014.0,2.1191,41.72,-117.61,2.0887
1.1895,34.0,5.9406,1.0122,272.0,3.2444,34.34,-118.92,1.4201
9.2718,38.0,5.6627,0.9491,2097.0,3.015,33.96,-123.45,5.0
2.759,51.0,6.6388,0.8602,598.0,2.8624,32.91,-115.15,1.7073
4.3088,36.0,4.2938,0.9754,2220.0,2.8765,37.75,-120.15,2.1025
4.3923,49.0,4.2294,1.2139,324.0,2.3725,39.53,-122.85,3.0525
0.9816,38.0,6.0287,1.0359,495.0,3.2991,38.07,-123.46,1.4603
2.5135,49.0,4.4416,0.9563,405.0,4.1155,34.48,-116.45,2.5023
5.0544,39.0,4.6758,0.9728,576.0,4.3859,41.27,-118.17,2.8069
7.2686,46.0,3.1719,1.1974,4895.0,4.3632,36.1,-121.78,3.3566
2.55,10.0,5.749,1.0878,1065.0,2.2352,33.84,-118.97,2.4146
1.137,51.0,7.2495,1.0059,1882.0,2.9839,34.32,-114.84,1.3703
2.1182,18.0,4.1649,1.0537,474.0,2.7489,36.66,-119.37,1.5786
2.4753,41.0,6.626,1.4309,662.0,3.4736,37.67,-120.39,1.885
2.4114,21.0,5.3287,1.2829,3718.0,2.9338,38.21,-121.22,2.7818
1.6858,24.0,3.2815,1.3203,1096.0,2.8195,33.2,-122.48,1.8321
1.0401,39.0,4.3263,0.8372,1345.0,4.1637,40.74,-115.2,0.8409
1.3838,28.0,4.2522,1.0773,1640.0,3.0787,35.7,-122.58,1.4958
2.1312,37.0,5.0202,1.0033,3409.0,3.0993,34.96,-123.75,1.7897
5.0025,5.0,5.9034,1.1816,100.0,3.3306,39.03,-122.87,2.3305
6.2076,43.0,7.6187,1.259,2511.0,3.541,38.33,-122.48,4.4158
3.4291,21.0,3.6826,1.149,2860.0,3.5456,41.93,-120.05,1.9203
1.4145,41.0,4.8183,0.9691,1761.0,4.2417,36.4,-115.2,0.8199
2.218,15.0,4.3248,1.0008,950.0,1.9715,34.24,-122.95,2.264
0.5531,31.0,3.8784,1.1931,1477.0,3.2596,41.74,-122.84,1.1606
7.3528,31.0,5.5145,1.208,444.0,2.9181,37.08,-119.93,3.393
1.9802,8.0,5.4018,1.1211,175.0,2.7593,38.78,-115.26,1.4555
4.083,25.0,3.2234,1.1195,1354.0,3.6062,32.9,-115.03,2.5919
5.9444,33.0,5.4218,1.1075,100.0,4.0372,35.69,-114.79,2.9025
8.5886,43.0,3.9535,1.1404,767.0,2.5266,41.88,-123.03,4.9186
5.3461,46.0,5.4142,1.2074,505.0,4.3496,41.66,-117.24,2.4562
2.401,20.0,6.9234,1.1945,945.0,1.8547,41.85,-117.83,1.4039
4.4341,33.0,5.9557,1.1035,1006.0,3.4722,40.33,-124.0,2.7489
8.3995,9.0,5.613,1.0926,390.0,2.2875,37.25,-117.58,4.2304
1.9667,46.0,4.7655,1.0869,1695.0,2.4866,37.93,-117.33,1.515
0.9969,45.0,5.4802,0.983,2743.0,3.0481,33.21,-117.73,1.5001
1.6957,51.0,6.0759,0.981,443.0,2.6809,40.04,-122.14,1.2056
4.2491,25.0,5.957,1.1816,416.0,1.0,39.62,-120.98,2.711
2.4439,19.0,5.2809,0.9931,1126.0,3.4892,39.23,-118.76,0.759
3.0016,39.0,5.6609,1.2221,181.0,3.6238,36.13,-122.92,1.7078
4.7056,37.0,3.8201,1.0923,1146.0,2.8711,35.03,-122.71,3.0941
1.6677,11.0,4.5188,1.2229,2509.0,2.8083,40.19,-117.31,2.1632
2.9034,28.0,6.2491,1.1955,419.0,2.7017,41.76,-122.64,2.2431
2.1909,33.0,6.4104,1.2264,3261.0,1.6308,36.52,-124.13,2.2162
8.1978,24.0,5.5123,1.0285,836.0,1.5462,33.03,-122.45,4.7432
5.2434,19.0,7.1748,1.1613,936.0,3.6429,41.06,-123.54,2.5604
2.4556,13.0,6.0096,1.2107,708.0,3.8518,39.05,-121.48,2.3494
2.361,21.0,5.1202,0.8673,2036.0,3.4775,38.88,-116.7,1.0425
8.7585,13.0,3.9363,1.3553,1267.0,3.3034,41.47,-116.44,3.2178
8.3318,16.0,7.1265,1.4399,876.0,3.6262,38.87,-123.59,4.2759
4.2314,10.0,6.3244,1.2421,592.0,3.5729,38.37,-118.6,1.8373
3.0951,20.0,7.558,1.2209,1426.0,2.3719,39.25,-123.42,2.4439
1.2072,33.0,8.0002,1.1883,2874.0,3.178,37.1,-122.43,2.035
1.707,20.0,3.8557,1.0515,939.0,2.7631,35.23,-116.46,1.2487
1.1343,8.0,3.8588,1.0835,1241.0,2.7737,34.89,-114.58,0.8129
6.0899,41.0,2.0,1.2447,278.0,3.9122,39.4,-121.58,3.6338
1.2224,23.0,6.502,0.954,1229.0,4.2597,34.8,-116.53,1.7271
2.34,30.0,6.1878,0.9409,4938.0,1.1229,41.35,-120.88,2.9956
0.6583,27.0,5.5173,1.0404,373.0,2.7959,36.33,-116.45,0.6809
0.9147,26.0,3.9286,1.1984,1515.0,2.7541,38.52,-118.6,1.1941
4.8405,23.0,5.2932,0.9701,745.0,3.9292,32.91,-118.84,3.4506
3.827,39.0,5.6216,1.0662,257.0,1.8397,36.76,-116.21,2.6545
3.1696,44.0,6.3393,1.084,830.0,1.0,36.3,-117.34,2.3128
2.3704,47.0,5.7276,0.9482,4205.0,3.6567,39.67,-114.59,1.4514
0.8158,23.0,6.1966,0.8,1497.0,3.7703,33.03,-120.67,1.6115
2.1524,18.0,5.251,0.946,1380.0,1.5728,36.32,-114.75,1.0902
2.7865,5.0,6.8178,1.1391,409.0,2.9005,40.65,-116.02,1.745
4.6369,23.0,6.1581,1.1729,2366.0,4.2241,38.85,-119.36,2.6999
5.8857,51.0,3.9757,1.1742,3010.0,2.1376,39.89,-119.29,3.204
4.9355,14.0,7.0671,1.1914,2932.0,3.0808,39.75,-115.28,2.2624
3.8122,44.0,6.8707,1.006,2256.0,3.4064,38.79,-118.43,1.8859
3.1375,39.0,5.9586,0.9739,544.0,1.8579,36.22,-120.92,2.6897
3.5726,34.0,5.7369,1.1563,435.0,2.5489,36.29,-123.89,2.5371
2.0508,29.0,7.3903,1.0682,155.0,1.6473,32.99,-121.3,2.0049
3.3179,39.0,3.44,1.2361,479.0,2.8684,34.35,-122.13,3.9203
2.7757,6.0,6.8895,1.1572,1459.0,2.3672,37.8,-123.01,1.2981
10.8898,7.0,4.8286,1.2926,473.0,3.1661,41.0,-117.57,4.2754
3.6316,10.0,6.7142,1.0302,2445.0,3.5079,38.32,-120.34,2.4822
0.5096,40.0,5.5445,1.2601,2709.0,4.1109,36.18,-123.35,1.3183
2.2827,23.0,3.9085,1.4052,2605.0,4.8658,40.4,-121.03,1.233
2.5714,11.0,4.8042,1.1081,207.0,3.1662,36.76,-122.9,1.4606
5.3529,3.0,6.6261,1.1749,1382.0,2.7467,34.97,-118.31,2.665
3.9336,25.0,5.1478,0.9604,1265.0,2.7003,33.26,-120.03,3.1824
3.8073,21.0,4.6542,1.2341,2557.0,2.2281,40.37,-114.96,1.8636
6.8696,10.0,4.6462,1.2694,266.0,3.3585,38.35,-118.21,3.4422
8.3551,2.0,6.1707,1.0258,1253.0,2.6041,38.02,-116.65,3.9661
4.8361,39.0,7.5008,1.1879,259.0,3.4144,39.35,-120.95,3.5048
2.4068,40.0,2.8309,1.1421,2303.0,2.2536,38.25,-116.76,1.692
2.4576,13.0,8.7608,1.1586,100.0,2.6271,35.83,-116.95,1.7529
0.5,26.0,5.6445,1.2218,4143.0,3.3459,38.37,-114.39,0.5531
6.3405,13.0,6.0963,1.1778,1718.0,2.9001,33.83,-117.69,3.6953
2.4524,21.0,4.8765,1.0792,1123.0,1.4637,35.31,-115.14,1.7852
2.9974,6.0,5.3958,1.225,666.0,2.9878,37.6,-115.63,1.7875
2.2482,49.0,5.631,1.2668,2637.0,2.3586,33.16,-115.11,2.4729
1.3954,37.0,4.1411,1.0169,273.0,3.9451,40.31,-118.57,0.36
10.3845,46.0,4.4332,1.0997,100.0,3.7769,32.92,-122.06,5.0
3.011,16.0,6.8215,0.8347,1650.0,1.1737,36.04,-118.45,1.9461
7.4664,45.0,3.5372,1.1875,1059.0,3.6412,36.82,-115.08,3.8637
2.4756,27.0,5.9292,1.2835,1457.0,3.3114,38.97,-114.57,1.7743
1.9793,11.0,4.9554,1.0614,1305.0,1.8128,33.97,-114.84,1.9826
4.5827,17.0,4.2472,1.12,1824.0,3.7027,40.3,-119.89,1.9116
5.8703,42.0,7.7663,1.067,1127.0,1.9761,36.55,-116.26,3.6498
6.1028,40.0,4.2546,1.0424,826.0,3.9163,34.89,-119.41,2.7577
2.7612,37.0,4.0439,1.1348,1156.0,2.483,33.43,-117.38,2.7543
4.8838,12.0,5.1756,0.9824,2037.0,1.7856,41.29,-119.98,2.9964
2.1373,34.0,4.4777,1.0647,2141.0,4.6966,36.33,-121.27,1.5872
3.2901,48.0,5.4077,0.9643,1507.0,1.7629,36.12,-119.88,2.0747
2.5821,3.0,5.5865,1.1884,110.0,2.3552,34.21,-121.23,2.0353
2.3186,17.0,5.6816,1.1359,1384.0,2.5121,37.31,-120.07,1.4317
3.3805,5.0,5.2513,1.0353,224.0,2.6355,35.54,-117.52,1.3666
1.3667,6.0,4.5574,1.1056,2218.0,3.559,34.08,-122.29,1.5402
5.5776,51.0,6.1721,1.0669,2012.0,3.0463,39.65,-117.53,2.9253
2.3252,13.0,5.266,1.2716,518.0,3.8034,41.03,-123.56,1.0039
5.4162,10.0,4.8053,1.0338,1780.0,3.2975,35.85,-124.28,2.727
1.597,4.0,7.176,1.1953,1221.0,1.6616,35.22,-121.97,1.5455
2.3195,51.0,5.2544,0.9942,612.0,3.4399,36.05,-122.28,1.9566
1.3631,24.0,6.7104,1.2221,1755.0,3.187,41.29,-115.97,0.7034
1.3233,41.0,6.8722,1.2556,3170.0,2.5003,38.04,-116.74,0.4733
1.7595,13.0,6.9452,1.2627,798.0,4.659,34.08,-117.64,1.736
1.6157,33.0,6.2294,1.3207,1521.0,3.4867,38.51,-117.24,1.1623
1.3721,46.0,5.3992,1.1439,485.0,3.7534,36.31,-117.67,1.2855
3.1436,35.0,5.3231,1.2857,664.0,3.7813,32.67,-116.04,2.3429
4.5268,27.0,5.1071,1.3436,1169.0,2.664,41.71,-118.96,2.6019
4.6754,11.0,2.7997,0.9317,587.0,3.5067,33.59,-124.12,3.1098
0.7619,12.0,6.2626,1.0095,553.0,3.2528,36.43,-115.67,0.6359
2.5709,31.0,5.6934,0.8756,418.0,2.5544,38.75,-119.6,1.9496
2.398,24.0,6.3906,1.2592,2701.0,2.0227,38.07,-115.02,1.9618
6.9439,3.0,5.2596,0.8737,2067.0,3.0194,32.54,-115.37,4.0889
2.6392,10.0,6.1978,0.833,1142.0,3.4695,38.27,-120.31,1.4408
2.9716,23.0,3.747,0.9354,2171.0,3.013,39.41,-114.97,1.7343
1.0165,10.0,3.9969,0.8393,2295.0,2.8542,40.57,-123.71,0.5369
1.7254,29.0,2.4285,1.1408,1002.0,3.0219,34.25,-117.68,1.4995
0.9649,16.0,5.2388,0.9373,461.0,2.7704,32.85,-117.49,1.2175
3.2777,15.0,4.473,0.8465,1531.0,4.2395,41.47,-115.9,1.7695
7.0776,6.0,4.3159,1.0937,2719.0,3.2162,38.96,-119.59,3.1072
1.77,26.0,5.8016,1.1026,1946.0,2.6108,36.82,-121.89,1.9153
2.6536,10.0,4.8894,0.8195,3077.0,1.5536,39.39,-123.86,1.8785
1.6233,33.0,3.6803,0.9929,2273.0,2.8422,33.99,-119.63,1.5229
2.018,48.0,8.4537,1.0888,4458.0,2.5385,41.6,-119.77,1.4311
3.3229,47.0,5.3556,1.0465,1600.0,2.5088,38.72,-120.74,2.8322
9.111,35.0,4.1002,1.0506,915.0,3.7541,40.83,-117.94,4.1331
6.8674,42.0,4.5962,1.2769,2044.0,3.0638,37.79,-118.99,2.6714
8.0975,47.0,5.1922,1.422,2796.0,1.654,40.11,-123.14,4.9432
5.446,35.0,5.1897,1.053,1392.0,3.4951,35.61,-123.82,2.8616
2.6298,14.0,6.9626,0.9017,2308.0,1.7344,33.76,-115.39,2.2192
2.389,26.0,5.3047,1.0648,838.0,3.5547,35.86,-116.88,0.9931
1.7779,44.0,7.6262,1.1291,2265.0,2.6199,41.02,-119.67,1.5394
0.5,35.0,4.8811,1.092,5849.0,3.0695,39.13,-119.34,0.15
2.6013,19.0,5.9117,1.1916,845.0,2.9801,36.83,-123.16,1.88
7.1383,9.0,6.6264,1.4318,1461.0,2.8815,34.73,-121.66,3.4001
7.0894,8.0,6.8342,0.843,1859.0,3.1676,38.18,-116.05,2.7914
11.1412,20.0,6.9742,1.0239,1098.0,3.0655,38.13,-123.04,5.0
3.4852,42.0,5.0736,1.3312,891.0,4.4958,37.54,-123.26,2.2533
1.2062,29.0,5.3934,1.0217,1256.0,3.1792,39.51,-118.72,0.9002
4.3411,4.0,2.4247,1.2184,2547.0,3.1977,34.81,-115.9,1.6866
9.1701,47.0,5.1648,1.1946,285.0,2.4324,37.35,-120.51,5.0
7.7064,21.0,6.7095,1.2855,568.0,3.3047,35.43,-117.84,3.475
2.2023,20.0,6.4762,1.387,1073.0,2.1811,34.45,-115.28,2.488
1.2985,42.0,5.2962,1.15,2354.0,3.9201,35.66,-115.39,1.4976
1.27,20.0,7.439,0.8381,1249.0,1.8125,40.13,-119.62,1.6492
1.862,32.0,4.9392,0.9949,721.0,2.3251,33.58,-121.34,2.6549
2.0705,47.0,4.5406,1.4279,3288.0,1.6967,35.12,-118.57,1.5577
2.4969,27.0,4.8382,0.8879,1431.0,3.3357,37.56,-115.06,1.4875
4.7061,32.0,4.053,1.1745,878.0,2.6609,36.31,-117.49,2.4714
2.4381,19.0,6.1469,0.8,1839.0,3.5487,40.36,-114.75,1.636
3.1929,46.0,5.7462,0.8973,1776.0,2.2195,39.9,-118.51,2.1713
0.9091,4.0,6.132,1.233,1459.0,3.4252,38.94,-124.09,0.8535
1.7795,15.0,4.9028,1.1054,684.0,3.4639,35.18,-119.82,1.5862
1.7198,51.0,5.3303,1.0435,2322.0,3.1694,32.7,-115.27,1.8509
0.7822,25.0,2.7859,0.9778,3675.0,3.0247,35.48,-123.96,0.912
2.396,9.0,5.8515,0.8005,1636.0,3.1098,38.21,-118.12,1.1242
0.9147,22.0,5.5186,1.204,330.0,2.2714,33.46,-120.52,2.1928
2.2797,14.0,4.0794,1.0575,4911.0,2.1398,40.32,-120.26,1.8518
3.3572,27.0,5.2744,0.8717,1828.0,3.4351,41.87,-118.62,1.9847
7.2117,13.0,5.0906,1.1045,510.0,2.705,39.51,-120.18,3.8636
1.6556,21.0,7.5172,1.1872,2240.0,3.3627,36.44,-115.1,0.3258
3.2961,47.0,4.1266,1.0699,2728.0,4.2408,40.07,-121.26,1.9207
1.9567,5.0,5.7977,1.1174,1286.0,2.6343,35.09,-116.71,1.0051
0.8723,39.0,4.0911,1.1057,231.0,2.5199,41.56,-123.38,1.5484
7.2622,4.0,4.7306,0.994,1512.0,2.7406,35.98,-120.97,3.3371
3.4576,24.0,5.7322,1.1081,497.0,3.0312,39.05,-122.72,1.9449
4.2017,35.0,5.1464,1.2103,1870.0,3.4913,32.68,-122.1,3.0546
7.9807,49.0,5.3928,1.2552,709.0,2.9773,38.49,-118.66,4.5654
2.2718,13.0,5.7993,1.2186,1721.0,4.6628,35.31,-120.88,0.6732
1.1574,3.0,4.8076,0.9987,903.0,3.3367,33.47,-123.81,0.5897
1.6379,39.0,6.461,1.1954,1564.0,3.6247,36.62,-115.67,1.8488
1.0729,46.0,5.0334,1.1698,2285.0,2.9705,33.51,-117.55,1.1221
6.0747,29.0,5.2829,0.9935,2330.0,3.8095,34.26,-114.75,3.2917
9.383,4.0,5.8336,1.0304,630.0,2.8358,41.0,-116.3,3.6549
3.3335,26.0,5.6724,1.202,993.0,2.4846,33.1,-118.71,2.3469
4.7892,20.0,6.1731,1.3065,1030.0,3.7243,38.44,-119.7,2.2687
5.5879,24.0,5.7804,0.8282,1494.0,2.9542,33.07,-114.83,3.8711
8.3014,3.0,5.9628,1.346,2859.0,3.1962,39.32,-120.06,4.3146
9.1503,17.0,5.0096,1.2746,1128.0,3.7855,41.79,-118.85,3.6304
0.6264,51.0,4.1175,1.1299,1741.0,3.1112,36.58,-120.96,0.723
1.997,3.0,3.6868,1.0639,1085.0,2.8806,41.7,-121.49,1.5913
3.0889,47.0,3.3951,1.1586,713.0,2.5717,38.59,-115.84,1.8616
1.8243,27.0,7.5153,1.0039,307.0,3.8493,38.16,-121.83,1.31
2.5409,30.0,2.7447,1.0733,860.0,2.7266,34.13,-122.86,2.8878
4.0301,48.0,6.8325,0.8787,430.0,2.9591,41.55,-117.02,1.8467
3.9605,12.0,4.415,0.8388,453.0,3.2295,40.68,-115.89,1.7831
5.4764,51.0,6.8237,1.4498,1587.0,3.2262,33.75,-115.02,3.7854
3.135,15.0,2.757,1.1095,1726.0,3.811,32.77,-117.63,1.5671
0.5,18.0,5.1179,1.1306,2402.0,2.9441,35.91,-120.82,1.4411
2.396,23.0,7.1448,1.0954,186.0,4.1011,34.01,-119.19,1.456
3.7811,31.0,6.2559,0.9758,2130.0,2.801,35.69,-122.44,2.5404
5.7182,17.0,4.9953,1.0539,100.0,3.2966,41.61,-122.18,2.8684
5.2196,41.0,3.0684,1.1137,716.0,2.853,40.69,-115.34,1.8586
2.8568,2.0,3.813,1.0705,1088.0,4.6745,36.68,-115.81,0.9517
1.9036,34.0,7.067,0.9872,713.0,2.7195,35.12,-121.51,2.1182
2.9473,34.0,4.9821,1.1719,1219.0,2.7918,37.99,-120.5,1.8646
0.7175,28.0,5.3138,1.1283,1422.0,3.0918,41.41,-114.71,0.56
2.0403,32.0,5.7402,1.1589,100.0,2.7866,40.01,-120.38,1.657
6.3724,39.0,3.8366,1.2058,1765.0,3.2516,40.74,-121.03,3.821
2.9413,47.0,5.8887,1.0744,811.0,3.9833,39.73,-122.29,2.0937
3.8851,12.0,4.8965,1.0747,2075.0,3.1178,37.28,-120.22,2.3141
1.0357,25.0,5.7524,1.3224,2129.0,3.1474,33.84,-120.66,1.7906
5.6943,29.0,4.7063,0.9584,1325.0,2.8167,40.28,-116.95,2.728
2.7588,18.0,3.5123,0.819,2328.0,2.5959,38.68,-120.83,2.5469
3.8008,50.0,4.8872,1.1833,577.0,3.0772,39.84,-119.72,1.9737
4.3432,27.0,6.1689,1.0056,726.0,3.0061,39.47,-121.09,2.9667
5.5659,31.0,5.8729,0.9384,179.0,3.9386,34.84,-121.11,3.5829
3.4332,10.0,5.4371,1.2328,1810.0,2.2327,35.21,-121.79,2.1874
2.803,22.0,6.4778,1.0783,1236.0,4.1636,40.64,-119.32,1.4676
1.2332,32.0,5.1557,0.9105,1079.0,2.8825,36.37,-120.01,1.6583
0.9573,22.0,5.4675,1.3902,1025.0,3.1188,34.19,-123.72,1.5777
3.3883,40.0,4.8243,0.8584,909.0,2.1481,38.61,-114.99,1.5137
3.8168,7.0,6.5479,1.087,457.0,3.4495,35.33,-120.81,2.1133
4.2268,8.0,5.7498,0.8166,372.0,2.2316,38.61,-116.72,2.7276
1.6633,18.0,4.7317,1.1406,3692.0,3.2987,38.11,-115.23,1.2135
2.054,17.0,3.6132,1.0038,1690.0,3.2206,38.8,-124.19,1.5828
3.3486,42.0,6.726,1.2229,1055.0,2.7395,41.94,-123.07,2.7987
2.2419,45.0,4.5071,1.0974,952.0,1.3478,35.13,-122.39,2.219
11.6914,25.0,5.4865,1.3026,1555.0,4.7285,41.77,-115.44,5.0
2.0227,26.0,8.2231,1.0355,2652.0,2.1566,39.75,-118.84,1.3516
3.9863,16.0,6.3618,0.8593,1349.0,3.2182,40.63,-121.19,2.5779
5.1224,28.0,7.3334,1.1356,4624.0,2.4162,40.12,-123.86,2.984
5.3188,37.0,4.7543,1.0621,1860.0,3.8384,32.72,-123.95,3.4869
2.2143,37.0,6.6852,0.8271,814.0,2.6964,37.29,-118.52,1.9109
4.3567,50.0,5.432,0.9417,364.0,2.3984,33.5,-117.27,3.1107
4.0208,30.0,5.8392,0.9894,2560.0,3.4761,38.9,-120.44,2.7419
4.4756,18.0,7.825,1.3333,519.0,1.9824,33.07,-121.42,3.5817
3.3196,4.0,5.0656,1.2061,2081.0,2.6694,32.82,-116.23,2.1163
5.1452,36.0,5.4231,1.0478,1580.0,3.5522,41.11,-115.64,2.5463
3.5817,42.0,4.3161,1.1706,290.0,4.2055,41.21,-120.47,1.9019
1.1165,29.0,6.4662,0.8,1528.0,2.2301,38.43,-116.82,0.728
3.5124,48.0,4.7272,1.0153,1746.0,2.5108,36.87,-115.61,2.4823
3.7838,17.0,6.6273,1.1601,920.0,3.2817,40.37,-120.49,2.5402
4.9234,3.0,3.4201,1.1248,874.0,1.4021,41.66,-122.69,2.5155
3.391,33.0,6.0584,1.0191,964.0,4.0861,33.02,-120.62,2.8672
8.4223,7.0,4.6276,1.0943,2516.0,2.2004,33.48,-123.68,4.8596
2.8697,5.0,6.2766,1.1507,836.0,2.6501,41.1,-123.94,2.2207
2.1341,36.0,5.3837,1.0986,198.0,3.2087,33.44,-116.05,2.7126
6.8799,23.0,4.7576,1.2292,1241.0,3.041,39.28,-115.77,3.5058
2.8172,31.0,4.9361,1.1478,170.0,2.2291,37.76,-117.83,1.5778
3.188,39.0,4.3795,1.1767,1494.0,4.3772,37.46,-115.73,1.9981
3.7848,20.0,6.4053,1.357,481.0,1.0,33.43,-114.95,2.443
3.5834,32.0,4.1416,1.2241,1013.0,2.1024,39.42,-117.44,2.934
4.4532,28.0,5.0795,1.3611,489.0,2.4906,38.22,-115.18,2.0051
4.7447,30.0,5.8143,0.9992,3132.0,2.2402,41.32,-115.1,2.7865
1.9998,36.0,7.3362,0.8611,1571.0,3.9756,37.07,-121.56,1.7229
1.317,20.0,5.3888,1.079,464.0,1.6733,41.17,-114.8,1.0051
1.4425,26.0,5.109,1.0662,1341.0,4.246,34.25,-114.46,1.2163
6.4256,31.0,5.7284,1.3189,385.0,2.7775,34.44,-121.5,4.6453
2.6619,8.0,2.9118,0.9305,1001.0,1.9112,41.52,-118.03,1.6838
5.094,11.0,3.9616,1.0882,2650.0,1.3193,33.44,-122.1,3.4995
4.8251,5.0,4.9496,1.1608,1592.0,2.8279,34.75,-120.36,3.2676
3.1875,11.0,4.5444,1.115,517.0,2.4384,33.84,-118.06,2.1543
1.6448,23.0,3.479,1.0743,322.0,3.1892,39.24,-123.93,1.7152
4.8981,48.0,6.4293,1.1538,1756.0,2.6395,39.91,-117.84,2.3967
3.1162,48.0,5.7117,1.2619,3527.0,3.7646,41.06,-119.44,1.4839
1.2518,39.0,5.5683,1.3304,1048.0,2.886,33.89,-123.06,2.3206
2.2551,29.0,4.5672,1.1049,2560.0,2.6609,35.56,-117.45,1.5952
0.8922,11.0,5.4953,0.9776,1613.0,3.7786,35.51,-114.88,1.3012
2.3305,19.0,6.0173,1.3302,1737.0,3.1825,41.75,-124.28,1.5029
3.297,40.0,5.0821,0.9384,376.0,3.6197,38.04,-119.92,2.1599
2.9003,47.0,5.9335,1.3686,994.0,3.9189,35.71,-123.04,2.1269
2.6718,50.0,4.4447,1.3016,1052.0,2.765,35.34,-122.23,2.5932
3.2746,20.0,5.517,1.3234,110.0,3.0306,35.53,-119.38,2.0402
4.2863,25.0,6.771,1.2028,664.0,3.675,39.27,-121.39,2.5748
5.3463,26.0,6.8784,0.8,732.0,1.0395,37.72,-117.81,2.7799
5.7921,3.0,6.9931,0.9441,507.0,2.9186,38.42,-121.66,2.952
1.84,6.0,5.7427,1.146,964.0,2.8201,36.97,-116.54,0.6472
6.1413,3.0,5.4379,0.9987,2009.0,3.2992,32.75,-122.47,3.7569
3.1194,38.0,4.8615,1.0527,2052.0,2.3591,39.03,-115.23,1.0264
2.4747,12.0,3.231,1.1919,2884.0,3.8764,39.38,-120.3,1.3632
1.4765,36.0,3.7861,1.0745,2262.0,2.4098,34.21,-123.75,2.4828
0.5,20.0,5.1983,0.9171,1421.0,2.6328,38.67,-123.3,1.3671
4.1002,41.0,5.2701,1.2328,2946.0,2.4685,40.84,-118.97,1.885
4.001,6.0,7.0947,1.1772,781.0,3.9839,38.23,-115.19,2.0007
2.1131,17.0,6.9778,1.0627,1134.0,1.3315,38.85,-119.15,1.1319
2.1573,11.0,4.5762,1.2067,3711.0,4.4295,39.16,-119.8,0.8328
2.8295,23.0,6.382,1.1143,761.0,4.1787,35.58,-116.57,1.7333
2.4454,29.0,4.8275,1.2997,100.0,2.5481,33.97,-122.03,2.1481
1.7792,9.0,6.2191,1.1227,330.0,3.8215,36.99,-117.53,1.4059
1.3538,35.0,6.3672,1.2986,1041.0,3.1041,34.7,-122.12,1.6402
6.183,50.0,6.8905,0.819,502.0,4.3223,39.03,-115.85,3.3483
2.2471,3.0,4.8088,1.1689,296.0,3.7605,39.29,-115.49,1.3889
3.9867,5.0,6.6172,1.0403,2089.0,4.7545,32.58,-122.35,2.8652
4.4879,49.0,3.1526,0.9711,1615.0,1.7503,41.56,-122.86,3.4546
4.1129,34.0,6.9555,1.2738,120.0,3.1531,41.29,-117.07,2.0714
4.64,47.0,5.37,1.2334,2392.0,1.6207,33.75,-117.77,2.9883
4.084,36.0,5.3955,0.8,4377.0,2.585,37.04,-118.08,2.2686
1.9729,37.0,2.9551,1.2073,654.0,4.7997,34.49,-119.21,1.7778
2.5408,9.0,4.9336,1.1891,1639.0,3.3746,41.66,-123.01,1.2177
6.0824,27.0,7.0266,0.9915,447.0,3.7876,37.88,-117.11,3.155
2.2016,19.0,4.888,0.9747,1291.0,3.4112,39.15,-122.68,1.7698
3.1223,43.0,6.2562,0.8614,1678.0,3.3604,41.79,-118.87,1.8848
4.2981,3.0,5.4415,1.0494,1045.0,2.5821,38.89,-120.83,2.4843
7.4417,1.0,6.6752,1.0734,571.0,2.4331,40.77,-120.98,3.8289
5.7563,29.0,5.6298,1.2195,753.0,2.5607,34.79,-115.98,3.1487
1.596,50.0,4.2818,1.1404,161.0,1.0,34.68,-119.74,1.9672
3.9067,51.0,5.4677,0.941,1183.0,2.9344,36.69,-119.37,3.427
3.6251,31.0,7.3215,1.1358,3322.0,3.1919,40.87,-115.34,2.1214
2.5558,22.0,5.9972,1.0619,328.0,2.5046,32.87,-118.72,1.8563
3.1826,14.0,5.2603,0.9598,2869.0,2.8955,36.69,-116.29,1.0084
1.9591,51.0,8.1069,0.8616,898.0,3.42,40.34,-115.67,1.0912
2.7955,10.0,6.7911,1.1937,157.0,3.7078,34.19,-117.35,1.6087
2.2159,7.0,6.3801,1.167,2109.0,2.0418,38.35,-122.86,1.9773
3.3405,26.0,5.7808,1.1835,1197.0,2.3642,33.16,-123.11,2.7378
2.4923,21.0,6.2763,0.9908,412.0,3.6024,32.6,-119.96,2.0263
7.7817,26.0,6.3153,1.1257,599.0,3.4712,35.53,-123.67,3.8297
3.4124,47.0,2.7806,0.8937,720.0,4.0755,40.15,-121.29,2.5009
3.0009,14.0,5.8739,0.952,1001.0,4.0423,32.89,-122.22,2.6449
2.6967,45.0,5.207,1.1051,1288.0,4.9319,35.97,-123.91,1.7962
2.4968,11.0,4.8003,1.1394,1324.0,2.7658,39.42,-120.31,1.9141
1.252,17.0,5.1655,0.8557,1962.0,4.2629,36.01,-121.81,0.9396
5.0865,1.0,3.533,0.9414,1161.0,2.264,37.05,-123.28,2.3483
6.8859,35.0,3.2345,1.0452,1471.0,4.9152,37.25,-117.0,3.3333
2.1925,44.0,6.8958,1.2438,1198.0,3.3638,41.13,-115.17,1.7267
6.0633,46.0,5.9546,0.978,100.0,3.4336,40.82,-118.09,3.4103
11.6221,9.0,2.5044,1.1211,343.0,3.7919,33.1,-115.01,5.0
9.1859,40.0,4.7083,1.1368,445.0,1.9157,39.08,-122.64,4.9578
6.7036,8.0,6.4567,1.0625,1123.0,2.1402,37.66,-116.62,3.1583
1.3759,33.0,5.064,1.1402,1204.0,3.0925,35.87,-120.21,1.4116
1.3638,36.0,6.894,0.8983,914.0,3.2766,37.18,-119.4,1.272
4.6261,8.0,6.6597,1.0016,1646.0,4.666,40.86,-117.66,1.9237
3.1425,6.0,3.7719,1.3152,1820.0,2.2406,39.84,-116.46,1.6753
0.59,4.0,5.228,1.3257,993.0,4.2322,37.9,-123.7,0.4133
2.3693,37.0,4.8623,1.2264,1986.0,2.7875,34.17,-120.42,2.1586
4.5007,32.0,3.7329,1.2651,877.0,2.7764,38.38,-116.65,2.1144
2.8223,7.0,3.6549,0.8261,1406.0,2.8689,37.23,-118.95,1.5579
3.1526,26.0,4.4328,0.9577,100.0,2.7558,36.75,-120.88,2.1964
1.3622,41.0,4.6309,1.0533,1006.0,3.3892,41.47,-123.89,1.3756
2.3485,13.0,5.7399,1.4623,2043.0,2.684,41.93,-124.23,1.9867
4.6382,31.0,6.6531,1.053,1133.0,1.8716,41.54,-120.05,3.5826
2.2706,15.0,6.0164,1.2117,423.0,2.7858,39.52,-119.46,1.1629
6.3581,14.0,6.3004,1.1568,1335.0,3.3653,38.19,-122.01,2.9802
3.1993,20.0,5.0801,1.1534,911.0,1.8781,35.53,-116.3,2.2344
4.0907,18.0,6.1236,1.0965,1447.0,3.4655,41.5,-117.07,2.0421
4.5739,26.0,5.222,0.92,572.0,3.9444,36.83,-122.42,2.5816
4.462,11.0,4.8702,0.8,965.0,4.1839,34.42,-122.42,3.2321
1.5624,20.0,7.6765,1.2923,402.0,3.2701,33.55,-115.65,1.4673
1.7699,32.0,2.6034,1.0075,721.0,1.5563,40.44,-115.11,1.585
0.5798,20.0,3.152,0.8199,1255.0,3.5181,35.62,-114.45,0.5749
2.5348,34.0,5.8592,1.1657,191.0,3.7737,39.78,-117.44,2.6593
1.675,6.0,5.082,1.1628,1004.0,2.4428,38.46,-115.01,0.9637
2.2243,8.0,3.6756,1.2152,329.0,2.9419,35.19,-122.81,1.8903
2.7123,45.0,4.1345,1.2674,859.0,3.3869,40.58,-122.74,2.0661
3.4717,24.0,4.2907,0.9622,282.0,4.4298,40.53,-123.88,2.225
2.8503,32.0,6.4708,0.9688,4010.0,2.7953,34.13,-118.91,2.2227
2.8159,38.0,6.8549,1.0522,2036.0,3.713,33.66,-122.09,2.8972
3.8905,8.0,7.3675,1.2232,907.0,3.253,38.2,-118.61,1.8559
3.0637,50.0,3.4932,0.8,2854.0,3.1595,34.72,-124.22,2.5589
5.3144,22.0,3.7595,1.1192,589.0,4.0644,35.66,-119.01,2.197
3.0701,46.0,3.6772,1.2398,2434.0,2.3349,41.4,-115.41,1.7859
7.469,22.0,6.9466,1.2336,1470.0,3.1843,34.17,-117.04,3.4036
1.5165,21.0,5.9007,1.2063,612.0,3.0217,36.97,-120.63,1.5817
2.5046,31.0,5.4962,1.2595,1682.0,1.7945,35.3,-123.62,1.9376
1.9843,10.0,5.6756,0.8,2105.0,3.9861,35.81,-121.85,2.1374
3.5574,32.0,5.3319,1.342,1034.0,3.6632,36.02,-119.27,1.7699
1.5158,51.0,4.0546,1.1496,1930.0,3.0271,34.97,-121.73,2.2119
1.0437,33.0,6.0158,1.3002,1809.0,2.7909,39.75,-116.54,1.4365
1.7321,4.0,5.1766,0.9238,1350.0,3.0002,40.21,-114.95,0.8429
1.1033,36.0,3.9596,0.8369,280.0,3.5659,37.63,-122.54,1.0818
2.7361,2.0,6.0891,1.368,1310.0,3.0423,41.04,-124.24,1.6914
3.4653,6.0,4.8891,0.961,1011.0,2.466,33.8,-123.46,3.0525
0.9225,15.0,5.673,1.0534,1599.0,2.5863,37.31,-116.27,1.5929
2.4013,16.0,5.25,1.1791,438.0,2.9903,40.37,-123.76,1.3248
5.7469,1.0,6.4697,1.2159,1970.0,2.2539,38.4,-116.84,2.722
6.7567,1.0,5.6642,1.2618,691.0,3.2667,41.86,-120.25,3.1615
4.8641,41.0,4.3396,1.1335,448.0,2.3656,38.16,-120.04,3.0403
0.5,24.0,5.7864,0.9419,1766.0,2.2365,41.62,-116.99,1.3757
3.2687,11.0,5.8256,1.206,2906.0,5.5545,33.44,-121.1,1.9188
6.1514,22.0,6.0136,1.2084,1195.0,4.5519,32.9,-116.2,2.7225
2.2405,36.0,6.643,0.8277,2761.0,3.1152,35.89,-123.36,2.0093
1.2686,38.0,4.6608,1.3128,612.0,3.6808,40.49,-117.11,1.1627
5.8768,15.0,6.2015,0.8,509.0,3.8168,32.98,-115.26,3.0524
6.3985,9.0,3.3302,1.2552,2313.0,2.9396,34.9,-122.66,3.0826
3.0493,49.0,5.256,1.0049,1606.0,3.2262,41.86,-118.75,2.046
1.2776,33.0,5.0704,1.2058,313.0,2.7903,38.59,-117.89,0.643
0.8289,51.0,7.1374,1.1765,3086.0,4.0045,36.23,-122.97,1.5498
3.7857,16.0,5.2124,1.0944,1012.0,4.0155,33.24,-118.87,2.1622
1.996,6.0,6.1296,1.1677,1083.0,4.2495,39.67,-121.78,1.7809
2.9265,20.0,3.2859,1.087,3382.0,3.2128,41.29,-116.76,1.6644
2.7264,17.0,4.9779,1.2071,2815.0,4.7342,39.54,-118.62,1.1848
1.6666,37.0,4.3844,1.4278,2666.0,2.9389,33.61,-120.19,2.1104
0.7917,37.0,8.3706,0.8988,614.0,4.6375,37.55,-116.87,0.15
2.2811,4.0,4.5998,0.8,1347.0,2.6294,36.33,-116.98,1.1602
3.3508,30.0,5.4879,1.0376,1546.0,1.962,41.09,-122.2,2.4116
3.4512,18.0,5.5519,1.0274,471.0,4.6222,39.74,-124.04,2.0012
1.9079,32.0,3.4926,1.0434,324.0,3.5283,40.12,-121.82,1.5593
6.3208,20.0,4.7688,0.961,960.0,3.4153,36.43,-115.47,3.4777
1.3759,28.0,5.8857,1.2309,1955.0,2.7116,32.74,-120.33,1.9307
0.5,37.0,5.5029,0.8928,100.0,2.3239,39.71,-122.29,1.0201
5.476,15.0,2.6395,1.1676,1151.0,2.3998,38.52,-120.61,2.4901
3.2829,11.0,4.7196,1.1958,368.0,3.1108,33.84,-120.47,2.3825
2.2947,37.0,6.625,1.1475,2087.0,2.8798,39.69,-119.76,1.2418
4.0968,49.0,6.1059,1.1731,1390.0,1.4475,33.92,-119.8,2.7594
2.6203,23.0,6.8616,1.2424,361.0,4.355,39.53,-121.32,1.6514
1.033,51.0,4.2172,1.108,2118.0,2.6642,39.28,-121.31,2.029
1.3016,10.0,6.9371,1.048,1383.0,3.9907,32.57,-116.3,1.5341
2.5092,42.0,5.3467,1.173,899.0,2.4355,39.86,-117.67,1.3508
2.0934,51.0,7.3107,1.1901,4045.0,3.1239,36.37,-117.51,1.6817
5.4003,16.0,5.404,1.2335,977.0,3.7778,37.31,-122.39,3.0496
2.0277,8.0,2.943,0.8431,697.0,3.6675,41.66,-114.38,1.161
1.9421,34.0,6.4191,1.0725,1687.0,2.7856,41.24,-123.43,2.3955
1.769,45.0,4.8678,0.9402,3203.0,3.4074,36.14,-117.47,0.9599
1.6639,5.0,4.9485,1.1841,100.0,3.5408,39.24,-116.87,0.5166
1.7028,33.0,3.6563,1.209,2417.0,2.8817,37.37,-121.63,1.4202
1.1568,45.0,7.3466,1.0588,1742.0,2.109,40.31,-123.53,1.8846
3.3714,2.0,4.7747,0.9906,2865.0,2.5003,35.54,-116.93,0.7078
2.7672,27.0,7.29,1.1895,2526.0,2.6966,36.97,-118.64,1.6475
2.6921,4.0,4.8825,1.08,1505.0,3.0208,33.57,-114.64,1.1994
0.8707,9.0,4.2867,1.314,1711.0,4.2739,41.3,-117.02,0.4175
3.8798,25.0,6.9834,1.3659,1200.0,3.726,41.06,-115.0,2.7348
4.1225,17.0,5.312,1.2501,2949.0,2.3471,35.12,-117.96,2.505
7.2554,5.0,5.3237,1.1349,601.0,4.4692,38.04,-119.32,2.6142
3.9859,41.0,3.862,1.3738,1188.0,2.9369,36.09,-114.85,2.1563
8.1326,11.0,4.8509,1.1361,1960.0,3.5378,33.98,-116.11,3.8026
1.8766,45.0,5.9144,1.0281,2121.0,2.2488,32.93,-123.95,2.9622
7.4887,10.0,3.841,0.9987,2126.0,2.6382,40.32,-118.47,2.6757
4.066,27.0,4.7531,0.9945,1610.0,3.8304,35.25,-122.81,2.2985
3.7537,38.0,4.8955,1.099,2136.0,2.2969,37.4,-114.82,2.0421
2.6473,25.0,5.4797,1.1695,1706.0,3.0441,41.08,-117.54,1.1542
2.2885,22.0,7.1755,0.8877,3396.0,3.3767,32.69,-119.79,2.4427
1.9773,39.0,5.0401,1.0327,583.0,2.1817,37.7,-114.7,1.0239
7.6408,1.0,4.5714,1.1319,2130.0,1.578,41.58,-120.94,3.5579
2.592,43.0,8.6956,1.1965,1058.0,3.7259,40.19,-119.86,2.2781
4.1113,36.0,4.8802,1.0961,1266.0,5.2907,34.58,-120.31,2.3279
4.6752,40.0,5.1712,1.1367,3568.0,3.3671,34.41,-122.98,3.3805
4.6347,22.0,4.9706,0.9142,3535.0,3.5206,39.74,-122.8,2.463
3.3812,20.0,5.0679,0.9632,2948.0,2.2927,33.26,-118.39,2.4168
7.4063,30.0,5.4933,1.0909,776.0,4.1757,38.19,-123.6,3.704
3.9133,33.0,6.505,1.1766,712.0,2.6986,34.72,-114.99,2.0078
1.9426,48.0,5.8848,1.1347,360.0,3.931,40.47,-121.02,1.3294
2.361,44.0,6.6925,0.9727,3121.0,3.4858,36.1,-121.09,2.0447
0.9115,3.0,6.6528,1.0645,484.0,3.5054,36.44,-122.9,0.7171
3.6157,8.0,5.6503,1.3268,914.0,3.4746,40.05,-120.79,1.9422
4.3252,49.0,5.8516,1.1816,778.0,3.4491,33.34,-117.39,3.2351
4.5561,20.0,6.7305,1.0756,701.0,3.2267,38.21,-114.73,2.1272
4.0661,30.0,4.0665,0.9461,185.0,3.7754,41.64,-122.37,2.4443
2.6533,3.0,8.3979,0.993,847.0,2.4192,38.68,-122.52,2.4413
2.9874,6.0,4.7849,1.101,1346.0,2.8089,33.28,-122.91,2.5353
2.993,21.0,4.9788,1.1414,414.0,4.1745,41.13,-118.56,1.2936
5.4118,37.0,3.9457,1.1848,619.0,3.1383,33.72,-123.13,3.3411
0.6403,40.0,3.9814,1.1582,2822.0,2.7392,36.0,-123.42,1.2712
2.1842,46.0,6.5688,1.0445,528.0,3.8279,34.23,-116.86,2.3022
1.4382,11.0,8.1242,1.0233,1095.0,3.6699,39.36,-116.37,0.6415
9.201,11.0,4.7193,1.407,1153.0,1.9601,35.02,-121.15,4.6816
6.0612,28.0,5.8168,1.0165,630.0,3.5839,34.98,-118.49,2.745
2.2473,28.0,5.6642,0.9062,2298.0,3.1099,36.43,-116.88,1.284
1.0645,2.0,6.6003,0.8542,2746.0,3.5695,35.22,-123.81,0.5206
1.3045,23.0,8.0625,1.047,318.0,3.0086,39.95,-117.95,1.1075
5.3676,46.0,7.2252,1.241,765.0,3.3714,37.5,-121.44,3.3745
0.8894,9.0,5.1136,1.0136,589.0,1.5352,37.78,-120.21,1.7485
3.0187,42.0,6.0345,1.3216,920.0,2.2841,34.04,-120.74,2.9651
4.8469,23.0,6.1537,1.0989,1154.0,3.5921,41.18,-117.12,2.1236
1.2095,27.0,5.3759,1.2664,199.0,5.0971,35.81,-119.61,1.1603
2.9978,33.0,4.0849,0.9863,1150.0,3.2938,36.09,-116.7,1.8473
2.2728,36.0,4.4415,0.9887,3554.0,2.4458,34.8,-121.15,2.0518
2.0752,33.0,6.7778,1.1137,2573.0,3.1083,41.62,-118.89,1.4088
1.8387,6.0,6.9016,1.1724,1335.0,2.2853,38.27,-115.23,1.1693
5.0916,16.0,5.1509,1.0732,242.0,3.9999,33.08,-119.92,2.5074
6.8345,44.0,5.7133,1.1439,2080.0,3.0385,34.33,-118.54,4.0035
2.5165,3.0,6.8367,1.1883,832.0,3.8426,37.06,-117.59,1.0516
3.7638,37.0,3.3549,0.8869,2429.0,2.8772,34.28,-115.18,2.7602
3.0426,27.0,4.8644,1.0489,2172.0,3.9136,38.25,-117.94,1.978
0.7159,7.0,7.8214,1.0222,912.0,1.7011,35.43,-118.18,1.0991
2.4507,7.0,5.7592,1.0295,1083.0,3.0196,35.82,-115.96,1.4295
0.5989,51.0,4.0449,1.161,604.0,3.4317,39.97,-114.38,0.3015
2.1449,2.0,5.5407,1.0243,258.0,2.7853,37.48,-115.31,0.9408
2.9445,2.0,6.6257,0.8,1134.0,3.2876,33.57,-123.05,1.6374
4.6129,1.0,2.3442,1.0645,1867.0,3.274,36.03,-117.54,2.359
3.5545,33.0,5.6115,0.9403,1238.0,3.8391,41.02,-121.01,2.2582
5.1713,48.0,4.9531,1.1744,1040.0,3.4972,40.54,-120.16,3.146
1.6328,9.0,3.4296,1.2209,1702.0,3.3143,39.72,-117.85,0.6003
6.3253,41.0,5.4983,0.8,1015.0,3.7036,40.51,-122.85,4.0206
6.8388,37.0,5.2362,0.9839,1337.0,1.9176,33.37,-117.37,4.1441
0.5718,12.0,5.3711,1.153,886.0,2.3981,33.66,-121.36,1.467
0.8472,4.0,4.9821,0.8887,1114.0,1.8918,32.68,-116.11,1.2387
2.8996,25.0,4.1744,1.2174,389.0,3.4389,33.69,-120.58,2.5313
2.036,5.0,3.6542,1.2574,670.0,3.3311,40.32,-123.8,1.3166
2.2592,6.0,4.5712,1.0757,3485.0,4.1082,32.86,-118.31,1.9131
3.5342,24.0,6.4311,0.9839,348.0,3.2813,36.92,-116.8,2.3222
5.296,42.0,5.6797,0.8,3646.0,2.4946,34.85,-118.13,2.9758
1.5709,51.0,5.317,1.2221,1298.0,3.1072,40.41,-116.51,1.115
5.8312,33.0,4.1523,1.4004,253.0,1.4997,40.13,-116.26,3.2928
1.8154,15.0,4.9513,1.3693,2121.0,2.6734,39.78,-123.88,1.3074
9.9382,17.0,6.2846,1.0708,330.0,1.1223,36.09,-124.28,5.0
6.3526,32.0,6.0057,0.9361,1982.0,3.2628,41.29,-122.06,4.1078
1.9486,9.0,4.8274,1.2256,1568.0,2.7766,41.01,-122.05,1.7339
1.0837,27.0,2.2663,1.081,1232.0,2.8942,38.68,-118.67,0.4595
1.9173,40.0,4.5902,1.1717,1430.0,2.2547,38.32,-122.01,1.7512
1.7356,43.0,4.8208,1.1454,1488.0,2.4649,35.7,-120.65,1.7769
4.2676,4.0,4.3115,1.114,987.0,3.5541,39.49,-119.76,1.5748
0.5851,15.0,4.9042,1.2543,3825.0,1.8511,41.42,-118.29,0.6157
0.856,13.0,6.3799,1.2599,2889.0,3.4046,35.5,-114.33,0.6895
4.1933,29.0,5.3552,1.0216,2063.0,2.351,35.22,-117.41,2.5238
1.6828,10.0,6.5876,0.9615,887.0,1.6552,35.0,-121.64,2.0367
2.164,49.0,3.59,0.8,820.0,3.9811,41.84,-120.79,1.8397
4.8335,47.0,5.0339,1.0481,1482.0,4.0633,37.63,-123.86,2.856
5.439,17.0,3.0732,0.936,827.0,2.5684,41.69,-120.1,2.5896
6.1706,21.0,4.8881,1.1629,995.0,2.5606,38.37,-118.41,3.1548
4.5892,23.0,4.1452,1.0496,2090.0,2.7993,35.29,-114.81,2.1839
2.5948,3.0,6.9375,1.0659,2965.0,2.3519,38.07,-121.62,1.7148
2.4527,46.0,5.8917,1.2218,1508.0,2.4929,33.98,-121.86,2.5041
2.2644,40.0,6.6178,1.1596,1365.0,3.36,36.76,-124.13,1.7474
1.2131,17.0,4.8848,1.0825,240.0,4.6591,36.71,-118.55,0.8398
1.5246,28.0,4.1763,1.353,2019.0,2.7162,37.98,-114.34,1.1088
5.6939,20.0,4.1381,1.2107,2179.0,3.8185,36.18,-120.59,3.5644
1.8062,12.0,5.7185,1.0376,2544.0,3.2823,36.82,-119.32,0.6097
1.2191,16.0,7.5722,1.0443,5482.0,1.6622,40.82,-123.72,1.9201
5.9795,6.0,5.8949,1.2183,798.0,2.9805,34.21,-118.59,3.058
3.3987,42.0,4.9503,1.1304,3244.0,2.88,41.27,-122.2,2.4555
7.7397,34.0,5.1735,0.9318,3025.0,4.1716,37.62,-124.15,4.1858
7.2551,48.0,5.3624,1.2342,1384.0,4.2041,38.47,-117.46,3.9355
1.3026,1.0,7.832,1.2886,333.0,3.3014,33.49,-122.82,1.97
2.7758,33.0,6.8803,1.2772,2785.0,3.9714,33.88,-123.29,2.8464
1.4415,29.0,5.712,1.3314,3315.0,2.8829,39.46,-122.02,1.4389
1.4321,32.0,5.5317,1.4104,443.0,3.8955,41.06,-122.92,2.0228
2.2198,51.0,5.7592,1.3595,1894.0,3.0803,37.43,-118.07,1.8893
4.3447,20.0,5.9931,1.1511,1308.0,3.8781,34.09,-121.63,1.9496
4.3606,8.0,4.9042,1.0687,1255.0,3.9595,40.07,-117.59,1.929
4.0327,1.0,4.3871,0.8256,252.0,3.5732,41.22,-118.84,1.6099
2.5895,26.0,6.6387,1.1016,2738.0,2.4067,38.87,-120.76,1.9476
4.5049,9.0,5.4264,1.1779,895.0,2.6636,34.24,-122.37,3.3178
1.205,8.0,6.5385,1.1065,4182.0,3.6018,36.42,-117.57,0.786
3.4335,8.0,7.3754,0.8168,1047.0,3.7148,41.43,-119.06,1.3776
3.0062,15.0,6.0247,1.057,802.0,3.1267,34.32,-117.09,2.6061
2.4867,6.0,5.8303,1.1968,878.0,2.7502,34.12,-119.24,1.3567
3.5181,25.0,9.2403,0.9461,1089.0,3.1531,39.17,-116.28,1.502
0.5371,34.0,5.6484,1.1249,1065.0,2.7772,37.66,-118.8,0.4358
1.4627,15.0,4.0913,1.1647,2744.0,2.7817,34.44,-116.17,1.6004
4.1317,7.0,5.0625,1.2677,1056.0,4.568,38.36,-118.8,1.8499
2.9556,30.0,7.262,1.3569,3057.0,2.6196,41.4,-114.68,1.5553
0.9242,5.0,3.847,1.0433,2699.0,3.4062,40.62,-115.77,0.2918
2.9115,38.0,4.497,1.1276,2454.0,3.1223,32.56,-121.76,2.685
2.0503,20.0,6.7277,1.1323,2160.0,2.0188,40.83,-117.02,1.0449
5.7803,21.0,5.0741,1.1974,506.0,1.9912,38.46,-122.98,3.648
1.274,13.0,5.2677,1.1806,2263.0,2.9351,35.04,-115.19,1.3904
1.3093,15.0,6.688,1.3138,2706.0,1.4378,33.39,-120.84,1.9719
3.8053,8.0,4.5398,0.8,3185.0,4.4643,41.73,-119.53,1.7227
2.6589,29.0,3.6377,1.1627,270.0,2.7107,32.78,-124.09,2.5549
2.5745,8.0,3.7333,1.1731,2615.0,2.6454,34.25,-115.62,2.3198
9.9722,35.0,6.0981,1.0647,279.0,3.9785,38.88,-114.82,5.0
4.4372,14.0,5.711,0.8,1966.0,2.8874,39.7,-119.59,2.0736
2.3594,29.0,4.5689,1.0909,1736.0,3.5208,35.03,-122.42,1.7996
0.8293,28.0,4.0095,0.9934,600.0,2.5419,39.5,-117.36,1.1697
2.2695,33.0,5.0753,1.3517,1363.0,3.0363,39.77,-121.33,2.0021
1.1752,39.0,6.7398,1.1563,1162.0,3.7748,40.13,-114.7,0.6971
1.533,29.0,4.397,0.9807,1813.0,2.3105,39.66,-121.19,0.9862
1.5713,44.0,4.6048,0.8,1322.0,3.4222,32.81,-118.54,1.5438
5.504,14.0,3.9714,1.1886,1640.0,1.0668,40.98,-123.81,3.4
0.9888,39.0,4.9591,1.2044,1010.0,4.0124,37.85,-114.4,0.7288
5.1724,18.0,5.8057,1.0676,5138.0,2.5549,36.59,-118.54,2.2383
3.915,33.0,7.9382,1.1906,1672.0,2.9315,32.73,-114.55,2.5424
3.8788,26.0,5.6613,1.0478,885.0,2.9216,38.11,-121.29,3.143
1.4874,47.0,5.3356,1.2601,840.0,2.2201,34.05,-119.03,1.5536
4.758,14.0,6.4355,1.2489,2183.0,2.1587,37.7,-124.12,2.7473
1.3598,27.0,6.2355,0.8542,6000.0,3.4171,34.3,-116.59,1.3128
6.9041,9.0,4.7068,0.8907,2907.0,3.4547,39.04,-122.63,4.1545
5.5829,33.0,8.1625,1.4047,1267.0,2.2918,33.34,-120.05,3.4311
7.6215,2.0,5.3707,1.2398,236.0,3.4329,38.2,-117.6,3.0288
3.0164,21.0,5.6837,0.9106,632.0,3.4463,38.62,-123.48,2.0245
2.6576,1.0,6.0616,0.8644,782.0,2.6974,36.25,-116.46,1.3902
2.2273,17.0,5.815,1.1312,220.0,1.9652,41.21,-116.24,1.8401
9.8451,25.0,7.2305,0.9287,1108.0,2.97,37.5,-118.99,4.977
4.3206,17.0,4.6921,1.0525,1996.0,3.2921,39.63,-118.25,1.8589
1.1856,20.0,6.3401,1.0929,942.0,2.9529,36.72,-123.36,1.4182
6.429,8.0,5.5975,1.0864,2350.0,2.526,40.02,-119.81,2.9553
2.5901,37.0,6.5793,1.269,830.0,3.3736,41.03,-115.89,1.4838
0.5,41.0,5.142,1.3752,367.0,4.0123,36.42,-123.41,1.4453
1.7311,24.0,4.9795,1.0282,715.0,2.3838,41.69,-114.41,1.3328
5.5806,3.0,6.2785,0.9304,646.0,2.7616,33.95,-119.44,3.6359
3.9234,4.0,5.8296,1.1583,284.0,5.1945,40.54,-124.17,2.0865
4.4206,35.0,4.4156,1.3447,528.0,3.2327,37.5,-120.9,3.0913
6.3909,48.0,7.0147,1.0395,182.0,1.9866,33.81,-119.29,3.1392
0.7115,45.0,6.279,1.2276,167.0,2.6179,38.44,-114.71,1.0901
1.7464,21.0,5.311,0.9744,926.0,2.3945,33.75,-117.25,1.8711
3.061,26.0,4.8381,1.1032,770.0,3.3043,40.93,-118.49,1.8697
5.682,9.0,5.837,0.9257,4441.0,3.2462,40.25,-114.63,3.153
1.3539,4.0,6.1926,1.1016,549.0,2.4908,38.72,-121.35,1.4713
2.3497,40.0,3.4871,1.0825,875.0,4.485,34.71,-120.5,1.3277
2.9343,22.0,5.8508,1.1912,1447.0,3.0681,41.65,-116.62,1.8301
1.6841,26.0,6.1831,1.3667,2467.0,2.6354,40.61,-118.36,1.5291
2.9124,18.0,2.5771,1.0417,3106.0,2.0231,39.29,-122.11,1.8623
2.6489,16.0,5.6354,0.8,1460.0,2.2842,35.97,-116.79,1.4192
2.0151,51.0,6.2335,1.0697,1121.0,2.0032,37.1,-121.63,2.4469
4.7505,42.0,6.0971,1.1449,681.0,2.8475,35.71,-118.71,2.6844
4.232,36.0,6.3629,1.1303,1325.0,2.292,40.57,-115.74,2.8653
4.8818,20.0,5.0069,1.0764,2940.0,3.6272,35.43,-121.55,2.8012
5.1487,37.0,4.1521,1.3232,1291.0,2.5325,34.76,-116.69,2.0358
7.3711,18.0,3.2403,1.1204,1702.0,3.6722,34.54,-115.69,3.3365
0.8949,27.0,6.7107,1.0843,2263.0,3.3932,36.31,-121.13,1.0763
0.9812,8.0,6.2437,0.9833,1601.0,3.5164,38.42,-122.33,1.2117
4.5029,37.0,6.8022,0.838,1816.0,3.7174,40.4,-115.64,2.5526
2.1483,4.0,4.5298,1.1494,1566.0,4.5947,41.28,-119.64,0.5127
1.9615,37.0,6.3646,1.1368,502.0,2.3208,33.26,-121.19,2.5074
1.7561,31.0,3.5968,0.9411,1349.0,3.6768,32.95,-124.2,2.2086
4.9873,4.0,4.3566,1.0933,1463.0,3.3185,35.95,-122.36,2.7785
9.473,26.0,5.5512,1.0784,3740.0,3.8506,40.2,-119.17,4.6571
5.132,12.0,6.1958,1.0063,690.0,3.0886,41.12,-116.01,2.0933
2.0808,25.0,7.4148,0.981,1414.0,3.9408,34.1,-119.28,1.6676
4.8319,1.0,5.1119,1.1608,922.0,1.9667,35.21,-121.54,1.9599
0.9561,37.0,4.3611,1.0661,3528.0,2.1966,41.07,-115.01,1.5074
0.5,27.0,4.2994,1.0114,2669.0,2.5446,37.97,-120.61,1.1721
2.5251,19.0,4.5746,0.9707,1394.0,2.9402,36.37,-122.67,1.7999
0.7124,45.0,8.0652,1.0805,100.0,3.0371,34.81,-114.85,1.0001
2.1511,33.0,6.3082,1.2387,2752.0,2.408,33.57,-120.34,2.6325
3.2827,32.0,6.735,1.131,306.0,2.2073,33.53,-119.48,2.9306
10.5261,8.0,5.1132,1.0644,190.0,2.4758,38.9,-116.0,4.646
5.9614,26.0,5.398,1.1463,2357.0,1.6326,39.34,-121.42,3.7222
0.7254,36.0,6.2391,1.3047,1755.0,2.7695,35.97,-119.01,1.0853
0.7884,48.0,4.793,1.1736,1637.0,2.9533,38.26,-115.64,0.2905
1.6925,31.0,5.0504,1.139,718.0,3.3528,33.98,-121.74,1.8331
8.2016,9.0,4.5904,1.1958,255.0,3.1335,32.7,-115.36,4.3269
0.7554,35.0,4.863,1.0763,100.0,4.4347,33.45,-122.39,2.0012
1.766,4.0,5.4588,1.1276,1630.0,3.6499,33.51,-115.76,1.8271
1.7591,16.0,4.4139,1.0267,369.0,3.5899,41.86,-120.37,0.952
3.8009,47.0,5.7432,0.8674,1845.0,3.2918,34.74,-118.82,2.6313
4.9086,41.0,5.7415,1.1514,423.0,3.4286,33.77,-118.79,3.5157
4.2583,47.0,5.1849,1.152,1420.0,2.8234,40.06,-122.25,3.0771
3.4657,18.0,4.407,1.0568,483.0,3.0797,35.98,-122.57,1.4908
0.9234,35.0,5.526,1.2554,2208.0,4.5372,34.46,-117.19,1.0498
3.1211,36.0,4.7941,0.9918,1579.0,2.944,34.59,-116.05,1.9351
6.5019,13.0,5.4559,0.8343,1325.0,1.9345,33.82,-122.93,4.0232
7.8391,49.0,6.7178,0.9954,561.0,3.5574,33.26,-116.78,3.7222
3.7358,50.0,3.8965,0.8689,290.0,3.7002,38.96,-121.03,2.5005
0.7316,6.0,8.0082,1.1507,1638.0,3.1236,36.68,-118.36,0.2452
3.7768,40.0,5.313,0.9872,735.0,1.4973,33.91,-118.95,3.1547
2.6433,23.0,5.8942,1.2477,1259.0,4.0293,40.03,-116.87,1.5676
0.8364,35.0,4.4967,1.2446,1201.0,3.1839,32.68,-118.88,1.5667
1.293,29.0,6.7707,0.9613,1138.0,2.7518,36.59,-123.37,1.3844
1.4869,12.0,5.2492,0.9788,2691.0,3.9504,33.71,-121.51,1.688
4.5127,5.0,4.9271,1.1802,1157.0,1.3803,32.76,-120.32,3.2175
7.6397,27.0,4.7094,1.247,492.0,3.0895,37.73,-118.58,3.9832
4.0856,43.0,5.0778,0.8,1939.0,2.5674,33.98,-122.6,3.1617
4.6033,42.0,5.902,1.1423,1890.0,4.1937,33.15,-120.93,3.0614
2.7708,15.0,5.6074,0.8,667.0,3.1943,37.05,-123.67,2.2133
1.9395,44.0,5.3522,1.0177,565.0,2.3083,40.51,-121.07,2.2907
4.157,19.0,4.5463,1.264,1572.0,3.9106,37.11,-119.18,2.1414
3.4956,29.0,4.477,1.5515,390.0,1.0328,33.26,-114.94,3.3036
1.5929,17.0,4.847,1.0642,1586.0,3.4063,35.39,-122.52,2.09
3.3449,27.0,5.9523,0.9129,3211.0,1.9894,36.74,-124.02,2.8802
2.8942,27.0,6.1947,1.023,1921.0,2.63,35.17,-120.53,1.9074
2.3369,36.0,6.3565,1.1099,3332.0,2.8075,35.71,-118.22,1.9104
1.8905,25.0,5.3982,0.9995,1265.0,3.7281,37.25,-118.22,1.1813
3.7336,27.0,5.8603,0.9613,1262.0,4.7627,41.45,-120.84,1.9981
1.9809,34.0,5.1979,1.036,1376.0,1.5764,40.15,-123.92,1.7481
9.4806,22.0,3.3092,1.1593,1702.0,3.357,34.44,-115.11,4.9027
3.9984,27.0,5.1409,1.0746,1629.0,4.762,39.96,-119.28,2.1778
3.774,5.0,4.9496,0.9678,583.0,2.5417,36.25,-116.53,2.3456
2.5728,45.0,4.1531,0.9995,1181.0,2.492,40.25,-120.33,2.4658
2.1957,7.0,4.7191,1.0379,2630.0,3.1888,38.36,-115.99,1.3231
0.5853,45.0,5.5621,0.9501,475.0,3.6631,38.95,-116.45,0.7756
1.6737,39.0,4.0401,0.9939,1375.0,3.5261,35.94,-123.35,1.6986
0.7171,49.0,4.5471,1.1965,1679.0,2.713,39.28,-123.79,0.95
0.7083,2.0,7.2575,1.0655,1679.0,2.358,37.87,-122.8,1.2108
1.1428,12.0,3.4768,0.837,282.0,4.0529,38.38,-116.07,0.7367
6.0894,3.0,5.1802,1.2537,463.0,2.3803,37.7,-121.6,3.9101
6.0713,22.0,4.0004,1.1625,2563.0,1.4671,33.03,-120.34,4.06
1.7032,47.0,4.498,0.8925,2534.0,1.8373,37.01,-118.52,2.0106
0.9047,40.0,5.1627,1.0452,1222.0,2.5391,32.99,-117.78,1.4163
2.126,36.0,4.2149,0.9812,1518.0,4.194,34.1,-120.04,2.7741
4.484,44.0,6.0887,1.2015,518.0,2.0493,37.02,-119.81,3.233
5.3374,1.0,7.0214,1.0443,357.0,4.2175,36.36,-121.02,3.0577
3.3135,41.0,6.41,1.0891,201.0,4.0455,32.96,-123.36,2.8261
3.7034,16.0,6.6295,1.0716,349.0,3.1802,33.8,-122.82,2.7252
3.4734,36.0,3.7443,0.878,1517.0,1.0,36.92,-115.4,2.1859
0.7639,39.0,5.1083,1.3108,1086.0,2.0528,41.69,-114.55,0.7427
0.9819,35.0,5.9609,1.1993,1318.0,2.4932,37.12,-116.05,1.2413
7.831,22.0,6.4454,0.9879,1301.0,4.3846,39.84,-121.24,3.8373
3.3032,32.0,7.504,1.1288,451.0,2.5447,36.71,-122.52,2.5737
0.5,24.0,6.6828,1.2461,1586.0,2.3817,34.32,-119.21,1.3339
3.8482,33.0,6.4758,1.1084,2799.0,3.1506,32.7,-123.35,2.6934
1.4328,24.0,8.5603,1.3335,457.0,1.8724,36.07,-115.15,1.6516
5.6053,21.0,5.5156,1.5377,1150.0,2.9803,41.24,-116.62,2.8031
5.2387,11.0,5.0531,1.0811,1982.0,2.3612,35.59,-114.56,2.8809
4.3278,20.0,5.6128,1.0126,2529.0,5.1502,36.0,-115.74,1.4895
3.2783,37.0,4.3019,0.9516,1721.0,2.2659,39.08,-120.21,2.1997
6.4531,45.0,5.4812,0.8,517.0,4.5439,39.5,-121.16,3.441
6.8581,6.0,3.3278,1.2872,176.0,2.0879,38.28,-115.96,3.2908
1.4618,10.0,4.7646,1.047,923.0,3.2102,35.71,-118.42,0.8115
4.2979,26.0,5.2616,1.2313,1047.0,3.4003,41.48,-115.51,2.6898
1.906,36.0,6.5396,1.2615,2531.0,3.1134,35.85,-121.05,2.1584
1.3015,9.0,6.7333,0.9379,854.0,3.0643,35.27,-118.84,0.5738
6.8545,17.0,4.2437,0.9604,445.0,3.6892,40.51,-119.68,4.1456
4.7402,3.0,7.8912,1.3617,627.0,3.3339,41.38,-122.47,2.5549
3.4584,3.0,5.578,1.0895,1710.0,2.8617,41.59,-118.89,2.1228
1.5724,8.0,5.6881,1.001,1211.0,2.4605,37.57,-123.47,1.3015
6.9782,38.0,3.4588,0.9432,1058.0,2.8674,40.76,-120.55,4.1445
1.4167,45.0,4.6559,1.0788,2576.0,2.8575,34.25,-118.97,2.132
1.1761,26.0,6.6598,1.3262,100.0,2.8418,40.95,-122.85,0.8864
2.9001,9.0,5.6037,1.2028,2258.0,3.061,39.7,-116.76,2.0904
4.4834,47.0,5.5294,1.1273,100.0,1.8725,36.29,-122.39,2.9033
2.2773,15.0,5.6726,1.3383,2175.0,2.1779,34.83,-117.01,1.301
15.0,8.0,3.6682,1.3094,1362.0,3.6654,39.72,-124.06,5.0
3.2434,8.0,5.2841,1.1501,1297.0,1.1997,36.59,-117.41,1.6854
1.9002,19.0,7.09,1.5164,1319.0,3.9576,41.8,-120.3,1.2922
2.0596,38.0,6.704,1.0629,2173.0,2.5529,40.62,-116.4,1.1543
8.3707,21.0,5.2498,1.2647,429.0,4.3356,40.01,-118.68,3.9888
2.7177,23.0,7.2764,1.0411,1846.0,3.981,35.67,-120.5,1.9061
6.7082,18.0,3.8891,1.2354,2219.0,2.7381,39.26,-117.66,3.1521
0.6852,49.0,4.234,1.0627,1106.0,2.821,39.68,-120.42,1.7929
5.676,35.0,7.6363,1.1692,709.0,4.2746,36.39,-120.74,3.8337
1.6317,34.0,6.0936,1.4585,223.0,4.0186,33.4,-120.04,1.4664
4.8127,23.0,5.0533,1.2428,6000.0,3.7782,39.49,-117.2,2.8999
1.6214,28.0,5.3336,1.1715,1314.0,3.9154,35.3,-118.15,1.0282
2.167,46.0,4.432,0.9838,183.0,2.13,33.76,-115.13,1.7584
1.271,34.0,5.7319,1.1282,493.0,3.1642,32.91,-124.3,2.1263
4.8711,42.0,5.6369,0.9488,747.0,2.3837,35.61,-122.69,3.1641
5.359,3.0,5.4239,1.233,2256.0,2.1094,37.34,-119.36,2.88
1.6721,44.0,4.0083,1.2293,493.0,3.1311,32.86,-117.6,1.8917
0.8529,49.0,5.7177,1.0731,717.0,2.6689,37.85,-123.4,1.6851
6.6494,35.0,4.7646,1.3495,2000.0,2.867,41.01,-121.36,3.6257
1.8252,49.0,4.2168,1.3284,891.0,2.6,38.18,-114.41,1.189
2.6207,29.0,6.9201,1.1224,1273.0,1.9964,37.48,-121.02,2.4473
1.4518,15.0,8.0037,1.1848,323.0,4.3574,34.71,-120.5,1.0125
4.5779,31.0,7.7311,1.0117,394.0,3.1247,36.67,-121.91,3.0215
4.6509,33.0,6.1801,1.0592,445.0,1.8462,38.21,-124.13,3.6161
7.33,8.0,5.0813,0.9383,1142.0,3.1456,40.72,-121.45,3.6484
5.7795,11.0,5.3156,1.0282,1263.0,4.2171,40.88,-122.69,3.1782
5.534,15.0,5.8867,1.0843,1360.0,3.767,36.79,-120.49,2.9463
2.7893,28.0,4.8957,0.8509,2569.0,2.585,34.24,-121.98,2.49
2.5582,8.0,6.9826,1.1865,705.0,2.6042,39.22,-120.26,1.2727
4.5374,40.0,2.9571,1.2533,258.0,2.2343,41.53,-121.61,2.9959
2.6831,6.0,5.0451,1.0988,2040.0,2.4062,41.6,-115.14,1.3814
5.9027,48.0,6.3613,0.8,1413.0,2.4713,41.96,-121.39,3.4069
1.3812,35.0,4.3858,1.0621,1944.0,1.8254,34.9,-122.41,1.0017
0.6725,18.0,5.1118,0.891,1410.0,2.6448,40.45,-116.68,0.15
4.203,19.0,6.1124,1.0086,768.0,3.2752,32.99,-116.18,3.249
1.9968,36.0,7.2219,1.3178,768.0,2.6688,32.64,-118.67,2.028
1.2201,5.0,3.8473,0.8,637.0,3.1739,38.9,-120.85,0.5706
10.1394,37.0,3.7583,0.9775,2856.0,4.2975,33.64,-115.96,4.9223
2.9688,29.0,4.2648,1.2244,4616.0,4.4685,36.19,-117.6,1.5135
1.0032,12.0,3.555,0.9947,1784.0,2.9457,32.62,-120.49,1.7517
1.8264,46.0,3.6403,0.9832,980.0,3.7041,33.32,-120.38,2.1547
2.4094,33.0,4.2328,1.4049,680.0,2.8667,34.48,-124.28,3.17
4.1471,9.0,6.8802,1.1568,1589.0,2.6097,37.77,-123.72,3.2199
1.8334,34.0,5.0255,1.2401,328.0,2.1065,35.65,-122.95,1.9966
2.6481,21.0,5.4377,1.1742,1741.0,3.0693,37.86,-121.83,1.7844
3.5375,39.0,4.2534,1.1243,646.0,3.8675,38.67,-115.04,2.0926
3.9793,26.0,6.1602,1.2896,100.0,1.9805,32.53,-116.08,2.3443
2.7827,51.0,7.6509,1.3858,3355.0,2.7703,40.55,-123.89,2.768
8.29,48.0,4.3348,0.8475,2079.0,2.7317,33.05,-124.15,5.0
4.6089,3.0,7.4697,1.0947,290.0,3.1975,40.79,-118.44,1.7191
4.4475,21.0,5.8373,1.0935,2326.0,3.2102,41.77,-120.54,2.4507
4.3442,11.0,5.4202,1.0356,637.0,3.4298,41.08,-116.28,2.2512
5.931,23.0,5.8801,1.2472,2292.0,4.5176,37.65,-114.57,2.1242
3.383,8.0,5.8686,1.1385,1129.0,2.3036,39.81,-119.36,1.476
1.3634,28.0,7.6285,1.3888,1189.0,2.2596,34.14,-122.53,1.9592
3.8569,8.0,6.0243,1.265,1265.0,3.1979,41.4,-115.37,2.198
4.1779,32.0,6.0493,1.3047,1137.0,4.1622,32.72,-120.08,3.6354
6.5085,24.0,4.8942,0.9201,479.0,1.8301,37.74,-120.13,3.8775
1.257,51.0,6.4069,0.9791,3361.0,3.2651,36.88,-117.26,0.1723
1.5099,45.0,4.2518,0.9914,1776.0,2.8389,40.07,-120.6,1.3425
3.0344,31.0,5.5308,1.2985,379.0,3.6834,39.58,-121.95,3.328
4.4236,23.0,8.8599,0.9549,719.0,3.5026,35.64,-116.88,2.3408
1.0768,37.0,2.395,0.9593,3388.0,3.0388,34.05,-122.44,0.9761
1.2847,35.0,5.6798,0.9318,282.0,3.39,40.05,-123.91,2.2951
5.1051,8.0,5.7259,1.513,1731.0,2.4734,41.79,-119.32,2.016
1.1137,20.0,5.1263,1.0787,447.0,3.6402,33.43,-123.96,1.865
1.5261,51.0,5.1546,1.1795,622.0,4.1092,39.46,-116.39,0.8385
5.3097,17.0,5.5097,0.9289,1133.0,3.0801,37.4,-114.53,3.353
4.3824,1.0,5.0976,1.2439,1619.0,2.6736,35.46,-114.81,1.5576
1.8476,43.0,5.6664,0.834,1296.0,2.8839,32.64,-122.81,2.1679
4.064,48.0,4.8149,0.9531,403.0,3.6318,39.38,-114.98,2.7015
3.5737,34.0,7.8269,0.9903,3290.0,2.9665,33.75,-123.18,2.8269
2.7086,33.0,5.0976,1.1328,1920.0,2.0403,40.58,-120.76,2.3997
2.237,18.0,6.0835,0.981,2679.0,3.7617,35.01,-123.46,1.9037
3.9611,19.0,4.5972,1.3286,1089.0,2.2137,38.13,-116.07,2.2135
1.1951,47.0,6.5198,1.1755,2016.0,3.3396,35.2,-122.06,1.2065
3.9318,44.0,6.2802,0.9966,2700.0,1.5069,39.17,-117.65,2.3035
3.3584,26.0,5.9031,1.2496,1515.0,3.0865,33.61,-116.67,2.2434
3.5195,16.0,4.1672,1.041,1480.0,2.9454,35.76,-120.49,2.4173
1.475,10.0,4.4971,1.0114,1709.0,1.4263,37.34,-116.41,1.3996
6.6093,1.0,7.4234,1.2344,1701.0,3.2663,38.06,-121.04,3.4182
1.8523,25.0,4.4838,0.8,1542.0,2.1189,38.01,-122.82,1.9956
2.0717,29.0,6.1691,1.2102,2202.0,3.0678,33.25,-119.7,1.3243
2.6354,35.0,4.2664,0.993,1072.0,2.6706,32.82,-117.2,2.3158
4.3759,42.0,6.6101,0.9928,3135.0,1.8156,34.75,-123.9,3.079
3.4503,19.0,4.5763,1.3937,131.0,2.1634,32.86,-116.24,2.6175
0.8256,9.0,4.2442,1.0203,1986.0,2.2274,34.6,-121.74,1.3688
2.94,44.0,4.5452,1.2434,3012.0,3.7859,33.06,-117.49,1.9179
3.1074,39.0,4.7354,1.1419,710.0,3.6687,37.51,-123.16,2.179
6.7081,28.0,5.8856,1.1574,870.0,4.7556,33.49,-120.41,4.4249
2.3815,2.0,5.4833,1.0624,3178.0,2.5905,36.44,-119.65,1.3517
4.1363,24.0,4.0858,1.0546,1974.0,2.5647,39.81,-119.62,2.1871
12.9816,32.0,5.3665,1.3292,2075.0,3.1079,39.84,-121.57,5.0
6.0117,44.0,4.0278,1.2396,1026.0,2.7158,37.84,-119.01,3.4161
1.4128,26.0,6.1723,1.025,959.0,2.5339,32.79,-121.53,1.5621
4.7498,24.0,6.3923,0.9431,1029.0,3.0435,37.6,-122.63,2.7918
3.9425,20.0,5.3713,1.0123,940.0,3.5629,34.9,-122.97,2.1969
2.3264,22.0,5.726,1.2472,1042.0,1.3103,37.9,-115.35,1.7968
4.7846,1.0,7.5025,1.2768,1828.0,2.5422,41.13,-122.99,2.4807
1.3963,6.0,5.2109,1.1832,912.0,1.8778,38.19,-120.35,1.2661
1.8803,39.0,4.2669,0.8575,451.0,2.8769,41.44,-121.78,1.4928
2.6547,19.0,6.095,1.2131,2907.0,3.3461,34.48,-118.14,1.876
2.2508,44.0,4.0408,1.2955,705.0,3.8936,35.05,-120.84,1.9453
4.4629,21.0,5.1473,1.126,869.0,2.653,33.91,-121.44,3.1098
2.8857,51.0,4.6812,1.397,318.0,3.085,33.24,-114.61,2.3451
2.0929,10.0,4.5578,0.9019,1495.0,1.6543,32.6,-114.33,1.8996
5.9504,10.0,5.0999,1.2027,684.0,2.3116,41.32,-122.97,3.6248
4.3567,30.0,6.4799,0.947,435.0,3.1657,36.79,-117.37,2.6052
0.9692,41.0,6.7268,1.2588,2346.0,1.9128,41.42,-115.4,0.7939
0.9534,8.0,6.5114,1.1919,3794.0,3.9896,40.71,-114.59,0.7968
2.1036,26.0,5.8036,1.3702,776.0,3.4188,39.57,-121.32,2.1775
1.0715,12.0,5.0907,1.175,1992.0,2.2763,41.22,-116.46,1.1014
5.3726,38.0,2.5706,1.0394,1580.0,1.8143,35.01,-121.02,2.547
1.9463,29.0,5.8412,1.0263,1374.0,2.4246,40.64,-118.08,1.5112
4.1329,34.0,2.6648,1.0625,416.0,2.2805,38.96,-119.17,2.8393
4.7081,14.0,3.092,1.0234,1474.0,2.0264,38.2,-117.23,2.2463
0.5914,15.0,5.206,1.3021,2051.0,1.8746,38.38,-115.17,1.7664
2.0113,33.0,5.7175,1.2913,4504.0,2.8157,41.11,-123.17,1.0697
2.572,18.0,4.8587,0.8755,154.0,3.5858,41.32,-122.07,1.8067
3.5508,36.0,7.2426,1.1058,1974.0,2.4311,34.18,-118.44,2.9567
5.186,8.0,5.9545,1.1094,1372.0,3.3559,33.27,-120.73,3.3501
10.413,16.0,5.1007,0.9828,1050.0,2.7378,35.09,-118.72,4.8107
7.7952,6.0,7.0636,1.1657,2926.0,3.4899,40.2,-116.47,3.0997
2.8624,5.0,7.2781,1.3191,763.0,2.3708,33.42,-117.31,1.8508
2.8394,14.0,6.0151,1.2338,3741.0,3.2248,38.79,-116.63,1.6979
7.3052,25.0,4.4697,1.3021,132.0,3.0961,36.29,-122.69,3.1533
2.9692,8.0,4.7397,0.9922,929.0,4.0899,41.17,-124.0,2.0412
1.9786,5.0,3.6639,1.1055,2376.0,3.447,40.29,-115.58,0.9073
5.4275,45.0,5.3491,0.9852,1428.0,3.2048,37.32,-119.78,3.1391
3.6636,27.0,4.14,1.1359,683.0,1.8241,36.12,-117.94,2.4682
0.9409,37.0,5.0051,1.1494,800.0,2.5798,40.43,-123.57,2.7579
2.3961,38.0,5.7127,1.244,1747.0,2.3597,34.82,-117.22,2.2122
1.0992,6.0,3.0195,1.297,607.0,2.3422,37.66,-123.28,0.7221
0.5,32.0,3.8835,1.2033,3230.0,3.0124,41.35,-116.43,1.4764
8.4527,44.0,4.7918,0.971,1163.0,3.1927,38.24,-123.69,3.6454
3.2285,23.0,5.337,0.8972,1077.0,3.224,41.34,-123.47,1.9998
2.4589,44.0,4.8073,1.178,1604.0,4.0092,36.7,-120.87,2.0163
2.092,49.0,5.0754,1.3251,320.0,3.3868,38.48,-122.18,1.8467
3.0071,28.0,4.5526,1.0963,1433.0,2.0177,41.43,-114.46,1.986
2.0731,6.0,3.6607,0.8709,4958.0,3.162,39.5,-119.79,0.9825
1.4327,32.0,4.7583,1.4127,1137.0,3.4675,41.1,-119.61,1.5104
2.1616,45.0,5.1442,1.1734,1395.0,4.0098,40.4,-123.84,1.6805
6.8725,30.0,5.0275,1.1257,2151.0,2.8766,33.24,-119.39,3.875
5.351,41.0,5.5342,0.9248,3174.0,2.8844,34.96,-123.66,3.9375
2.1636,28.0,5.9027,1.1024,1421.0,3.8631,39.54,-118.02,1.6221
8.9737,22.0,6.2181,1.203,1035.0,3.1429,40.96,-114.48,4.1264
2.8394,49.0,4.6397,1.1755,2319.0,1.7213,40.12,-121.0,2.6804
1.6862,8.0,3.509,0.998,601.0,1.5497,35.48,-116.22,1.7973
3.7696,23.0,6.9259,1.0914,3118.0,4.4726,38.4,-114.64,1.3423
7.5393,8.0,5.8625,1.0076,2543.0,1.629,38.78,-114.62,3.2548
6.6747,34.0,4.2544,1.3496,2271.0,2.8662,36.65,-116.84,3.1654
1.7489,48.0,5.7332,1.2342,1656.0,3.7065,38.08,-115.6,1.4452
1.2168,51.0,6.6816,1.0213,1949.0,1.5883,41.87,-120.79,2.2574
2.3056,12.0,7.475,0.9247,1947.0,2.1348,37.67,-118.46,1.1739
4.1814,38.0,5.7007,1.1417,1534.0,2.0026,34.35,-117.67,2.6962
4.9143,45.0,6.6716,1.0261,768.0,4.4409,37.29,-122.13,2.5122
6.1038,43.0,3.9485,1.0373,1990.0,4.6145,34.17,-121.17,3.5366
3.3462,26.0,5.3569,0.9297,405.0,2.4127,39.04,-120.69,2.1331
3.4186,9.0,4.998,0.9483,489.0,3.4636,41.07,-123.64,1.267
3.2656,24.0,5.8111,1.1244,3233.0,3.2464,38.92,-119.73,1.5923
5.6233,40.0,7.3334,1.06,478.0,2.7754,40.84,-116.47,2.7048
4.9686,32.0,5.6999,1.4745,2749.0,1.6986,39.41,-117.8,2.7726
1.7025,20.0,4.2748,1.1891,461.0,4.846,36.66,-118.05,1.408
4.5942,11.0,3.8839,0.9272,1090.0,1.5472,37.61,-118.24,1.8495
5.4012,34.0,7.3749,0.8697,1181.0,3.1697,37.56,-124.07,3.6034
5.6688,22.0,6.0166,1.1597,294.0,2.4819,36.23,-124.27,3.8767
3.6663,25.0,5.9377,1.0405,1824.0,3.8064,33.38,-122.61,3.1253
3.538,48.0,4.9875,1.2997,350.0,3.6768,39.17,-115.17,2.23
2.923,1.0,5.7214,1.1423,373.0,2.2169,32.95,-115.73,2.4814
3.1299,13.0,4.2156,0.8026,334.0,2.3679,34.44,-118.53,2.4212
8.1512,47.0,5.8646,0.9471,128.0,1.7599,36.81,-120.45,5.0
3.1999,48.0,3.9902,0.9987,2239.0,3.1558,41.88,-114.66,2.0679
1.8047,16.0,4.9689,1.1663,796.0,3.5687,35.42,-123.64,1.0429
3.7166,51.0,4.6285,0.9421,969.0,2.6467,40.05,-123.33,3.1759
4.8541,11.0,2.0,1.1229,1079.0,2.8042,36.48,-118.09,3.2034
5.5249,3.0,4.9839,0.8996,828.0,4.5263,34.6,-118.82,2.1581
1.4201,16.0,4.3214,1.1009,442.0,3.749,32.75,-114.49,1.3204
7.1584,28.0,5.1475,1.1555,753.0,4.0782,33.34,-116.27,3.8729
4.741,1.0,5.4021,1.3192,1073.0,1.2064,36.46,-114.92,1.9161
6.9146,9.0,7.5215,1.1368,416.0,3.4378,36.3,-117.08,2.85
1.0375,41.0,5.7657,0.9775,779.0,3.2011,38.45,-115.03,1.1695
5.802,32.0,5.8009,1.324,2467.0,1.9984,33.09,-117.43,3.6042
1.3678,31.0,5.9947,1.0725,749.0,2.1649,35.2,-119.04,1.2475
2.4953,51.0,6.4462,1.216,1618.0,2.8253,32.72,-118.5,2.3744
4.8377,12.0,5.9451,1.0081,1791.0,1.9264,40.78,-115.29,2.4651
1.2657,46.0,5.7381,1.1136,218.0,2.361,36.28,-123.25,1.4762
2.0616,19.0,6.2535,0.9798,1822.0,2.6307,38.05,-118.65,1.4765
1.0218,48.0,2.488,1.1483,2254.0,3.4588,39.25,-120.38,1.5511
4.7581,40.0,7.9069,1.2206,1666.0,2.4346,35.05,-117.67,2.4633
1.6815,11.0,7.3077,1.0258,888.0,2.6422,33.78,-118.26,1.7332
3.0659,11.0,5.6606,1.0173,329.0,3.8195,38.01,-120.3,1.6418
3.9473,28.0,3.7044,1.1535,1726.0,1.5886,41.08,-117.41,2.5582
3.6894,26.0,6.8524,0.9762,786.0,3.1818,40.98,-118.94,2.0062
3.476,12.0,4.5673,0.8723,997.0,3.3115,35.43,-122.43,2.2365
3.4716,14.0,6.0406,1.153,582.0,3.3335,35.03,-117.92,1.8085
1.0786,46.0,3.8605,1.0838,1083.0,2.5989,35.86,-124.03,1.5727
2.5904,39.0,8.0717,1.0807,1034.0,2.1481,34.83,-116.07,2.0097
3.4515,10.0,3.6693,1.1782,467.0,4.2156,41.66,-115.24,1.8054
3.2114,37.0,5.4828,1.1991,1565.0,2.3148,32.83,-123.52,2.9974
2.7973,8.0,2.8534,1.0758,3226.0,2.1064,34.32,-121.73,2.4485
1.8527,23.0,5.3505,0.9316,2379.0,3.0162,32.77,-123.03,1.9849
3.6379,1.0,4.8897,1.0042,3410.0,2.4087,40.61,-116.58,1.1399
4.079,34.0,6.7646,1.1877,748.0,3.8406,36.98,-123.59,2.5922
2.2593,10.0,4.8895,1.1205,522.0,2.7879,34.67,-118.89,0.8053
5.5485,13.0,6.7663,1.0175,181.0,3.9444,36.26,-120.42,2.732
7.2489,10.0,4.1711,0.9823,920.0,3.359,33.51,-116.79,3.441
3.1063,10.0,5.0616,1.1927,1023.0,2.6894,33.52,-117.91,1.8713
1.7304,4.0,5.0857,1.0668,1205.0,3.8912,41.5,-118.86,0.5635
1.2534,29.0,5.9947,1.2129,446.0,2.4793,39.11,-119.27,1.2924
2.4705,45.0,5.842,1.2319,1372.0,2.7439,38.57,-116.55,1.8993
2.9571,16.0,6.2667,1.0531,1139.0,3.4233,36.99,-119.53,1.5846
1.2015,40.0,5.7202,1.2424,1389.0,3.1813,37.15,-120.1,1.9451
2.4188,28.0,6.1936,1.1208,1617.0,2.4611,39.83,-124.05,3.0771
5.3717,13.0,4.3226,1.1402,1245.0,1.7709,33.0,-121.61,3.8105
0.5055,4.0,5.8666,0.8,2331.0,2.9851,38.84,-120.6,1.1477
3.2358,40.0,7.3298,0.9544,1536.0,2.4183,37.73,-118.51,2.221
2.0527,2.0,3.384,0.9625,1165.0,3.0237,35.41,-117.57,1.227
3.0183,22.0,5.9868,1.0522,652.0,2.6632,34.55,-114.67,1.1834
7.4839,2.0,6.2121,1.1172,942.0,2.4259,40.69,-121.53,2.881
2.925,40.0,7.1534,1.1233,313.0,2.7855,41.35,-118.86,1.1939
2.6494,51.0,6.2713,1.1429,2017.0,2.9413,33.41,-116.74,2.1904
4.5697,17.0,5.5204,0.9973,656.0,3.556,34.11,-121.19,3.5787
3.6699,16.0,5.9161,1.2037,511.0,3.3386,38.84,-118.81,1.9403
3.2448,29.0,4.518,1.3714,360.0,4.6755,39.85,-120.11,1.8631
3.7548,26.0,4.9344,1.047,613.0,3.1131,37.17,-120.33,2.62
6.2748,20.0,3.7972,1.0004,772.0,2.4617,41.31,-123.67,3.6057
5.1609,19.0,7.1844,0.9972,2655.0,2.867,40.79,-124.06,2.5349
2.5275,10.0,5.9402,1.1128,644.0,3.4547,33.7,-121.35,2.3463
7.246,13.0,4.3007,1.0211,3070.0,3.8027,33.85,-115.18,4.0062
2.1419,30.0,5.7256,0.8405,2675.0,4.0732,33.32,-122.37,2.8984
3.2361,38.0,6.7912,0.8815,2606.0,2.1864,40.82,-123.67,2.4952
3.4799,39.0,6.5914,1.253,1743.0,4.0245,37.8,-118.1,2.5505
2.4463,27.0,4.2868,1.2923,241.0,2.9632,41.44,-114.71,1.351
6.7799,39.0,2.0,1.34,2407.0,2.2584,39.43,-123.73,4.731
2.3635,31.0,5.8745,1.1339,273.0,2.837,39.45,-116.85,1.3483
2.7741,19.0,4.3358,0.9514,464.0,3.9686,33.69,-123.22,2.5095
5.6256,19.0,6.1468,1.0343,769.0,3.3658,33.54,-122.95,3.7091
2.1979,27.0,6.5403,0.8763,664.0,2.0304,41.34,-114.94,2.0948
1.1623,16.0,6.7364,0.8705,2092.0,2.0364,37.08,-117.29,1.4836
3.2965,39.0,7.4937,1.1383,1911.0,2.0142,41.94,-118.71,1.8354
1.4453,10.0,6.8836,1.1809,1043.0,2.4148,35.57,-122.65,1.2848
1.3253,3.0,7.4995,1.3938,1725.0,3.062,38.4,-118.71,1.5276
0.5169,26.0,7.0549,1.0875,1278.0,2.0991,37.94,-123.68,1.29
0.5861,4.0,7.1595,0.8963,1130.0,2.6573,33.15,-120.36,1.7236
0.6286,10.0,5.351,1.0817,841.0,4.1216,37.43,-117.26,0.15
7.8216,20.0,3.8528,1.0576,585.0,4.2942,41.28,-118.62,3.3719
0.6263,1.0,8.3787,1.0263,100.0,4.2404,36.81,-117.55,0.15
1.4177,12.0,5.4755,1.1516,2054.0,1.5641,36.99,-123.14,1.8384
2.8055,28.0,6.8744,0.9178,627.0,4.339,39.16,-116.71,1.7591
4.4445,20.0,4.7397,1.1196,679.0,3.0734,39.92,-114.74,2.6687
4.7305,46.0,6.5567,1.1977,592.0,3.0624,40.37,-115.22,2.3308
1.7312,5.0,2.466,1.313,1392.0,3.8231,36.79,-123.42,1.355
3.1976,37.0,4.9075,1.1466,1641.0,3.5628,36.72,-123.31,2.2578
2.751,31.0,5.2819,1.2565,708.0,1.5051,37.0,-119.17,1.0517
3.0797,33.0,5.9551,1.0334,1163.0,2.51,41.71,-119.06,2.0942
3.3516,35.0,6.6864,1.0544,747.0,2.7071,41.33,-115.73,2.5075
3.9388,3.0,4.087,1.3022,2057.0,1.9358,38.42,-120.61,2.9314
2.0257,41.0,6.192,0.8943,1485.0,3.7977,35.2,-119.16,1.3846
6.113,17.0,6.872,1.0395,138.0,4.1511,41.05,-122.26,3.4766
8.4793,34.0,8.2151,1.2693,1598.0,2.9916,34.12,-114.83,4.8758
2.3758,15.0,6.248,1.0683,1225.0,3.2389,33.51,-123.09,1.9509
10.145,21.0,4.8486,1.0572,546.0,2.991,36.44,-115.26,4.3474
2.1139,36.0,3.8739,1.0602,482.0,3.0793,39.01,-115.39,1.4186
3.2346,48.0,7.595,1.1176,1896.0,3.8941,33.0,-123.8,2.8198
2.7676,45.0,6.2848,1.2629,1983.0,1.5876,35.47,-116.55,2.1208
3.1527,38.0,5.3736,1.2386,1277.0,3.3889,39.95,-120.92,2.133
5.7164,28.0,3.4562,1.1017,719.0,3.0095,38.76,-122.05,3.3289
2.6627,27.0,4.2826,1.2639,560.0,2.4292,33.3,-120.28,2.1904
1.2825,50.0,6.1576,1.1513,581.0,2.5973,34.42,-115.06,2.4054
1.9999,11.0,5.8246,1.2289,858.0,4.4659,39.39,-120.31,0.6816
2.6667,49.0,3.0644,0.9457,2298.0,1.938,33.61,-121.87,2.8503
3.4218,34.0,6.1591,1.3608,211.0,2.8652,32.59,-119.05,2.4673
1.7372,32.0,3.5179,1.133,1138.0,4.3036,41.93,-120.2,1.391
1.8781,31.0,7.0248,0.8,865.0,1.9839,38.33,-124.11,1.6083
3.5021,42.0,5.6503,1.3489,1505.0,2.6351,36.58,-122.44,2.0638
3.5799,35.0,4.8439,1.1008,456.0,3.0338,38.17,-124.13,2.5495
5.2331,5.0,6.5882,1.0407,948.0,3.3301,38.87,-119.08,2.3184
1.9823,40.0,5.8242,1.0091,1955.0,2.9358,37.21,-117.89,1.6233
4.183,38.0,6.9899,1.1659,1287.0,2.2837,38.75,-117.12,1.9326
2.7711,47.0,5.4966,0.9667,762.0,3.3579,39.23,-122.22,2.8349
2.1867,48.0,5.5666,1.0135,535.0,2.9195,34.2,-116.25,2.1399
2.8317,49.0,5.0577,1.0171,2679.0,3.5022,36.53,-120.19,1.1885
3.0957,3.0,5.7156,1.0562,326.0,3.739,35.39,-123.81,1.8557
1.1761,33.0,7.4375,1.0227,2930.0,1.811,40.07,-115.02,1.1019
1.2504,48.0,4.7967,1.2279,1262.0,3.8265,39.81,-117.37,0.7265
4.5405,50.0,6.1775,1.1407,1022.0,2.7963,40.2,-118.67,3.1423
2.3362,29.0,4.3435,1.159,2268.0,3.6602,36.66,-123.9,2.0924
3.4378,47.0,2.9199,1.1916,2339.0,3.3951,37.97,-124.16,2.5766
4.458,45.0,5.649,1.086,1194.0,4.4833,39.2,-118.65,2.3798
2.8428,1.0,5.8445,0.947,1542.0,3.005,35.56,-115.51,1.5488
4.2307,46.0,5.2679,1.3708,404.0,2.6773,41.79,-117.83,1.9804
3.1086,33.0,3.6048,1.2391,952.0,2.5896,36.1,-124.24,2.3523
3.2032,30.0,5.7652,1.3419,647.0,2.1703,37.6,-117.92,2.4282
5.9989,10.0,5.7196,1.2552,2709.0,3.6465,40.35,-120.81,3.471
2.6432,47.0,4.3335,1.0309,2536.0,2.1189,39.6,-123.08,1.9753
4.5726,16.0,3.7758,0.8,413.0,3.6395,37.26,-116.18,2.207
1.0119,22.0,5.0971,0.9156,389.0,2.8212,36.38,-118.54,0.4748
3.3594,16.0,6.1835,1.1955,989.0,1.5894,38.55,-117.06,2.0432
6.9178,50.0,5.9,1.0847,3001.0,4.1906,36.64,-122.65,3.6316
10.5772,25.0,4.343,1.037,798.0,1.0,38.12,-123.14,5.0
1.0552,6.0,5.5643,0.8,4406.0,2.9346,40.1,-119.15,0.8116
2.3282,1.0,6.4646,1.098,336.0,3.1872,33.66,-119.02,1.3871
1.4701,50.0,3.9928,0.9377,626.0,1.1552,39.12,-118.48,1.3459
2.7134,13.0,5.4758,0.9913,402.0,3.353,33.01,-116.86,2.0253
5.0315,40.0,7.0076,1.2275,1208.0,2.4642,39.47,-117.66,2.3452
6.1283,2.0,3.8701,0.9456,781.0,2.8012,34.49,-117.54,3.1424
6.2475,46.0,6.7866,0.9599,2819.0,4.0744,37.19,-122.55,3.0626
0.9775,34.0,7.343,1.1278,728.0,3.1142,35.04,-120.12,0.924
3.0524,12.0,5.1334,1.2309,2010.0,2.7195,35.56,-118.3,2.0305
1.954,46.0,4.9884,1.0396,426.0,2.8636,38.47,-119.11,1.3972
2.6096,16.0,6.6397,1.3201,906.0,4.4209,36.6,-121.26,1.4067
2.1517,51.0,5.1766,0.9082,173.0,3.3237,37.13,-114.86,1.9185
1.0197,31.0,2.5762,0.8819,3035.0,2.293,41.99,-122.9,1.9735
6.1643,23.0,5.2814,0.8691,985.0,2.6093,33.66,-114.55,3.6673
1.7499,3.0,5.9645,0.8522,2000.0,2.0479,36.15,-116.48,1.4403
1.9801,14.0,6.2881,1.1505,251.0,2.6386,37.54,-118.34,1.0365
6.9426,3.0,4.3432,0.9533,308.0,4.2863,40.23,-123.03,3.3148
0.8746,44.0,5.0762,0.8885,436.0,2.8669,35.18,-118.66,1.0694
3.9034,6.0,6.5723,1.157,670.0,1.9304,36.24,-123.42,2.5667
5.4611,6.0,5.328,1.2236,2318.0,3.3447,40.3,-114.98,2.8081
6.6162,7.0,3.5655,1.2576,756.0,2.6859,37.54,-121.44,2.9169
3.7381,50.0,6.8852,1.2313,1609.0,3.4491,40.63,-120.3,2.3788
4.6241,50.0,5.1431,0.9623,3524.0,2.8061,33.11,-117.93,3.0542
5.4593,37.0,6.7095,1.1414,872.0,4.1562,35.23,-124.11,2.8081
2.7416,4.0,3.7255,1.1745,282.0,2.2715,37.8,-118.88,1.5137
1.5729,26.0,5.2548,1.0288,444.0,2.0679,33.66,-117.15,1.8436
7.2553,49.0,6.0117,1.1247,1719.0,3.7501,37.08,-122.23,4.1135
4.323,5.0,5.2954,0.9123,651.0,1.3972,32.67,-122.76,3.0311
3.0501,41.0,3.9804,1.0059,247.0,2.8625,37.29,-119.42,2.395
1.064,1.0,2.5358,1.1558,5603.0,3.6405,41.24,-118.93,0.5393
0.5,42.0,7.2279,1.3261,2444.0,1.2445,41.51,-119.91,1.1193
3.8559,28.0,5.6976,1.2727,523.0,3.0517,35.53,-121.34,2.535
0.5,46.0,6.8002,1.1991,4192.0,1.8032,32.53,-120.2,2.288
3.0285,22.0,6.5144,1.112,4876.0,1.5241,41.17,-121.18,2.4125
1.8094,41.0,6.1162,1.0887,3661.0,2.1472,37.89,-121.8,1.6497
2.148,43.0,5.0144,0.8829,895.0,2.8533,38.02,-119.58,2.2074
6.2882,17.0,5.9877,0.9747,1069.0,2.4353,40.24,-120.34,3.6612
1.8219,33.0,7.119,0.9796,1662.0,3.8857,36.24,-119.95,0.8175
3.1282,24.0,5.4996,1.1862,584.0,3.0659,36.49,-124.3,1.5164
1.829,23.0,7.682,1.2417,2312.0,2.6088,40.59,-117.37,1.5476
3.6329,41.0,3.6007,1.2105,1434.0,1.9521,37.17,-123.83,3.1494
3.3128,12.0,3.4717,1.2774,2264.0,3.1793,39.49,-122.23,2.1861
3.0299,7.0,6.5857,1.1108,764.0,4.6471,41.1,-116.27,1.5056
5.4715,25.0,4.4175,0.9526,1353.0,2.4377,36.24,-114.46,3.044
0.8765,42.0,7.852,1.0925,359.0,2.5316,40.94,-114.39,1.1511
0.685,9.0,7.0048,0.9913,702.0,2.1514,35.61,-118.38,0.15
1.2254,18.0,7.3051,1.1987,827.0,3.9473,41.33,-121.71,0.94
3.3236,35.0,6.4613,1.0461,1713.0,3.7416,35.4,-115.95,2.162
4.0294,25.0,4.2941,1.0852,2158.0,2.643,34.73,-117.8,2.3869
0.5,31.0,3.4088,1.204,421.0,2.5208,39.35,-114.44,0.7036
3.9964,27.0,7.1944,0.9888,2680.0,2.2449,41.26,-118.81,2.1178
8.0049,42.0,3.6005,1.2446,1562.0,2.7686,39.8,-119.04,4.0836
2.3682,45.0,7.3019,0.8979,1820.0,3.8159,39.53,-123.86,1.8882
7.3671,23.0,6.2035,1.146,2145.0,3.0332,41.74,-122.36,3.9114
3.8147,23.0,5.3085,1.0864,503.0,4.0301,37.8,-117.63,1.9261
6.8607,15.0,5.9305,1.2241,2647.0,2.4239,40.93,-114.36,3.0445
6.1003,23.0,5.9583,0.8938,661.0,1.1498,32.85,-119.54,4.0648
2.3691,43.0,5.1571,0.8704,1027.0,5.0843,33.76,-124.01,2.1939
5.0449,26.0,7.1108,1.2125,901.0,3.1717,35.08,-120.3,3.168
2.3655,36.0,7.0697,1.0414,4200.0,3.6228,41.49,-123.04,1.9457
7.9173,22.0,5.5868,1.0864,521.0,2.37,34.37,-114.7,4.8853
2.5223,37.0,4.68,1.001,3670.0,1.91,36.14,-122.89,2.4005
4.1506,37.0,6.9671,1.2369,3053.0,3.1238,32.84,-123.12,3.4007
8.8057,27.0,2.9729,1.1449,334.0,1.4066,33.24,-119.72,5.0
4.2654,48.0,5.9327,1.1361,644.0,2.7864,38.04,-118.88,3.2976
2.1988,45.0,6.2875,0.9246,655.0,3.8178,33.43,-117.13,2.0011
1.1143,9.0,4.406,1.1752,1846.0,3.3588,41.04,-120.62,1.1177
0.8833,12.0,6.5685,0.9512,2653.0,3.2039,40.92,-115.33,0.7025
3.9838,49.0,5.3683,1.0012,656.0,4.395,38.41,-118.31,1.5212
2.8311,21.0,4.7452,0.8952,265.0,3.3003,36.26,-123.83,1.9735
1.2431,16.0,6.5559,1.0765,1850.0,1.4765,40.93,-123.96,1.8795
4.7152,41.0,4.0972,1.2597,1233.0,2.8807,37.13,-119.61,2.8024
4.6751,31.0,6.443,1.134,326.0,4.5403,34.31,-119.91,3.3122
2.7974,7.0,3.0212,1.0337,1671.0,2.7525,35.78,-119.78,1.6814
7.042,5.0,5.7428,1.1164,1162.0,4.4913,35.95,-123.73,3.5345
0.7452,42.0,5.4526,1.1155,422.0,3.8189,38.01,-123.77,1.5643
2.2582,40.0,4.7524,1.1099,745.0,2.6732,36.31,-123.69,2.1502
4.251,18.0,5.8675,1.1266,3509.0,2.1356,40.27,-116.96,2.2002
1.3598,44.0,5.3045,0.944,100.0,3.2719,38.45,-118.29,1.1694
5.005,7.0,6.6656,1.116,476.0,4.0164,34.9,-122.94,1.7829
5.9207,45.0,6.0722,0.8367,295.0,1.7371,36.32,-119.99,3.9458
0.5,5.0,5.9432,1.1863,919.0,3.0963,39.37,-114.87,0.355
7.185,33.0,5.7502,0.9346,1307.0,1.3669,34.8,-123.61,3.8585
4.0909,43.0,4.8334,1.2766,1049.0,2.7283,33.37,-122.41,3.1934
2.0745,32.0,5.0378,0.8,1148.0,1.6762,39.26,-120.4,2.6196
0.9503,40.0,5.6979,1.3512,1375.0,3.4498,36.36,-121.94,1.4008
5.4198,18.0,5.192,0.8541,739.0,2.4488,33.68,-122.71,3.7188
1.1916,15.0,6.7337,0.92,5067.0,3.9264,37.05,-114.57,1.4564
4.0861,14.0,5.5121,1.1449,1223.0,2.5676,37.82,-116.64,2.4017
1.2318,6.0,5.8512,1.1928,357.0,2.4947,32.74,-117.01,1.2313
2.9832,15.0,3.7168,1.0575,1073.0,1.7079,40.02,-114.98,1.1562
5.2727,13.0,6.5319,1.2339,1857.0,3.3128,37.17,-122.43,3.1279
2.0943,39.0,4.7026,0.9805,2055.0,3.3937,32.74,-115.4,1.6952
7.1556,11.0,4.1488,1.04,1667.0,3.7518,40.69,-114.47,3.3885
4.3132,9.0,7.3754,1.0547,1283.0,3.5242,38.06,-118.44,2.0216
1.3633,38.0,6.2371,1.0192,500.0,3.321,41.65,-115.27,1.2983
1.0156,28.0,6.5725,0.8099,1481.0,3.4767,35.17,-116.14,1.186
1.6675,11.0,5.9454,1.0963,1053.0,3.5575,36.42,-121.12,0.7124
2.8884,37.0,5.2882,1.0827,629.0,3.7261,38.8,-120.98,2.149
7.5674,12.0,5.0645,1.2617,1222.0,1.7779,41.18,-117.54,3.6505
8.4379,41.0,6.3349,0.9071,2137.0,2.6305,40.02,-118.78,4.3688
2.0371,2.0,6.759,1.0041,256.0,1.7016,38.61,-120.45,1.8361
1.9912,31.0,5.3182,1.2805,497.0,3.2657,40.06,-123.83,1.778
4.7723,31.0,7.8871,1.144,1936.0,4.304,33.4,-124.07,3.0618
4.7479,20.0,5.1632,1.1824,399.0,3.7171,39.38,-123.32,2.2845
6.473,36.0,3.7272,1.168,2554.0,2.5144,38.0,-120.26,3.1924
6.5783,20.0,3.3342,1.1687,946.0,3.4043,35.11,-124.03,3.5008
1.5803,34.0,3.3747,1.3732,1649.0,3.2792,34.77,-122.82,1.7317
0.8496,12.0,4.9034,1.1137,1878.0,3.1865,35.24,-114.62,0.5012
4.3533,29.0,5.1216,0.9483,1104.0,1.9573,33.67,-119.79,3.276
3.441,39.0,6.2191,1.1958,2699.0,4.0521,35.1,-114.97,1.8897
0.5,50.0,5.3657,1.015,1253.0,2.0575,33.18,-122.4,1.9787
0.8316,19.0,6.412,1.0835,1350.0,2.7066,38.89,-120.71,0.6961
4.2207,25.0,5.4539,1.1555,331.0,3.7673,37.37,-117.59,1.9615
2.7174,25.0,5.4162,0.9768,3588.0,2.7013,33.71,-114.4,2.4667
4.282,44.0,4.707,1.0235,2141.0,3.0634,39.12,-117.3,2.9502
1.2905,50.0,7.1071,1.1714,453.0,3.0957,34.19,-115.28,1.7532
4.4803,33.0,3.5622,1.0177,335.0,3.0527,37.2,-123.81,3.0946
3.7229,42.0,5.7616,1.246,831.0,3.092,41.24,-121.26,3.1141
4.6899,5.0,5.182,0.9521,922.0,3.1711,39.73,-115.47,1.8297
2.1433,39.0,6.3381,0.9516,1172.0,3.0598,38.05,-119.07,1.6471
1.8217,42.0,5.375,1.3859,2587.0,2.2836,38.06,-122.6,2.0007
0.949,37.0,5.4104,0.8705,2681.0,1.76,33.11,-122.6,2.463
2.405,30.0,5.08,1.096,2104.0,3.7985,36.56,-116.71,1.1096
5.7659,46.0,7.0719,1.3777,153.0,3.835,35.42,-122.72,3.5504
6.7572,34.0,5.4029,1.0957,3259.0,3.27,37.01,-119.32,3.2732
1.2002,44.0,7.7636,1.302,2305.0,3.2633,41.54,-122.49,1.7466
2.8869,10.0,5.7267,1.1979,1756.0,2.2678,39.97,-122.22,2.4344
7.6361,34.0,5.4261,1.0989,958.0,1.0491,38.29,-120.33,4.9834
8.2655,23.0,5.2256,1.0804,1653.0,2.801,39.19,-123.12,4.7624
2.3363,45.0,6.0771,0.8,280.0,1.4821,39.44,-117.71,1.5739
6.0816,45.0,4.6939,1.0521,1603.0,3.1475,36.84,-122.64,3.4505
5.4553,44.0,5.5749,1.1348,2229.0,4.0434,40.73,-116.78,3.1764
5.1808,11.0,5.4098,1.1347,1440.0,2.5071,38.36,-119.09,2.7518
0.7283,26.0,5.7903,1.4699,948.0,2.553,39.51,-120.84,1.1588
1.9489,1.0,5.82,1.1421,2751.0,2.1953,32.6,-118.16,1.2969
2.6771,50.0,5.8824,1.1945,4648.0,3.0354,37.61,-120.22,0.9194
2.6242,14.0,5.5139,1.2747,1736.0,2.9734,35.96,-123.48,1.2765
2.8658,32.0,7.2827,1.1811,2198.0,2.1847,33.03,-121.21,2.6987
8.8143,25.0,5.9071,1.0871,1128.0,3.7301,38.64,-119.05,3.959
2.3934,47.0,8.5272,1.0878,817.0,5.1619,41.32,-123.26,2.0094
3.8361,42.0,5.4598,1.0474,2323.0,3.9519,39.46,-116.98,2.3421
3.7481,40.0,6.5507,1.1666,3935.0,2.9115,33.26,-120.74,3.9391
2.8903,33.0,4.5287,1.0745,661.0,2.902,33.04,-122.25,2.3958
1.2634,7.0,7.0809,1.1937,467.0,2.5892,35.78,-124.22,0.585
3.157,47.0,4.5549,0.9486,760.0,2.5727,34.77,-123.45,2.17
0.5,4.0,5.9471,1.122,631.0,3.7665,32.76,-121.93,1.7988
4.0865,24.0,5.0827,1.3328,2890.0,3.8014,32.88,-120.63,2.9403
0.5,20.0,5.9424,1.0663,2667.0,2.0644,35.78,-122.77,1.5135
3.8532,20.0,5.1182,1.3765,731.0,3.2931,33.77,-118.85,2.2697
1.8735,50.0,4.4529,1.1246,1380.0,3.8889,34.35,-122.36,2.1171
1.408,12.0,5.0741,1.0915,477.0,2.7199,40.76,-114.75,0.3289
4.8189,30.0,7.2499,1.1175,1092.0,2.8308,41.94,-118.65,2.4885
2.2,12.0,5.9607,1.0533,455.0,3.5568,40.14,-116.33,1.1575
3.0482,47.0,3.8534,0.8029,959.0,3.5795,34.71,-120.08,2.588
0.752,38.0,6.7145,1.232,466.0,3.3432,34.17,-122.25,2.001
7.0637,22.0,4.3302,1.4289,2735.0,3.2034,38.0,-119.8,4.0323
3.2512,5.0,6.292,1.1721,1418.0,3.3109,39.95,-120.18,1.9009
3.2458,8.0,6.0638,1.1812,1579.0,2.7778,38.75,-118.06,1.7487
6.1954,13.0,6.1396,1.0726,654.0,2.1058,40.14,-115.19,3.0595
4.1439,21.0,7.6238,1.2737,860.0,1.7547,37.13,-121.93,2.5384
0.5,46.0,4.4056,1.0941,1333.0,3.4764,41.88,-123.33,1.372
7.4981,7.0,6.133,1.1401,3920.0,3.0866,39.98,-117.15,3.2964
2.3315,30.0,6.9115,0.8652,1215.0,3.3644,32.98,-124.3,2.9549
7.228,18.0,4.628,1.0206,3083.0,2.3369,35.96,-116.35,3.2175
2.2735,3.0,4.5051,1.1551,916.0,3.0821,37.82,-117.02,0.9997
1.9151,32.0,5.0554,1.2361,1262.0,3.0629,34.63,-116.04,0.8947
3.9637,36.0,5.7897,1.2402,2603.0,4.0232,36.33,-123.39,2.6275
9.8876,49.0,3.7074,0.8631,2028.0,3.6814,38.48,-122.26,4.6981
6.0777,26.0,6.0617,0.8783,621.0,2.408,37.75,-118.78,3.1218
4.2494,17.0,3.7099,1.1876,1607.0,3.4036,40.68,-121.03,2.0432
3.9234,44.0,6.952,0.988,1681.0,2.4025,34.99,-115.84,2.1102
3.1373,13.0,6.0165,1.2342,1880.0,1.0,41.25,-119.72,1.6763
7.0302,35.0,7.6958,0.8555,665.0,4.3808,35.56,-120.01,4.0248
4.8967,49.0,6.2025,1.0852,396.0,2.7001,41.24,-122.45,3.2305
0.9312,1.0,5.0343,1.0949,3207.0,3.8316,34.86,-118.68,0.3861
1.4149,48.0,4.4416,1.1721,4700.0,2.4709,37.32,-120.84,1.9853
4.3435,11.0,5.6867,0.9453,1852.0,2.3541,41.36,-119.79,1.9859
1.223,25.0,5.3637,0.805,878.0,2.5627,35.14,-121.59,0.7485
3.2388,14.0,6.8234,1.1257,2881.0,3.2021,40.56,-118.21,1.2998
5.1556,8.0,4.2857,1.179,560.0,3.1409,37.26,-115.92,2.2759
3.9821,36.0,7.8251,1.2511,600.0,3.3982,36.49,-124.09,2.6341
1.0692,25.0,6.9297,1.0462,3358.0,2.6029,38.81,-121.99,1.5928
1.479,26.0,5.1558,1.2164,4429.0,3.0323,34.39,-117.53,1.5306
4.0634,25.0,7.5574,1.1729,794.0,2.3255,38.76,-117.23,2.6649
9.238,39.0,4.4602,1.2984,651.0,4.1754,34.18,-121.36,5.0
2.7938,50.0,5.6467,1.0917,1234.0,1.9488,39.25,-121.44,2.0012
5.268,27.0,3.8682,0.8405,510.0,2.3424,38.3,-116.83,1.871
4.0048,8.0,7.6159,1.0899,336.0,2.6613,33.83,-118.72,2.1786
1.8588,17.0,3.4231,1.1133,349.0,4.9111,33.46,-120.41,1.7647
5.3058,26.0,3.6715,1.1777,1573.0,3.6135,38.27,-123.75,3.1017
0.7306,6.0,4.6383,0.8701,1177.0,2.3171,33.65,-117.77,1.0871
5.0655,12.0,6.9868,1.0532,2585.0,3.6578,38.44,-121.37,2.8046
4.1644,11.0,6.5458,1.2302,3365.0,3.4127,41.99,-118.53,2.4623
1.9939,50.0,5.5465,1.0844,1796.0,3.219,33.67,-117.08,2.0704
1.3146,21.0,6.6227,1.0541,511.0,3.5567,37.0,-119.67,1.0255
2.1273,45.0,5.2615,1.3859,168.0,3.0465,41.28,-121.77,2.5405
1.753,29.0,5.9069,0.9395,932.0,3.1366,41.4,-122.16,0.9979
2.4865,26.0,7.3821,1.285,836.0,1.7577,32.78,-117.25,2.8387
2.2914,48.0,5.1041,1.2532,535.0,4.1545,40.18,-115.38,0.6216
1.9931,36.0,4.4804,1.0662,1758.0,2.642,34.77,-114.5,1.1733
0.7023,13.0,5.9644,1.0951,1855.0,2.0102,39.59,-116.27,0.573
1.1639,15.0,6.2883,1.0945,1533.0,2.5965,35.87,-118.27,0.3335
5.8354,34.0,5.5325,1.1273,4581.0,2.6288,34.64,-115.66,3.0175
2.0367,1.0,6.6041,1.0108,363.0,2.359,36.97,-120.4,1.5277
2.5207,8.0,5.1585,1.0358,979.0,3.6221,34.17,-115.48,1.9735
2.2025,4.0,5.5531,1.0467,1216.0,3.7794,36.53,-120.0,1.2649
7.129,37.0,5.8495,1.0515,878.0,1.4326,36.25,-118.35,3.901
1.7211,23.0,5.7448,1.0534,787.0,2.5882,41.65,-122.6,2.017
1.6276,1.0,7.3359,0.8,2076.0,2.6455,37.65,-119.33,1.1712
4.2241,38.0,5.8435,1.1146,673.0,2.8623,39.12,-120.89,2.7039
3.4088,34.0,5.0353,1.0209,570.0,4.3651,34.16,-120.63,2.7273
4.2999,37.0,6.0336,0.82,1845.0,2.3491,41.97,-118.32,2.2958
4.1274,9.0,6.6106,1.0475,1809.0,4.2499,37.23,-115.48,1.4073
5.3918,45.0,6.3291,1.0429,310.0,2.883,33.21,-116.04,3.6485
1.0447,10.0,6.2626,1.2913,2613.0,4.2574,38.29,-120.81,0.4208
3.9681,30.0,3.6023,1.0191,4079.0,2.7512,35.52,-116.96,2.1204
1.6358,29.0,2.409,1.2002,221.0,2.6575,35.29,-118.82,0.3803
0.5147,12.0,6.9303,1.3074,2090.0,2.9819,35.51,-120.82,0.9763
4.1093,20.0,5.9266,1.0058,1472.0,4.0338,36.78,-115.22,1.7249
3.9573,3.0,5.3741,1.0929,1363.0,3.1267,35.23,-122.69,2.4354
2.9662,25.0,6.2332,1.3593,2723.0,3.1674,39.9,-116.25,1.6175
5.4509,35.0,7.7128,1.1343,1450.0,3.5094,34.2,-122.18,3.6926
1.6461,16.0,7.0962,1.1561,1407.0,2.2962,33.85,-115.38,1.6991
4.5444,28.0,6.5547,1.0389,838.0,3.2694,33.49,-117.09,2.6713
2.681,49.0,4.3359,1.2031,2814.0,2.4975,36.4,-119.65,1.7278
2.8253,12.0,4.4919,1.0941,297.0,4.177,33.57,-123.53,1.9958
0.5937,15.0,2.5363,0.8252,2363.0,3.3349,32.74,-122.5,1.336
5.4855,7.0,6.1602,1.0467,645.0,3.5542,35.3,-122.65,2.6831
3.8589,28.0,6.7304,0.9225,1180.0,1.3685,41.81,-116.68,2.5437
4.4345,11.0,6.8282,1.1168,517.0,3.5654,32.6,-118.08,1.9768
1.4749,44.0,6.2105,0.9625,917.0,2.858,33.11,-122.12,1.7183
3.5731,15.0,5.2151,1.1717,596.0,1.8503,38.04,-120.62,3.0685
2.6771,34.0,4.7229,1.1067,991.0,3.076,37.23,-121.21,1.9135
3.9904,10.0,4.4096,0.9128,2479.0,1.7854,33.49,-117.78,2.2612
3.4663,17.0,5.2039,1.0261,820.0,3.4888,41.0,-121.0,2.1317
7.9766,9.0,4.2266,1.1931,1745.0,4.1472,38.91,-116.61,3.6891
6.5145,29.0,7.5071,1.2722,747.0,1.5675,37.2,-117.35,3.7234
2.4686,2.0,3.8372,0.9646,595.0,2.976,37.67,-121.87,1.3293
4.1062,5.0,5.1635,0.9354,1253.0,2.8681,40.06,-121.06,2.1782
2.3258,26.0,3.0765,1.3926,100.0,1.4083,33.43,-118.81,2.0223
5.3609,28.0,5.7559,1.0985,782.0,3.7332,41.37,-115.22,2.7517
2.7553,17.0,5.3971,1.1137,2866.0,3.5006,33.57,-123.19,2.36
2.1029,23.0,4.9719,0.9891,1670.0,4.6209,36.86,-120.71,1.1446
3.5408,22.0,4.2807,1.1323,1200.0,3.3969,34.85,-118.31,1.6489
6.2087,39.0,5.403,1.3573,1116.0,2.2968,38.82,-121.05,3.6463
5.619,23.0,4.7466,1.1382,2479.0,3.4115,40.48,-121.4,3.6379
2.1912,44.0,5.2358,1.2597,751.0,4.0278,38.36,-119.98,1.3868
7.5561,12.0,7.7489,1.1043,952.0,2.6281,34.63,-122.37,5.0
1.5443,11.0,5.6066,0.9461,101.0,3.6819,39.9,-118.27,0.7462
1.922,21.0,6.0394,0.9975,1123.0,1.1161,41.46,-115.52,0.9235
5.2215,5.0,4.8426,0.9323,1740.0,4.1801,34.03,-115.19,2.8458
0.5183,35.0,4.4587,1.1327,806.0,3.6403,34.91,-119.59,1.0473
3.0539,20.0,5.3725,1.2836,1570.0,1.0,37.53,-121.37,2.5464
2.4612,19.0,8.4047,1.1242,948.0,3.3061,39.53,-120.48,1.9027
7.8232,28.0,5.0551,1.0538,1623.0,1.4108,33.71,-122.02,4.7784
1.3335,5.0,5.8337,0.9816,1321.0,2.5111,32.98,-118.31,1.2603
1.4534,20.0,4.4059,1.1533,648.0,3.5431,37.89,-122.95,0.4925
8.4743,50.0,2.0937,0.9143,968.0,2.8912,40.07,-121.12,4.9681
2.4812,33.0,4.4522,0.9299,1126.0,4.0053,35.33,-122.59,1.6937
6.0615,30.0,8.2569,1.235,1106.0,3.051,38.04,-122.25,3.9145
2.2093,26.0,6.1145,1.0583,3389.0,2.97,40.13,-117.59,1.2303
1.8648,24.0,7.3691,1.0554,1081.0,3.8788,32.77,-114.37,1.6181
6.2459,48.0,4.9827,1.0746,2905.0,2.7299,35.69,-117.55,3.8266
9.7159,48.0,2.5718,1.2089,494.0,2.9799,35.38,-121.86,5.0
6.5392,21.0,4.0695,1.1248,1582.0,3.0853,39.37,-120.22,3.8115
2.1092,48.0,5.8764,0.9885,2086.0,2.946,38.83,-118.02,0.9826
2.9648,5.0,5.6851,0.9939,301.0,3.9282,40.35,-115.63,0.8827
1.5048,17.0,5.3875,1.0707,1775.0,2.4666,37.71,-117.16,1.3192
1.7062,16.0,4.7637,1.1453,146.0,2.3358,34.66,-122.85,1.3091
1.6416,36.0,6.5277,1.0947,726.0,2.1507,36.61,-118.26,1.4552
2.2473,31.0,4.7984,1.0813,1235.0,1.2865,36.26,-122.33,2.1914
3.2889,25.0,5.7694,1.1069,3431.0,4.187,38.84,-120.56,2.1584
3.0466,14.0,5.6344,1.0946,1781.0,2.2794,41.56,-114.65,1.3488
4.7623,26.0,4.9578,0.9829,706.0,2.8091,36.85,-115.38,2.8479
3.4032,14.0,4.3424,1.2661,2442.0,4.2464,38.57,-121.73,1.7637
4.4819,26.0,4.8872,1.0277,387.0,2.8865,34.19,-117.01,3.0656
4.9323,18.0,7.6483,1.1194,197.0,3.4115,37.96,-121.0,2.7563
2.1363,46.0,6.7349,0.8,1565.0,1.8635,39.42,-124.22,2.8767
2.717,39.0,6.6245,1.0677,789.0,4.1187,39.76,-115.8,2.1308
15.0,9.0,4.4562,0.9351,1272.0,2.9027,41.75,-116.08,5.0
2.0111,48.0,3.6748,0.9531,379.0,2.1854,41.88,-121.36,2.6448
4.6432,34.0,6.7158,1.4633,2622.0,2.1848,37.4,-116.58,2.6177
1.1064,18.0,6.4857,1.1374,2449.0,4.352,40.68,-123.99,0.8707
5.0208,28.0,5.5647,1.2839,294.0,2.5311,39.5,-118.9,2.279
1.7771,10.0,4.9554,1.2283,482.0,2.2027,37.48,-114.48,1.2282
3.1201,3.0,3.6433,1.2475,2923.0,2.6535,32.79,-116.42,2.0298
0.9554,22.0,6.4409,1.0701,779.0,3.0363,41.78,-118.54,0.8236
2.9135,40.0,6.8234,1.341,398.0,3.1215,41.67,-120.64,1.9818
2.9542,18.0,4.5851,1.227,1389.0,3.3555,37.42,-116.95,1.6715
2.6475,20.0,4.4849,1.1062,823.0,3.1878,35.77,-114.55,1.3298
4.0151,51.0,6.8893,1.1395,382.0,3.5177,33.56,-122.38,3.1396
5.9235,51.0,4.6298,1.0795,3511.0,2.7818,33.02,-123.8,4.2326
1.4481,24.0,7.5349,1.1078,191.0,4.6577,40.13,-120.53,1.221
2.6923,3.0,5.2691,1.0935,1038.0,2.6092,36.39,-119.13,0.8816
1.0152,35.0,4.9361,1.1572,2122.0,4.0819,37.85,-121.85,0.9571
0.6468,37.0,5.4541,1.361,2748.0,2.5208,35.36,-118.13,1.133
3.3745,47.0,4.936,0.9192,1807.0,1.8578,38.33,-121.24,2.6846
1.3616,49.0,6.7515,1.2714,2215.0,1.6663,39.71,-114.48,0.8651
3.0274,33.0,6.463,1.0448,1969.0,3.2432,40.98,-121.65,2.4549
3.464,6.0,6.7057,1.2904,1234.0,3.9296,37.21,-116.27,1.5543
0.7573,13.0,5.6214,1.05,581.0,2.0792,35.35,-114.65,0.403
3.8121,37.0,4.8524,1.1619,862.0,2.298,33.23,-119.3,2.5633
5.7492,31.0,5.3891,1.0762,452.0,3.3089,40.61,-122.31,3.3559
4.3784,23.0,4.8892,0.8404,1316.0,2.998,40.61,-115.4,1.49
1.4754,21.0,7.1599,1.3608,572.0,2.5315,35.86,-120.28,1.6823
2.8993,37.0,6.6027,0.9586,1063.0,1.9766,34.47,-118.86,2.8426
3.1207,22.0,5.2902,1.1126,974.0,3.2473,38.9,-123.81,2.4051
2.7275,8.0,4.2882,0.9421,1491.0,3.5223,39.69,-120.82,2.103
1.0606,50.0,7.249,0.8994,1060.0,3.3934,39.36,-118.74,0.9084
1.6616,18.0,5.564,1.0693,1137.0,3.0212,33.18,-117.37,1.9339
2.5639,15.0,5.2438,1.011,336.0,2.1554,41.85,-114.79,1.6337
3.4321,4.0,7.2596,0.9247,708.0,3.2516,37.67,-118.47,1.3546
2.0017,24.0,4.7881,1.0947,100.0,3.1919,38.28,-121.59,1.8091
0.5785,51.0,5.0173,0.8777,1749.0,1.9494,32.93,-118.73,1.8157
2.0922,9.0,5.1231,1.1188,927.0,2.7581,32.61,-123.59,2.6146
7.9694,13.0,3.8201,1.0809,825.0,3.2931,33.7,-122.82,4.9046
3.829,10.0,5.7789,0.8,1346.0,2.9374,36.21,-120.78,2.0614
3.368,5.0,4.4852,1.0215,1202.0,1.4316,41.48,-124.08,2.3688
1.6424,31.0,4.7151,1.1703,1325.0,2.4877,39.42,-123.55,1.7985
2.1624,16.0,4.5547,0.9405,1498.0,2.4345,41.99,-124.23,1.8141
0.5373,39.0,4.6955,1.1768,1041.0,3.4474,38.96,-122.48,1.0637
1.5585,21.0,4.3933,1.1649,444.0,5.0787,33.45,-116.04,1.8467
3.7054,33.0,5.6967,0.9473,377.0,3.1072,39.1,-120.79,2.282
3.3845,5.0,5.2133,1.0982,660.0,2.0416,38.59,-115.28,2.3628
1.8655,17.0,5.4576,1.2237,3203.0,2.8716,40.92,-115.45,0.6672
2.7259,22.0,8.2245,0.9685,1162.0,3.0085,37.67,-115.67,1.4886
3.048,4.0,5.2133,1.0691,1639.0,3.6053,34.83,-122.18,2.0592
1.94,22.0,6.1259,1.2725,850.0,3.9937,39.46,-120.88,1.1338
3.972,24.0,6.2625,0.9714,983.0,4.1128,39.66,-119.62,1.7073
3.344,21.0,5.3246,1.1689,586.0,3.4298,37.38,-119.98,1.9357
2.2193,26.0,5.7286,0.9381,1690.0,2.9994,33.4,-123.5,1.7039
1.1212,41.0,5.4248,1.0759,918.0,4.1867,36.43,-121.91,1.7301
2.1061,40.0,5.6431,1.167,1811.0,2.722,40.48,-118.1,2.0866
2.0058,1.0,4.6962,0.8,114.0,3.0436,35.38,-117.53,1.5243
1.8625,33.0,4.8069,1.0199,1875.0,2.8053,39.45,-120.65,1.8675
0.7866,47.0,5.4203,1.1644,507.0,1.295,34.91,-121.33,1.5588
6.705,45.0,3.0337,1.1339,591.0,4.0174,35.62,-118.44,3.1873
6.5059,17.0,7.1953,1.0216,2190.0,3.5404,35.7,-117.67,3.1499
2.6594,40.0,7.993,0.9343,2403.0,1.104,33.79,-117.19,2.6366
3.4215,41.0,5.6044,1.1943,1237.0,3.8014,35.84,-116.19,1.8378
3.9279,19.0,6.1986,1.0516,2291.0,2.7573,39.37,-118.46,2.6425
2.6883,45.0,6.6973,1.1818,711.0,3.7908,36.31,-120.51,2.0482
3.581,33.0,3.8104,1.157,822.0,3.0606,35.35,-120.82,2.9202
4.2875,39.0,6.5139,1.0329,2797.0,1.9141,39.16,-123.96,3.0469
3.2629,39.0,4.8883,1.2609,165.0,3.0211,37.4,-120.14,2.3963
4.7684,40.0,8.1489,1.0109,1666.0,2.2812,36.64,-115.61,2.9848
1.8165,49.0,5.1741,1.2786,1026.0,2.0217,40.06,-118.02,1.8279
2.8973,44.0,6.4898,1.2982,1366.0,3.6936,36.13,-118.37,1.77
12.5795,22.0,5.1859,1.2575,1215.0,3.3132,37.67,-122.06,5.0
5.4684,29.0,8.036,1.0729,1346.0,4.1981,32.8,-118.34,3.4164
3.3118,34.0,4.7852,1.4821,1009.0,2.6845,35.72,-122.5,2.9706
1.4509,44.0,6.7981,1.1228,1330.0,2.2297,34.75,-120.89,1.8639
2.9974,21.0,6.152,1.1362,1651.0,3.511,40.91,-118.46,1.334
5.2442,16.0,5.8852,1.0967,860.0,2.3331,32.7,-123.85,3.3251
4.5905,38.0,5.6748,0.9305,1032.0,2.7518,39.15,-121.19,3.8135
0.6256,49.0,4.5996,1.2943,1293.0,3.4201,39.68,-123.41,0.6718
0.8132,47.0,2.2967,1.0141,2304.0,2.8992,35.66,-122.66,1.0001
0.8468,8.0,6.6893,1.2379,257.0,2.609,34.94,-120.78,1.1032
3.968,47.0,4.8134,1.2739,479.0,1.8779,34.07,-117.37,2.8299
0.8569,41.0,6.8035,1.1905,3577.0,3.7495,35.13,-121.63,1.6121
1.402,9.0,5.822,0.9962,1520.0,2.7053,41.18,-124.1,1.5635
2.6223,1.0,6.8403,1.0488,1482.0,3.4945,32.91,-120.31,1.9389
5.7869,11.0,6.3623,0.8,4829.0,3.3888,36.84,-122.09,3.6077
4.0894,48.0,2.4424,1.0825,1464.0,3.873,35.01,-116.52,1.8753
2.4102,39.0,6.1379,1.2204,776.0,2.8115,39.11,-116.08,1.4233
4.8533,30.0,4.9876,1.0644,100.0,2.7218,35.67,-117.59,3.1402
9.3823,33.0,6.798,1.0115,988.0,2.1134,35.79,-118.17,4.1986
3.0153,22.0,6.1094,1.0553,1179.0,2.5659,33.05,-116.99,2.3892
1.0675,47.0,6.1236,1.2823,2064.0,3.2729,41.15,-120.54,2.0928
1.4407,8.0,5.0733,1.0918,2141.0,2.3464,37.46,-117.79,0.15
1.4301,17.0,4.3049,1.3787,1700.0,3.2526,33.16,-120.1,1.6847
1.689,11.0,4.8805,1.0144,2366.0,4.1738,39.64,-120.0,1.5446
2.2935,44.0,3.2401,1.1326,1336.0,2.6438,39.91,-116.41,1.565
3.498,28.0,4.6916,1.035,268.0,1.9485,36.88,-116.39,2.1275
0.9349,35.0,3.643,1.4112,932.0,2.6693,41.8,-120.3,1.4509
1.0879,47.0,3.6747,1.127,938.0,1.8619,34.65,-114.93,1.4246
4.2633,10.0,5.5398,1.4192,1247.0,4.0674,40.52,-118.88,1.6292
2.0126,50.0,6.0409,1.037,2424.0,3.0679,40.54,-119.43,1.8741
1.5495,7.0,5.3618,1.3291,1104.0,2.4172,37.45,-119.28,1.0687
2.4785,39.0,4.8015,1.1177,1124.0,2.5521,37.63,-116.51,1.3211
6.4085,36.0,4.2631,1.2255,5244.0,2.0543,33.57,-114.62,3.7377
4.6378,43.0,5.0194,0.917,514.0,3.8089,33.77,-117.4,2.4983
4.4395,9.0,4.4133,1.1523,1427.0,4.4698,36.52,-120.89,2.3652
7.7859,49.0,5.3246,0.9396,722.0,1.8047,41.22,-119.13,4.3656
3.6067,41.0,3.5742,1.1386,1534.0,3.8346,34.54,-121.23,2.4774
8.2185,6.0,6.2416,0.8722,2627.0,2.8033,37.01,-117.76,3.9206
8.6174,29.0,4.7196,1.0859,1902.0,4.014,33.11,-114.31,4.5063
0.9604,42.0,5.8515,1.2643,1407.0,1.5329,35.34,-115.65,1.5612
0.7447,25.0,6.4647,1.1821,1140.0,3.1803,36.03,-119.57,0.7203
1.3573,20.0,5.7934,0.9149,2368.0,2.6737,41.65,-120.88,1.6705
6.0224,15.0,6.359,0.8152,1985.0,3.5273,34.33,-119.77,2.8574
2.5137,27.0,2.92,1.1745,1151.0,3.0489,33.46,-121.14,1.8918
2.3013,51.0,4.8086,1.3372,4867.0,3.0178,33.01,-114.38,2.2524
4.9355,31.0,6.7237,0.9554,639.0,2.9152,37.46,-122.28,3.2816
1.9393,37.0,6.0111,1.4146,4621.0,4.2498,37.43,-116.2,1.1444
3.3093,40.0,7.6182,1.099,2432.0,2.86,34.36,-120.16,3.2166
4.262,40.0,7.4453,0.8062,384.0,3.6914,34.85,-117.78,2.4737
1.456,21.0,5.7595,0.8659,696.0,3.5028,35.53,-115.07,0.2362
1.2062,40.0,5.0976,1.2155,1415.0,3.711,32.59,-118.38,2.3451
3.004,17.0,4.2499,1.1194,297.0,2.1882,40.26,-118.13,1.2819
3.2646,30.0,4.829,1.3223,2022.0,3.5657,39.84,-123.94,1.8622
4.6983,16.0,4.9101,0.9203,1110.0,3.2695,35.54,-123.01,3.0754
1.3305,48.0,4.6881,1.1178,2084.0,2.0484,37.96,-118.89,1.4282
1.7282,38.0,4.298,1.101,1900.0,2.8301,35.62,-120.59,1.4746
8.5656,30.0,5.8819,1.0785,973.0,4.8354,32.75,-118.21,4.1855
5.3921,24.0,7.436,1.0426,711.0,2.6866,38.1,-120.46,2.8903
2.6779,27.0,6.5199,1.0456,138.0,2.7059,39.36,-122.55,1.7931
5.9328,40.0,5.0131,1.1262,4760.0,3.3606,35.67,-116.33,3.3442
1.3345,14.0,6.6168,1.1454,1811.0,2.5673,34.79,-115.85,0.8014
2.469,43.0,5.816,1.1379,431.0,3.1124,35.01,-114.62,1.3285
3.2463,15.0,5.3512,1.2809,1107.0,2.6409,35.82,-122.29,1.8883
2.2766,8.0,5.2763,0.9198,2351.0,3.3219,36.94,-121.19,1.5051
2.3337,38.0,5.1601,0.8282,1227.0,2.9505,39.67,-121.49,1.7346
4.5502,37.0,6.1813,1.2525,335.0,4.5616,34.39,-115.0,2.6867
5.4392,18.0,5.5676,0.9585,1976.0,3.0368,39.21,-118.33,2.7781
2.1084,34.0,4.5259,1.0431,337.0,2.8219,41.66,-115.08,1.2925
1.0059,38.0,4.4678,1.0082,2175.0,3.8235,34.21,-115.4,1.0934
0.836,41.0,5.7671,1.005,1567.0,1.8871,37.32,-121.85,1.3315
0.5,49.0,5.9144,0.8813,1136.0,4.3534,35.93,-120.02,1.6505
7.7064,44.0,5.0242,1.0146,1099.0,2.2092,38.2,-120.16,5.0
4.5623,23.0,4.0416,1.1974,935.0,3.954,40.87,-119.43,2.196
3.9445,12.0,6.9012,1.0994,1806.0,4.1653,40.92,-114.32,2.0676
1.9152,5.0,6.6463,1.1757,411.0,2.5794,36.71,-122.56,1.1814
1.9071,30.0,3.0151,1.0256,754.0,2.6562,39.69,-116.58,1.1163
5.5504,34.0,7.0075,1.2354,3002.0,2.9127,37.36,-122.02,3.4999
0.7479,36.0,5.1492,1.0237,4419.0,3.4972,39.83,-116.91,0.15
2.1741,1.0,5.628,0.8,1023.0,2.2016,40.9,-122.27,1.8779
6.0513,36.0,6.7659,1.1475,1300.0,2.9126,39.26,-119.03,2.9744
2.1713,41.0,7.383,1.2151,480.0,2.7493,33.08,-117.62,1.762
4.4151,37.0,6.6034,1.0161,627.0,2.079,34.83,-119.98,2.7544
2.752,27.0,5.6892,1.2799,148.0,2.164,39.96,-114.64,2.2739
0.5,1.0,3.7492,0.9724,262.0,3.1026,32.69,-117.24,0.722
2.6728,25.0,2.9685,1.2006,842.0,3.0884,37.42,-122.73,2.0209
3.0447,33.0,6.4538,1.3617,2242.0,2.3888,38.3,-120.58,2.5043
2.5319,30.0,7.0104,1.1055,1139.0,3.0634,40.29,-121.16,2.0881
1.1597,30.0,4.4224,1.066,2905.0,2.4824,40.16,-121.34,1.1143
2.5516,27.0,5.0763,1.0841,760.0,4.0457,33.2,-122.18,2.3686
0.5174,29.0,4.7313,1.3442,2547.0,2.9176,38.96,-122.44,1.1867
2.1552,17.0,4.6993,1.1604,5350.0,3.878,40.01,-115.6,0.1661
4.6417,31.0,6.69,1.4216,1537.0,1.6458,33.5,-114.41,3.5086
7.4476,15.0,5.662,1.1419,137.0,3.2582,37.11,-122.7,3.3062
6.7002,26.0,5.125,1.0019,133.0,3.4769,38.67,-116.39,3.252
1.3066,22.0,8.589,1.0125,279.0,2.8897,35.75,-122.02,1.9823
0.8691,37.0,3.6787,1.1092,595.0,2.5689,36.02,-119.08,0.9119
3.2469,46.0,6.0575,0.8,2137.0,2.8769,33.48,-122.33,2.6392
2.9125,33.0,4.1412,1.0288,818.0,3.594,39.86,-121.59,2.2587
4.2085,7.0,5.2111,1.0321,2544.0,2.0316,34.75,-120.19,3.0417
1.7984,35.0,5.5784,1.136,696.0,3.5604,36.63,-117.25,0.8648
2.9734,17.0,6.4135,1.3913,5224.0,3.2547,37.41,-119.56,0.767
2.8659,3.0,5.0866,1.1082,3017.0,2.7914,33.33,-116.2,2.3366
2.2089,10.0,4.9597,0.8116,770.0,2.8255,36.6,-123.33,1.9221
0.6999,51.0,5.0651,0.9629,531.0,3.0495,33.95,-118.58,1.6845
4.5984,22.0,4.1041,1.1393,3043.0,4.3269,34.71,-123.23,1.8984
3.2619,11.0,6.1588,1.1139,419.0,3.2784,35.88,-123.12,2.2426
4.8035,7.0,5.7376,1.3437,721.0,2.2458,37.15,-121.21,3.1411
5.5475,34.0,5.9222,1.244,412.0,2.6518,36.62,-123.25,4.1133
2.6969,39.0,5.3165,1.2395,1377.0,2.0843,33.18,-116.55,2.2959
4.617,19.0,5.1685,1.0674,2665.0,1.4882,35.83,-119.23,2.6029
7.5553,6.0,6.8107,1.2649,794.0,2.0703,32.87,-117.85,3.3175
9.0681,19.0,6.6261,0.9656,2293.0,3.0961,34.88,-123.74,4.9436
3.5297,34.0,7.0978,1.2452,1451.0,4.0192,33.31,-122.05,3.16
3.7136,6.0,5.8471,1.0576,400.0,3.7966,34.09,-119.07,2.3205
3.4904,14.0,7.0232,0.8828,742.0,2.0758,37.27,-123.48,2.7787
4.113,1.0,4.9007,1.189,263.0,2.3619,41.31,-122.69,2.1096
5.397,25.0,5.159,1.3096,3661.0,2.2491,34.35,-124.08,3.6562
3.4419,9.0,6.8341,1.039,1274.0,1.0,39.44,-115.19,1.9776
8.7494,11.0,6.4121,1.3344,1124.0,2.8659,32.92,-119.99,4.8898
7.9987,6.0,5.0515,0.8516,1250.0,3.6426,35.69,-123.85,4.2787
3.0392,38.0,4.1445,0.9205,518.0,2.7981,36.31,-119.7,2.0069
3.0268,25.0,5.1552,1.078,825.0,1.9857,33.53,-115.42,2.4693
2.0906,49.0,4.5782,1.0444,1526.0,2.3239,38.55,-122.4,2.3019
4.2577,21.0,7.4694,0.9999,196.0,2.7369,33.88,-121.92,3.0613
2.3498,12.0,6.312,1.1201,100.0,3.6162,40.11,-114.48,1.6913
2.0203,11.0,4.4809,1.0207,683.0,2.8537,38.12,-115.76,0.9839
4.1977,49.0,4.146,1.0462,590.0,3.5079,39.54,-118.81,2.5581
1.2492,31.0,4.466,1.1418,2786.0,2.9349,34.06,-122.44,1.737
5.4561,17.0,4.7294,0.9999,517.0,3.1894,35.51,-122.1,3.3431
4.3072,34.0,5.2,1.0841,1553.0,2.2479,39.2,-115.69,2.449
7.7433,29.0,6.7375,1.0032,588.0,2.4513,36.81,-117.54,4.5905
3.572,6.0,4.2402,0.9192,1484.0,1.9954,38.51,-120.79,2.2135
4.741,36.0,8.1474,1.2146,1292.0,3.4813,36.43,-124.04,3.2921
0.5,7.0,4.268,1.3562,3280.0,2.7671,38.89,-122.94,0.6436
5.1393,11.0,3.7091,1.2597,472.0,1.0,38.59,-117.01,2.6072
6.3726,37.0,7.426,1.1498,474.0,3.3849,35.35,-117.81,3.2466
3.313,23.0,6.9855,1.0038,5797.0,3.7793,40.88,-120.71,2.2633
2.079,12.0,5.1812,1.057,2597.0,2.3506,39.46,-118.38,1.0069
3.6272,4.0,5.8576,1.2586,732.0,3.3842,33.15,-116.75,1.9811
5.4522,31.0,5.8879,0.8,498.0,2.8322,32.86,-117.86,3.3861
5.9098,36.0,5.5641,1.0455,435.0,1.3057,39.3,-121.9,3.8691
0.7061,11.0,3.8442,1.2101,2517.0,4.5624,38.5,-114.78,0.3084
13.7865,22.0,2.4216,0.9293,629.0,2.837,41.28,-124.06,5.0
2.0282,18.0,4.3863,1.1635,532.0,3.1611,38.92,-118.74,0.7168
4.7933,46.0,7.5794,1.1565,519.0,2.5003,34.48,-122.07,3.9169
6.8217,41.0,7.6265,0.8819,1734.0,2.7636,32.9,-117.22,4.3901
2.8503,14.0,5.0858,1.113,921.0,3.1293,37.56,-118.68,1.8338
6.0561,27.0,4.2504,1.0074,2577.0,2.166,37.21,-122.34,3.5802
0.7002,48.0,5.7337,1.1624,4199.0,4.3552,41.41,-119.24,0.6203
6.1955,18.0,5.9268,1.2005,1294.0,3.6705,39.23,-119.1,2.7734
5.7283,8.0,6.1209,1.1598,1401.0,3.4135,41.05,-120.1,3.0663
3.93,16.0,2.3676,1.1109,879.0,2.8866,39.69,-123.88,2.3504
5.4631,31.0,9.1893,1.1433,1251.0,2.391,38.78,-122.23,3.0958
8.1331,51.0,6.759,0.9236,147.0,3.8241,37.85,-114.61,3.5006
6.9552,16.0,5.1626,1.0954,1503.0,3.4886,38.01,-122.42,3.3987
2.9669,3.0,4.5378,0.9805,2188.0,2.6805,37.32,-119.71,1.3739
3.6042,10.0,6.5848,1.2547,406.0,2.1324,40.47,-121.36,2.4538
2.6267,22.0,5.9945,1.2025,3717.0,1.7393,34.73,-116.73,1.5828
2.3939,5.0,5.5106,1.2021,696.0,3.0229,41.19,-118.52,1.1342
5.1202,2.0,5.95,1.357,3054.0,2.8009,37.82,-117.15,2.4124
2.6066,34.0,5.2647,1.0505,1851.0,3.9485,36.66,-117.93,2.0641
5.1128,43.0,5.8822,1.0176,360.0,3.7938,34.5,-119.26,2.6537
2.848,12.0,6.2716,1.047,2474.0,3.0311,35.12,-114.69,0.9689
3.1418,27.0,5.812,0.8597,1133.0,2.9351,38.05,-117.27,1.5799
1.6354,30.0,5.7491,0.8715,1617.0,2.0783,33.94,-117.41,2.4829
5.0284,35.0,7.0714,1.1932,898.0,3.8488,32.53,-117.4,3.598
0.661,50.0,3.4835,0.8907,1015.0,2.9546,34.96,-119.63,1.333
6.3415,46.0,4.4425,0.9388,200.0,3.4842,35.39,-117.87,3.5272
10.8428,17.0,5.4319,1.0847,1711.0,3.9414,41.44,-118.25,5.0
3.2162,50.0,4.5242,1.0382,1111.0,2.5475,38.03,-115.42,2.0755
3.1199,2.0,4.9248,1.2328,1410.0,2.3377,36.35,-114.51,1.8858
0.8828,50.0,6.9453,1.1091,1651.0,4.975,41.84,-119.47,1.1806
2.1228,8.0,5.2212,0.9802,1560.0,3.4756,35.99,-118.29,1.3662
5.5005,6.0,3.2049,1.2457,1764.0,2.7771,41.6,-121.4,2.7202
5.9971,7.0,4.892,1.2093,194.0,3.9919,41.44,-115.85,2.4882
3.4958,7.0,5.4697,0.8884,918.0,2.7534,39.05,-117.19,1.524
5.2968,24.0,5.4476,1.1378,353.0,3.2604,37.49,-115.06,2.9815
1.6609,33.0,6.0672,0.9927,100.0,2.5454,40.31,-118.25,1.4392
4.0459,38.0,5.9693,0.9888,1595.0,2.9864,35.58,-117.21,2.4639
7.3641,1.0,5.2334,1.3804,4144.0,2.7807,35.99,-123.35,3.8939
4.5654,16.0,3.9684,1.1186,100.0,2.3985,34.47,-118.23,2.3348
8.0558,7.0,4.8706,1.0674,1719.0,3.1943,34.93,-120.53,4.2944
8.2076,8.0,4.6527,1.1127,835.0,2.4891,33.8,-119.22,4.0736
4.2172,39.0,5.0579,1.2311,1021.0,3.4608,40.58,-121.03,2.5638
0.5,33.0,6.2294,0.9948,1677.0,2.7564,32.51,-121.43,1.4246
5.9187,11.0,5.8849,1.0204,1505.0,1.6239,36.53,-116.09,3.02
1.1501,16.0,6.3888,1.1985,897.0,3.4967,35.96,-118.72,0.7549
0.5,48.0,4.9391,0.8725,698.0,3.5101,36.18,-121.77,0.7714
0.5722,30.0,7.21,1.2486,1517.0,4.8028,40.52,-116.63,0.15
6.1817,13.0,6.2074,0.8592,103.0,3.0142,40.3,-123.55,3.2535
4.2393,48.0,5.5347,1.0631,1666.0,3.1467,38.8,-121.37,3.1801
3.5597,11.0,6.124,0.8602,838.0,3.3829,39.05,-120.94,2.3932
4.5055,15.0,4.5891,0.9416,2852.0,3.8158,40.13,-122.52,2.8419
0.6092,36.0,2.8695,1.2947,1093.0,3.7658,36.16,-115.87,0.6112
2.6185,27.0,4.672,1.2567,2752.0,3.255,36.78,-117.56,1.4052
1.8821,4.0,6.2969,1.2727,454.0,2.9736,34.82,-117.6,0.9795
3.3765,42.0,5.4963,0.8827,417.0,3.6741,34.76,-118.37,2.2625
3.4582,12.0,5.2358,0.9423,571.0,2.9403,41.38,-120.52,2.7245
4.3819,36.0,4.3826,1.151,3209.0,1.9687,39.73,-117.71,2.4036
4.8168,18.0,3.053,1.2073,1058.0,1.799,36.8,-116.94,2.4372
0.6401,39.0,7.1098,0.9801,673.0,2.7654,32.87,-118.92,1.4751
2.6439,46.0,5.1505,1.0132,1496.0,3.096,39.56,-119.59,1.7082
3.0748,40.0,4.8846,0.9303,601.0,4.9776,41.51,-122.06,1.8192
1.1224,47.0,4.594,1.3487,1483.0,2.904,41.3,-123.46,1.5477
1.0241,28.0,6.9054,1.0288,1052.0,3.0373,39.28,-123.89,1.0719
0.5756,4.0,6.4576,1.1047,651.0,2.6765,38.65,-117.16,0.7714
0.9015,28.0,4.2393,1.1125,1101.0,3.495,33.65,-120.81,2.191
5.2765,24.0,6.7975,1.2658,1103.0,3.2243,33.31,-117.22,3.0571
0.7489,37.0,5.2259,0.9571,2042.0,2.4893,35.02,-119.22,1.5717
0.8721,13.0,4.6673,1.2752,336.0,2.1908,37.86,-119.83,0.7492
3.2823,36.0,5.0477,0.9082,748.0,2.6781,41.18,-118.01,1.7657
4.0349,23.0,4.46,1.2749,1313.0,2.3253,40.78,-122.47,2.8513
3.0089,35.0,3.8149,0.8427,542.0,2.8151,35.41,-114.5,1.5143
1.3158,22.0,6.3314,1.0843,952.0,3.1132,35.98,-121.0,1.5947
1.0439,20.0,5.1352,1.3438,640.0,2.599,35.45,-116.61,0.9802
3.2203,11.0,6.1407,1.2046,808.0,4.1636,37.54,-121.82,1.7415
2.7828,43.0,5.7447,1.1632,421.0,3.9275,40.18,-119.62,1.5322
2.3023,4.0,6.0582,0.9427,4153.0,2.8164,39.94,-119.31,0.9082
5.1288,13.0,2.9448,0.9898,111.0,2.2287,40.92,-121.23,3.2957
2.6559,22.0,4.3599,1.3017,637.0,2.9762,37.46,-120.81,1.8423
0.9653,8.0,6.0832,1.1709,1088.0,2.893,38.75,-119.95,0.7981
2.3124,47.0,3.8702,1.2335,1079.0,2.9498,41.56,-115.94,1.6663
4.3371,18.0,5.8477,1.1111,2542.0,2.6816,38.92,-119.3,2.1781
2.5428,13.0,3.7312,1.0577,332.0,2.1605,34.09,-123.41,2.4888
4.2871,13.0,5.4197,1.215,208.0,3.0279,35.61,-122.13,2.69
4.8481,10.0,7.332,1.1389,718.0,2.7193,33.22,-114.44,2.9434
2.6623,34.0,6.3295,1.0745,1089.0,2.7905,33.55,-123.4,2.5681
2.9991,25.0,3.1791,0.8879,856.0,3.0752,37.17,-117.82,1.2816
2.4285,12.0,6.418,1.2431,2171.0,2.9445,39.52,-122.19,1.5394
4.3491,45.0,7.5867,1.166,378.0,3.0578,34.29,-119.98,2.9526
2.3742,34.0,8.7564,1.0091,659.0,2.6823,35.54,-120.73,2.0836
4.0744,21.0,5.9701,1.2769,1648.0,3.2881,35.7,-114.53,1.4807
3.4968,27.0,3.7627,1.1366,1103.0,2.4258,40.48,-118.79,2.2209
0.5684,34.0,5.9216,1.1395,2579.0,2.1296,34.25,-121.8,1.9581
4.222,8.0,7.3152,1.2326,1106.0,2.288,32.82,-118.26,2.4687
3.2817,42.0,5.1755,1.2003,327.0,2.4586,38.43,-123.59,2.1963
6.4995,14.0,6.6517,1.1441,2360.0,1.9698,37.51,-115.03,2.9951
1.1679,2.0,4.3925,1.0717,2175.0,1.6458,32.53,-120.86,1.2922
3.5352,27.0,5.8468,1.3975,1482.0,3.4028,39.76,-115.47,1.7965
2.1348,45.0,2.4125,0.9899,4661.0,4.0194,36.53,-116.21,1.3191
0.6358,38.0,4.2596,1.2119,1147.0,3.4462,37.7,-122.43,1.5128
0.5,16.0,5.3927,1.0874,1216.0,2.6135,38.87,-114.68,0.7838
7.3233,21.0,4.964,1.1682,2136.0,1.6269,32.99,-114.38,4.6195
3.5429,31.0,3.8393,1.285,1362.0,3.1536,34.14,-116.25,2.503
2.5991,12.0,4.8004,1.0533,1206.0,1.7142,36.9,-119.79,1.2556
0.818,42.0,5.7956,1.1903,203.0,2.9307,34.13,-117.57,2.1331
7.0552,16.0,5.2965,1.1398,289.0,2.3603,33.61,-123.49,4.1956
1.7368,12.0,5.4731,1.0038,288.0,1.1755,35.59,-115.09,0.7656
3.655,5.0,6.2784,1.2887,822.0,4.1844,36.55,-122.08,2.0701
3.1947,36.0,4.9882,1.2067,2666.0,1.9954,40.57,-117.13,1.5178
9.1366,2.0,7.031,1.0348,3619.0,2.7154,38.15,-116.28,4.0651
2.949,42.0,4.2129,1.2655,2915.0,2.8968,41.33,-114.6,1.726
2.0365,50.0,7.7136,0.9753,3003.0,2.6236,36.84,-116.06,1.8994
3.5788,6.0,6.7356,1.0957,487.0,3.3717,36.99,-116.12,2.0378
3.8398,5.0,4.9728,1.0356,1103.0,2.4072,35.46,-117.25,1.7974
13.0569,48.0,5.0528,1.2127,428.0,3.3055,33.27,-118.53,5.0
2.9146,7.0,5.6481,1.028,1437.0,3.2548,34.13,-123.88,2.5982
1.1347,21.0,6.1184,1.2138,829.0,1.8978,33.14,-114.57,1.2979
2.3028,45.0,6.7135,1.1892,211.0,3.1887,39.18,-119.81,1.6857
3.5735,8.0,3.7913,1.0437,1578.0,2.1568,35.82,-116.33,2.0387
4.0156,34.0,5.9249,1.3745,587.0,2.0675,32.8,-120.53,3.0262
0.7486,20.0,2.8602,0.9882,1014.0,3.2325,39.65,-119.74,0.5215
2.1056,23.0,5.1872,0.8886,704.0,2.6733,34.92,-119.68,1.3984
8.8099,48.0,7.1447,1.2284,1738.0,3.2984,40.99,-114.4,4.8901
1.4792,34.0,3.6989,0.8,1241.0,3.3054,40.32,-122.19,1.0841
5.2054,17.0,3.4809,1.3238,1092.0,1.8576,35.39,-119.28,2.629
2.3601,48.0,5.665,1.1153,2846.0,3.5925,34.74,-122.75,2.5155
3.0343,30.0,7.0649,0.886,745.0,3.228,41.93,-119.36,2.1315
0.8398,6.0,5.7905,0.9577,1508.0,2.5307,40.29,-118.84,0.5645
2.5277,21.0,3.1145,0.8549,769.0,2.8913,41.3,-122.93,1.8173
3.5441,13.0,3.3802,1.1574,5305.0,3.6153,32.66,-117.32,2.3306
2.9401,33.0,5.5173,0.901,2423.0,2.7443,38.18,-116.02,1.9976
2.6417,44.0,3.9849,1.1753,3479.0,4.6922,35.03,-116.14,1.9957
4.3634,2.0,5.564,1.0543,1215.0,4.1926,36.06,-117.01,2.235
1.0409,40.0,5.6352,1.0287,2495.0,3.0934,33.37,-122.89,1.4821
3.6555,47.0,4.8123,1.1764,389.0,2.8176,39.61,-118.09,1.7146
0.5,51.0,7.5777,1.1935,327.0,2.8523,37.49,-117.32,0.8554
6.1371,34.0,6.1086,1.2719,925.0,2.5195,40.02,-116.71,2.5815
2.7049,17.0,6.8539,1.0049,1407.0,3.1002,33.61,-117.21,2.4715
4.9857,8.0,6.5047,1.0955,2681.0,3.55,41.97,-118.01,1.764
0.5,49.0,5.2199,1.0047,1141.0,1.9204,35.81,-117.02,1.0096
4.5429,22.0,5.1667,1.1244,916.0,3.5142,41.54,-115.78,1.9433
1.6899,18.0,5.0429,0.9833,1992.0,3.7468,38.93,-118.61,0.4091
3.0482,38.0,6.2173,1.0364,3349.0,3.4577,33.53,-122.85,3.1552
4.5896,37.0,4.6196,1.0371,2090.0,2.896,39.93,-116.14,2.3278
2.857,42.0,7.47,1.144,1589.0,3.4245,37.83,-117.69,2.5071
4.2431,46.0,4.505,1.1004,2480.0,4.0394,34.29,-117.43,3.3102
2.3853,45.0,5.6574,1.1759,2347.0,2.9534,34.28,-121.36,2.6108
6.4405,9.0,5.1251,1.084,2096.0,3.0189,41.55,-122.8,2.6293
2.6997,9.0,4.859,1.013,2387.0,4.706,41.99,-116.49,1.0141
2.7381,11.0,8.0068,1.1287,1439.0,3.2458,37.97,-123.81,2.6553
2.7738,32.0,4.8731,0.9624,3821.0,2.1942,34.28,-120.28,2.8672
2.9908,30.0,5.0343,1.1854,335.0,3.6984,35.73,-119.21,1.6035
1.0855,44.0,4.603,1.0572,1795.0,3.3216,34.51,-124.13,1.2637
1.4418,44.0,5.4492,1.1307,628.0,2.4757,38.27,-118.33,1.6817
5.4562,42.0,5.2784,1.133,1333.0,2.1168,36.3,-123.1,3.613
4.9838,5.0,4.0569,1.3402,361.0,3.1909,36.09,-121.89,2.7551
4.7833,36.0,4.8908,1.1572,808.0,2.9519,40.11,-114.36,2.9937
3.9962,44.0,6.1316,1.111,903.0,2.0046,41.65,-118.7,2.9072
2.0693,51.0,6.6324,0.9961,1640.0,2.9292,34.37,-114.62,2.3274
1.9159,18.0,5.4288,1.2204,750.0,2.8788,36.44,-119.37,0.642
2.905,40.0,5.4708,1.0595,966.0,2.9501,37.6,-116.27,1.5232
5.9916,21.0,4.9668,0.8712,2056.0,3.3933,34.84,-123.92,3.043
3.4113,9.0,4.7971,1.0707,2723.0,1.5905,36.32,-121.39,2.2851
1.3852,18.0,4.2965,1.1287,870.0,2.1103,33.03,-121.47,2.4918
0.8985,13.0,3.532,0.9772,3024.0,2.6104,32.89,-123.6,2.3308
5.0829,47.0,4.5571,1.0823,1957.0,4.0609,39.97,-114.78,2.8179
7.1732,9.0,6.4849,1.0893,2995.0,4.8942,35.72,-119.25,3.2089
0.7135,7.0,4.8907,1.0916,1267.0,3.0039,39.22,-118.37,0.15
5.1902,30.0,4.9848,1.2852,951.0,3.0364,33.29,-119.1,3.0362
3.9355,30.0,4.9614,0.9033,1119.0,1.0453,38.87,-121.81,2.6618
1.6463,29.0,6.8936,1.4051,1608.0,3.7236,38.71,-115.06,0.896
3.4413,8.0,4.2859,1.0951,1246.0,3.3597,40.3,-117.61,1.826
