customer_id,tenure_months,age,monthly_charges,total_charges,contract_type,payment_method,region,signup_date,churn
CUST00001,22,40,79.58,1751.54,One year,Mailed check,West,2022-08-03,1
CUST00002,72,30,96.73,7345.5,Month-to-month,Credit card,East,2022-08-08,1
CUST00003,60,43,87.25,5078.43,Two year,Electronic check,North,2023-03-17,0
CUST00004,20,25,97.5,1924.71,One year,Mailed check,West,2021-10-12,0
CUST00005,1,27,62.24,62.28,Month-to-month,Credit card,North,2023-06-09,1
CUST00006,18,21,43.43,751.48,Two year,Credit card,West,2022-03-28,0
CUST00007,28,27,117.75,3263.42,One year,Mailed check,East,2022-01-02,0
CUST00008,44,61,26.83,1232.94,One year,Bank transfer,North,2022-04-06,0
CUST00009,58,31,29.34,1633.62,Month-to-month,Electronic check,North,2023-11-01,0
CUST00010,12,48,79.13,949.56,Month-to-month,Electronic check,West,2022-03-05,0
CUST00011,1,30,105.62,109.36,Month-to-month,Mailed check,South,2022-09-06,1
CUST00012,43,52,69.74,2875.2,Two year,Credit card,Central,2023-09-04,0
CUST00013,4,27,89.98,379.63,One year,Bank transfer,West,2021-01-21,0
CUST00014,24,42,18.0,433.57,Two year,Mailed check,West,2022-08-11,0
CUST00015,6,42,52.51,312.46,Month-to-month,Mailed check,South,2023-02-15,1
CUST00016,6,74,18.15,97.97,Month-to-month,Electronic check,West,2023-09-17,0
CUST00017,57,50,84.51,4727.08,One year,Mailed check,Central,2021-03-09,0
CUST00018,19,33,26.32,509.37,Month-to-month,Electronic check,North,2023-03-07,0
CUST00019,44,51,33.05,1581.1,Two year,Electronic check,South,2023-05-29,0
CUST00020,10,71,77.85,800.61,One year,Bank transfer,North,2022-01-20,1
CUST00021,15,19,91.55,1450.58,One year,Electronic check,South,2023-03-29,0
CUST00022,18,30,61.03,1032.13,Month-to-month,Electronic check,West,2022-06-25,1
CUST00023,42,38,79.25,3307.39,Two year,Bank transfer,East,2022-12-22,0
CUST00024,14,36,78.44,1165.19,Two year,Mailed check,East,2022-03-03,0
CUST00025,18,37,59.61,1025.35,One year,Mailed check,South,2021-07-14,0
CUST00026,18,23,37.63,710.03,Month-to-month,Electronic check,North,2023-06-27,0
CUST00027,21,61,79.12,1722.44,Month-to-month,Electronic check,South,2021-08-26,1
CUST00028,2,22,80.33,162.87,Month-to-month,Mailed check,Central,2021-07-25,0
CUST00029,10,39,87.35,859.14,Month-to-month,Bank transfer,East,2023-08-29,0
CUST00030,1,56,72.8,69.21,One year,Mailed check,South,2023-10-23,0
CUST00031,1,41,35.79,38.97,One year,Bank transfer,West,2022-10-30,0
CUST00032,72,28,82.26,6109.84,Two year,Bank transfer,North,2022-09-28,0
CUST00033,2,23,64.97,132.15,Month-to-month,Mailed check,South,2022-01-31,0
CUST00034,24,38,52.93,1244.1,Month-to-month,Mailed check,North,2022-11-01,0
CUST00035,10,31,57.63,577.39,Month-to-month,Mailed check,Central,2022-10-30,0
CUST00036,5,44,47.74,240.67,Month-to-month,Electronic check,West,2022-07-20,1
CUST00037,36,22,87.22,3202.7,Month-to-month,Bank transfer,East,2022-12-19,0
CUST00038,4,53,29.55,122.54,Month-to-month,Bank transfer,North,2022-08-31,0
CUST00039,45,43,40.16,1736.5,Month-to-month,Mailed check,North,2023-08-21,0
CUST00040,10,44,56.78,526.16,One year,Mailed check,East,2023-01-02,0
CUST00041,1,62,105.34,105.78,Month-to-month,Mailed check,South,2022-02-26,0
CUST00042,8,35,91.36,667.03,Two year,Bank transfer,Central,2022-12-19,0
CUST00043,23,31,23.98,542.61,One year,Credit card,West,2021-09-09,0
CUST00044,9,34,98.78,866.39,Month-to-month,Electronic check,South,2021-08-23,1
CUST00045,4,39,98.74,404.67,Two year,Mailed check,West,2023-06-25,0
CUST00046,9,40,35.65,352.66,Two year,Electronic check,Central,2022-09-30,0
CUST00047,3,30,18.0,48.75,Month-to-month,Mailed check,East,2021-02-28,0
CUST00048,45,18,63.19,3166.89,Month-to-month,Electronic check,East,2022-01-24,1
CUST00049,15,34,93.06,1379.63,One year,Mailed check,Central,2023-12-14,0
CUST00050,19,47,104.78,2025.44,Month-to-month,Mailed check,North,2022-11-29,1
CUST00051,67,43,43.23,2691.51,Month-to-month,Mailed check,Central,2023-08-10,0
CUST00052,5,58,108.8,571.11,Month-to-month,Mailed check,North,2022-08-23,0
CUST00053,4,69,18.0,72.15,One year,Credit card,East,2021-02-16,0
CUST00054,5,52,55.8,278.14,One year,Credit card,West,2021-07-16,0
CUST00055,61,61,54.57,3006.31,One year,Electronic check,East,2021-04-11,0
CUST00056,36,52,93.81,3389.62,One year,Mailed check,East,2023-03-16,0
CUST00057,72,65,97.46,7313.88,Month-to-month,Credit card,East,2023-04-09,0
CUST00058,2,67,88.86,175.62,One year,Bank transfer,North,2022-05-16,0
CUST00059,6,55,31.24,198.44,Month-to-month,Electronic check,North,2023-03-05,0
CUST00060,4,51,86.57,365.89,Month-to-month,Bank transfer,South,2022-08-27,0
CUST00061,29,39,77.73,2181.91,One year,Electronic check,East,2023-03-22,0
CUST00062,5,41,23.22,125.36,Month-to-month,Electronic check,South,2023-01-07,1
CUST00063,55,37,18.0,992.24,One year,Bank transfer,North,2022-05-14,0
CUST00064,9,50,90.95,820.59,One year,Bank transfer,Central,2022-12-16,0
CUST00065,48,31,60.5,2918.37,One year,Credit card,South,2021-12-15,0
CUST00066,9,39,32.87,296.86,One year,Mailed check,South,2023-04-01,0
CUST00067,2,18,59.8,103.87,One year,Credit card,South,2023-09-28,0
CUST00068,26,66,74.1,1908.73,Month-to-month,Mailed check,North,2021-08-15,0
CUST00069,8,38,62.93,469.11,Month-to-month,Bank transfer,West,2023-01-01,0
CUST00070,3,48,26.2,84.99,Month-to-month,Electronic check,South,2021-05-01,1
CUST00071,7,62,112.14,847.23,Month-to-month,Electronic check,North,2022-02-18,1
CUST00072,9,46,90.11,845.54,Month-to-month,Credit card,Central,2023-01-03,1
CUST00073,72,62,56.62,4028.03,Two year,Credit card,West,2021-10-31,0
CUST00074,23,24,57.62,1258.47,Month-to-month,Credit card,West,2021-09-16,0
CUST00075,3,75,73.99,214.67,Month-to-month,Mailed check,Central,2022-02-25,0
CUST00076,7,57,36.76,282.31,Month-to-month,Electronic check,Central,2021-05-06,1
CUST00077,17,44,73.07,1199.2,Month-to-month,Credit card,South,2022-11-16,1
CUST00078,6,61,31.73,167.96,One year,Bank transfer,East,2021-05-24,0
CUST00079,9,25,63.24,598.48,One year,Electronic check,East,2021-12-31,0
CUST00080,4,37,35.79,153.9,One year,Credit card,South,2021-12-09,0
CUST00081,2,62,37.05,80.25,One year,Credit card,North,2023-11-26,0
CUST00082,49,18,106.14,5470.88,Month-to-month,Mailed check,North,2023-12-23,0
CUST00083,8,49,66.48,563.79,Two year,Credit card,West,2021-03-28,0
CUST00084,17,49,70.19,1196.39,Month-to-month,Credit card,West,2021-06-22,1
CUST00085,7,69,18.0,112.92,Month-to-month,Bank transfer,West,2023-03-13,0
CUST00086,57,19,50.07,2857.97,Month-to-month,Bank transfer,South,2021-11-23,0
CUST00087,15,64,76.53,1183.63,One year,Mailed check,North,2022-12-07,1
CUST00088,2,34,69.85,138.76,Month-to-month,Credit card,East,2023-10-06,0
CUST00089,16,35,18.0,285.4,Month-to-month,Credit card,East,2021-06-28,0
CUST00090,20,24,70.18,1335.94,Month-to-month,Credit card,Central,2023-11-21,1
CUST00091,2,26,74.16,140.89,Month-to-month,Bank transfer,Central,2021-02-27,1
CUST00092,37,47,97.09,3922.49,One year,Electronic check,Central,2021-09-08,0
CUST00093,15,26,48.62,797.65,Month-to-month,Mailed check,Central,2022-07-10,1
CUST00094,3,52,18.0,53.99,Month-to-month,Mailed check,Central,2023-08-23,0
CUST00095,60,32,40.08,2438.65,Month-to-month,Credit card,East,2022-08-30,0
CUST00096,31,25,37.57,1107.55,One year,Bank transfer,North,2021-06-02,0
CUST00097,22,34,83.42,1894.2,Month-to-month,Bank transfer,North,2021-09-30,1
CUST00098,1,46,18.0,19.58,Month-to-month,Electronic check,South,2023-04-14,1
CUST00099,72,38,53.79,3576.75,Month-to-month,Credit card,South,2022-09-07,0
CUST00100,11,42,100.64,1132.72,Two year,Mailed check,North,2021-01-15,0
CUST00101,9,51,65.18,602.43,Two year,Electronic check,Central,2022-07-04,0
CUST00102,1,57,87.41,89.72,One year,Credit card,North,2022-03-22,0
CUST00103,7,37,23.96,181.5,Month-to-month,Electronic check,Central,2021-01-01,0
CUST00104,43,27,24.95,1182.07,Two year,Electronic check,West,2021-09-28,0
CUST00105,43,43,100.93,4289.32,One year,Electronic check,East,2023-10-22,0
CUST00106,2,48,67.53,139.61,One year,Mailed check,West,2023-02-10,0
CUST00107,11,21,67.58,746.51,Month-to-month,Electronic check,South,2021-03-19,0
CUST00108,29,29,37.05,1040.49,Month-to-month,Credit card,East,2021-01-18,0
CUST00109,15,31,67.52,1026.51,Month-to-month,Bank transfer,North,2022-01-14,0
CUST00110,6,39,36.35,225.42,Two year,Mailed check,Central,2022-05-25,0
CUST00111,22,31,94.67,2105.33,Month-to-month,Electronic check,South,2022-05-12,1
CUST00112,15,51,133.2,1909.97,Month-to-month,Mailed check,South,2023-02-02,1
CUST00113,16,19,77.1,1205.01,Month-to-month,Electronic check,West,2021-07-09,1
CUST00114,4,19,49.13,192.04,One year,Credit card,West,2021-02-21,0
CUST00115,12,37,18.0,206.9,Month-to-month,Mailed check,East,2023-01-07,0
CUST00116,32,39,22.89,743.96,Two year,Mailed check,East,2023-09-10,0
CUST00117,15,21,103.87,1590.62,One year,Electronic check,North,2021-07-03,1
CUST00118,22,33,39.27,906.25,One year,Electronic check,West,2022-01-31,0
CUST00119,10,36,55.73,533.4,Month-to-month,Electronic check,South,2022-11-18,0
CUST00120,37,36,81.38,2924.12,One year,Electronic check,South,2021-06-30,0
CUST00121,2,44,102.06,219.99,One year,Bank transfer,North,2023-07-31,0
CUST00122,28,32,60.01,1666.46,One year,Credit card,South,2021-09-04,0
CUST00123,4,62,54.88,219.85,Month-to-month,Credit card,South,2022-08-07,0
CUST00124,6,48,66.79,397.23,Month-to-month,Mailed check,East,2022-01-07,1
CUST00125,51,30,49.31,2657.28,Month-to-month,Credit card,North,2023-01-01,0
CUST00126,12,43,50.65,643.41,Month-to-month,Bank transfer,North,2021-08-06,1
CUST00127,13,43,75.3,1033.39,Month-to-month,Electronic check,East,2021-04-18,1
CUST00128,24,59,69.63,1673.34,Month-to-month,Electronic check,North,2022-07-14,0
CUST00129,27,33,118.29,3054.51,Month-to-month,Bank transfer,West,2023-08-06,1
CUST00130,23,52,75.97,1915.51,One year,Mailed check,Central,2022-11-25,0
CUST00131,19,42,93.78,1858.11,Month-to-month,Electronic check,South,2023-04-08,1
CUST00132,1,62,38.22,37.35,Two year,Credit card,Central,2022-04-20,0
CUST00133,3,60,78.13,251.08,One year,Bank transfer,North,2021-06-03,0
CUST00134,7,44,46.93,319.71,Month-to-month,Bank transfer,North,2022-04-13,1
CUST00135,43,38,74.89,3447.41,One year,Credit card,West,2023-12-18,0
CUST00136,60,49,82.21,5297.19,Month-to-month,Credit card,West,2023-05-06,0
CUST00137,15,39,66.25,947.96,Two year,Credit card,West,2023-02-10,0
CUST00138,11,65,125.18,1417.03,Month-to-month,Mailed check,North,2021-11-26,0
CUST00139,72,43,100.7,7533.96,One year,Credit card,West,2022-10-19,0
CUST00140,16,36,94.43,1708.42,Month-to-month,Bank transfer,South,2022-11-13,1
CUST00141,29,35,84.11,2348.66,Month-to-month,Bank transfer,South,2022-12-18,0
CUST00142,19,25,109.08,2220.97,Month-to-month,Credit card,North,2023-09-05,1
CUST00143,10,49,29.08,291.05,Two year,Electronic check,Central,2023-01-17,0
CUST00144,13,30,99.26,1210.29,One year,Mailed check,North,2021-08-31,0
CUST00145,24,57,40.22,959.49,Month-to-month,Electronic check,West,2021-08-31,0
CUST00146,56,23,50.89,2850.19,Month-to-month,Mailed check,East,2022-11-10,0
CUST00147,13,43,79.03,973.0,Month-to-month,Mailed check,West,2023-08-07,0
CUST00148,12,58,95.83,1167.91,Month-to-month,Credit card,West,2023-11-05,0
CUST00149,1,18,36.16,37.89,Month-to-month,Credit card,Central,2022-10-30,1
CUST00150,3,70,52.19,158.43,Month-to-month,Mailed check,North,2022-08-04,0
CUST00151,1,36,67.44,65.61,Two year,Mailed check,North,2023-06-13,0
CUST00152,3,43,60.34,179.68,Two year,Bank transfer,East,2023-12-06,0
CUST00153,35,50,86.35,3021.56,Month-to-month,Credit card,South,2021-01-31,1
CUST00154,31,52,150.0,,One year,Credit card,North,2021-12-06,0
CUST00155,35,45,75.48,2788.4,Month-to-month,Electronic check,North,2022-01-01,1
CUST00156,1,55,46.62,47.25,One year,Electronic check,South,2022-09-10,0
CUST00157,26,49,32.59,787.91,Month-to-month,Bank transfer,North,2021-11-19,0
CUST00158,7,66,56.87,386.9,One year,Mailed check,North,2021-12-07,0
CUST00159,15,49,41.49,627.52,One year,Electronic check,Central,2021-01-27,0
CUST00160,51,69,76.69,,One year,Electronic check,South,2021-01-05,0
CUST00161,19,54,76.3,1543.77,Month-to-month,Mailed check,Central,2022-05-08,0
CUST00162,2,18,53.42,116.32,Two year,Mailed check,Central,2023-12-29,0
CUST00163,11,78,114.62,1269.05,Month-to-month,Bank transfer,North,2021-11-20,0
CUST00164,72,33,46.61,3484.0,Month-to-month,Electronic check,West,2021-09-20,0
CUST00165,54,62,62.01,3105.02,One year,Bank transfer,East,2021-10-17,0
CUST00166,37,42,80.98,3060.66,Month-to-month,Bank transfer,West,2023-12-02,0
CUST00167,3,56,87.3,247.82,Two year,Mailed check,North,2022-12-28,0
CUST00168,3,32,96.94,289.91,Two year,Electronic check,North,2022-12-17,0
CUST00169,2,50,75.71,174.36,Month-to-month,Bank transfer,North,2021-07-27,0
CUST00170,3,38,91.27,277.97,Two year,Bank transfer,East,2023-09-17,0
CUST00171,1,64,48.37,46.28,Month-to-month,Mailed check,Central,2021-08-04,0
CUST00172,44,48,87.95,3948.7,Month-to-month,Mailed check,West,2023-11-26,0
CUST00173,28,55,87.62,2389.93,Month-to-month,Bank transfer,West,2023-11-09,1
CUST00174,37,18,102.82,3621.59,Two year,Mailed check,Central,2022-09-14,0
CUST00175,16,40,23.29,411.83,Month-to-month,Mailed check,West,2023-08-09,0
CUST00176,1,47,42.32,44.58,Month-to-month,Mailed check,North,2023-12-31,1
CUST00177,14,45,85.58,1218.82,Month-to-month,Mailed check,Central,2022-09-28,1
CUST00178,1,55,18.0,17.65,Two year,Bank transfer,South,2023-04-21,0
CUST00179,46,36,77.3,3500.54,Two year,Mailed check,North,2022-10-09,0
CUST00180,1,42,91.5,98.56,One year,Mailed check,East,2022-07-28,0
CUST00181,9,58,50.59,462.29,Two year,Bank transfer,Central,2022-01-02,0
CUST00182,43,18,54.25,1973.18,Two year,Mailed check,South,2022-12-19,0
CUST00183,36,50,38.15,1539.65,Month-to-month,Electronic check,East,2021-10-20,0
CUST00184,41,37,51.96,2149.86,Month-to-month,Credit card,North,2021-08-01,0
CUST00185,23,29,52.69,1232.68,One year,Electronic check,North,2021-10-29,0
CUST00186,5,46,47.93,252.67,One year,Bank transfer,North,2021-01-13,0
CUST00187,36,59,46.56,1715.16,Month-to-month,Mailed check,West,2023-10-20,0
CUST00188,47,56,58.22,2838.53,Month-to-month,Electronic check,Central,2021-10-09,1
CUST00189,47,40,57.92,2664.57,One year,Electronic check,North,2023-05-26,0
CUST00190,38,54,111.85,3988.95,Month-to-month,Credit card,South,2022-04-22,1
CUST00191,25,54,55.15,1398.07,Two year,Mailed check,North,2022-01-07,0
CUST00192,54,40,73.6,4258.89,Month-to-month,Mailed check,North,2021-09-07,1
CUST00193,38,32,50.58,1859.78,Month-to-month,Bank transfer,East,2023-06-18,0
CUST00194,1,33,50.26,48.43,Two year,Electronic check,West,2022-07-17,0
CUST00195,8,53,22.39,190.06,Month-to-month,Bank transfer,East,2022-05-08,1
CUST00196,10,41,25.72,251.32,Month-to-month,Mailed check,South,2022-12-22,1
CUST00197,47,27,34.83,1603.41,One year,Bank transfer,East,2023-05-29,0
CUST00198,19,18,69.59,1297.54,Two year,Electronic check,North,2022-12-20,0
CUST00199,1,53,91.9,91.6,Month-to-month,Credit card,North,2022-05-28,0
CUST00200,2,34,20.33,37.46,Month-to-month,Electronic check,Central,2023-09-06,1
CUST00201,8,46,51.27,399.1,One year,Bank transfer,West,2023-09-08,0
CUST00202,5,59,30.83,155.93,Two year,Bank transfer,Central,2023-11-25,0
CUST00203,4,23,58.39,236.17,Month-to-month,Mailed check,Central,2021-04-10,0
CUST00204,7,41,91.89,680.47,Month-to-month,Electronic check,East,2023-09-03,0
CUST00205,25,39,53.83,1469.52,Month-to-month,Mailed check,Central,2021-07-31,0
CUST00206,29,47,63.81,1990.43,Month-to-month,Credit card,South,2022-11-11,0
CUST00207,62,59,101.38,6573.02,Month-to-month,Credit card,North,2022-12-22,0
CUST00208,19,23,76.45,1441.75,One year,Credit card,North,2021-08-14,0
CUST00209,9,49,46.0,401.1,Month-to-month,Electronic check,North,2021-01-09,0
CUST00210,12,56,68.97,828.38,Month-to-month,Bank transfer,North,2023-10-31,1
CUST00211,1,39,44.31,45.61,One year,Electronic check,South,2023-09-03,1
CUST00212,9,40,75.51,707.52,One year,Bank transfer,West,2021-07-11,0
CUST00213,5,47,77.88,401.53,Month-to-month,Mailed check,West,2022-10-21,0
CUST00214,3,46,30.82,91.9,Two year,Bank transfer,East,2021-06-15,0
CUST00215,11,50,69.38,793.21,One year,Bank transfer,North,2022-09-13,0
CUST00216,3,49,62.06,197.92,One year,Credit card,West,2021-12-14,0
CUST00217,1,28,78.62,82.08,Month-to-month,Mailed check,South,2023-04-04,1
CUST00218,22,55,85.78,1884.14,Month-to-month,Mailed check,North,2022-09-21,0
CUST00219,34,58,76.94,2506.89,Two year,Bank transfer,South,2022-06-30,0
CUST00220,13,44,57.42,714.45,Month-to-month,Electronic check,South,2023-01-17,1
CUST00221,1,21,88.33,85.32,Month-to-month,Electronic check,South,2022-06-05,0
CUST00222,10,40,43.17,437.25,Month-to-month,Bank transfer,West,2021-01-15,0
CUST00223,1,44,31.99,32.82,One year,Credit card,West,2022-10-15,0
CUST00224,25,25,18.0,418.17,Two year,Bank transfer,West,2023-05-02,0
CUST00225,47,36,63.25,2897.84,Month-to-month,Credit card,North,2022-06-21,0
CUST00226,19,22,44.46,855.02,Two year,Electronic check,West,2021-07-11,0
CUST00227,6,50,74.94,429.41,Month-to-month,Mailed check,West,2021-01-09,1
CUST00228,61,44,18.0,1121.82,One year,Bank transfer,North,2021-11-21,0
CUST00229,25,18,48.82,1201.74,One year,Mailed check,East,2023-04-22,0
CUST00230,1,46,76.76,73.98,Month-to-month,Electronic check,East,2021-12-19,0
CUST00231,5,41,39.25,196.77,Month-to-month,Electronic check,South,2023-11-13,1
CUST00232,30,49,75.23,2301.17,Month-to-month,Credit card,North,2021-12-31,0
CUST00233,5,36,51.07,244.52,Two year,Bank transfer,East,2022-04-14,0
CUST00234,16,30,64.18,1014.42,One year,Mailed check,North,2023-04-13,0
CUST00235,11,31,79.88,899.23,Two year,Mailed check,North,2022-11-04,0
CUST00236,8,34,88.82,683.48,Two year,Electronic check,North,2021-02-14,0
CUST00237,2,42,67.31,123.46,Month-to-month,Credit card,Central,2021-03-25,0
CUST00238,27,44,44.65,1112.93,One year,Electronic check,South,2021-08-04,0
CUST00239,22,39,53.55,1153.47,Month-to-month,Credit card,South,2023-08-13,1
CUST00240,48,36,80.92,3628.11,Month-to-month,Electronic check,South,2021-01-25,0
CUST00241,6,37,39.47,232.7,Two year,Mailed check,Central,2021-03-20,0
CUST00242,1,77,60.55,65.59,One year,Mailed check,East,2023-05-03,0
CUST00243,54,31,55.35,2782.88,Month-to-month,Credit card,Central,2022-11-14,0
CUST00244,21,34,62.42,1292.3,Month-to-month,Electronic check,South,2023-12-14,0
CUST00245,1,85,39.77,44.01,One year,Mailed check,North,2021-08-29,0
CUST00246,72,47,18.7,1373.88,Two year,Mailed check,East,2022-12-24,0
CUST00247,50,22,78.02,3829.28,One year,Mailed check,South,2021-05-28,0
CUST00248,10,53,89.1,884.01,Month-to-month,Electronic check,West,2022-10-09,0
CUST00249,21,29,20.2,433.31,Month-to-month,Credit card,Central,2021-04-27,1
CUST00250,7,54,74.22,563.59,Month-to-month,Mailed check,East,2023-09-22,1
CUST00251,6,39,92.08,537.82,One year,Mailed check,Central,2022-04-01,0
CUST00252,12,35,79.9,922.48,Two year,Mailed check,East,2021-10-07,0
CUST00253,8,64,54.58,406.54,Month-to-month,Credit card,South,2023-12-15,0
CUST00254,9,49,41.41,374.61,Month-to-month,Mailed check,East,2021-03-14,0
CUST00255,1,55,67.02,62.31,Month-to-month,Mailed check,North,2023-05-26,1
CUST00256,72,48,71.19,5006.82,One year,Mailed check,West,2022-07-13,0
CUST00257,23,35,67.4,1479.77,Two year,Mailed check,North,2023-01-23,0
CUST00258,2,50,60.5,127.5,Month-to-month,Electronic check,South,2021-10-13,1
CUST00259,3,58,37.93,110.9,Month-to-month,Bank transfer,East,2023-08-24,1
CUST00260,31,43,75.57,2389.16,One year,Electronic check,North,2022-05-09,0
CUST00261,72,67,76.77,5084.11,Month-to-month,Electronic check,North,2022-04-04,0
CUST00262,16,53,70.02,1127.69,Two year,Electronic check,West,2022-05-15,1
CUST00263,5,44,67.77,318.47,Month-to-month,Mailed check,North,2021-11-21,0
CUST00264,72,45,106.98,7538.63,Month-to-month,Credit card,East,2021-12-16,0
CUST00265,24,43,49.39,1316.41,Two year,Bank transfer,South,2021-06-03,0
CUST00266,7,24,97.04,710.94,Month-to-month,Credit card,North,2022-06-17,1
CUST00267,18,40,46.65,834.31,Month-to-month,Mailed check,North,2022-06-04,0
CUST00268,17,45,92.72,1828.36,Month-to-month,Credit card,West,2022-02-21,0
CUST00269,29,36,95.83,2651.9,Month-to-month,Electronic check,Central,2023-12-16,1
CUST00270,22,46,57.67,1342.66,Month-to-month,Bank transfer,North,2021-05-04,0
CUST00271,65,42,106.52,6393.2,Month-to-month,Credit card,Central,2023-09-24,1
CUST00272,39,52,76.73,2955.97,Month-to-month,Bank transfer,East,2023-08-08,0
CUST00273,10,51,43.07,401.68,Month-to-month,Credit card,East,2021-01-25,0
CUST00274,61,44,55.65,3438.32,One year,Mailed check,West,2023-02-07,0
CUST00275,7,22,93.32,655.07,One year,Electronic check,West,2021-08-18,1
CUST00276,12,67,88.08,1040.7,Month-to-month,Credit card,West,2021-02-15,1
CUST00277,1,40,38.55,40.65,Month-to-month,Electronic check,East,2023-08-01,1
CUST00278,31,40,61.52,1853.04,Month-to-month,Credit card,East,2021-05-07,0
CUST00279,20,37,70.09,1424.71,Two year,Bank transfer,South,2021-11-24,0
CUST00280,32,35,52.31,1742.6,Two year,Credit card,North,2021-04-16,0
CUST00281,72,63,123.94,8261.89,Month-to-month,Mailed check,West,2021-06-05,0
CUST00282,11,61,70.84,750.08,Month-to-month,Credit card,North,2021-03-09,1
CUST00283,34,48,63.45,2163.11,Month-to-month,Electronic check,South,2023-07-12,1
CUST00284,25,40,94.77,2443.9,Month-to-month,Mailed check,North,2021-03-06,0
CUST00285,53,50,55.87,3171.53,One year,Electronic check,North,2023-04-12,0
CUST00286,69,43,90.19,6155.94,Month-to-month,Credit card,East,2021-06-22,0
CUST00287,51,39,23.31,1170.0,Month-to-month,Bank transfer,East,2023-09-29,0
CUST00288,15,46,53.66,,Month-to-month,Credit card,South,2023-07-18,0
CUST00289,5,35,91.23,463.68,Month-to-month,Credit card,North,2022-11-21,0
CUST00290,2,45,104.25,205.4,Month-to-month,Mailed check,South,2023-06-26,0
CUST00291,7,44,45.67,315.31,Two year,Electronic check,South,2021-11-23,0
CUST00292,12,50,42.75,510.59,Month-to-month,Credit card,West,2023-05-08,0
CUST00293,65,33,79.19,5289.32,Two year,Mailed check,East,2021-08-31,0
CUST00294,10,51,49.42,480.27,Month-to-month,Electronic check,East,2022-11-05,1
CUST00295,1,29,58.29,56.04,Two year,Credit card,East,2023-10-04,0
CUST00296,10,33,86.91,887.86,Two year,Credit card,Central,2023-03-04,0
CUST00297,11,34,51.4,479.86,Two year,Mailed check,West,2021-10-23,0
CUST00298,6,26,18.0,104.74,Two year,Credit card,East,2023-03-20,0
CUST00299,19,56,32.47,581.42,One year,Electronic check,East,2023-08-26,0
CUST00300,12,28,65.25,,One year,Electronic check,North,2023-09-01,0
CUST00301,1,32,18.41,18.0,One year,Mailed check,Central,2023-03-21,0
CUST00302,15,59,57.57,839.34,Month-to-month,Bank transfer,South,2023-03-13,0
CUST00303,35,34,30.2,1054.43,Month-to-month,Electronic check,South,2023-05-10,1
CUST00304,25,39,106.0,2571.11,Month-to-month,Electronic check,Central,2023-03-18,1
CUST00305,1,27,119.13,116.73,Two year,Bank transfer,West,2021-05-27,0
CUST00306,61,53,38.55,2362.97,Month-to-month,Credit card,North,2023-05-31,0
CUST00307,19,53,71.42,1328.34,Month-to-month,Bank transfer,North,2021-07-17,1
CUST00308,15,52,40.99,601.65,One year,Credit card,North,2022-09-02,0
CUST00309,6,49,57.27,326.26,Month-to-month,Credit card,East,2022-01-07,0
CUST00310,42,43,110.09,4357.04,Month-to-month,Bank transfer,North,2021-08-22,1
CUST00311,29,34,53.33,1551.26,Month-to-month,Bank transfer,Central,2021-11-05,0
CUST00312,1,30,57.85,58.74,Month-to-month,Credit card,Central,2021-04-03,0
CUST00313,2,60,41.44,76.96,Month-to-month,Mailed check,East,2022-04-27,0
CUST00314,1,52,93.65,97.21,Month-to-month,Electronic check,East,2022-04-04,1
CUST00315,18,32,18.0,336.38,Month-to-month,Credit card,South,2022-03-18,0
CUST00316,72,42,53.93,4072.19,Month-to-month,Mailed check,North,2021-04-11,0
CUST00317,61,37,63.85,3953.25,Month-to-month,Credit card,West,2022-10-27,1
CUST00318,21,26,48.47,1050.29,One year,Mailed check,North,2021-07-05,0
CUST00319,72,44,86.59,6915.6,Month-to-month,Credit card,North,2023-07-27,0
CUST00320,13,36,95.05,1217.02,Two year,Electronic check,South,2021-01-27,0
CUST00321,8,28,29.7,225.18,Two year,Bank transfer,North,2021-03-02,0
CUST00322,16,21,117.34,1733.43,Month-to-month,Mailed check,South,2021-11-25,0
CUST00323,6,20,29.42,192.02,Month-to-month,Mailed check,West,2022-03-23,0
CUST00324,8,36,97.22,846.54,Month-to-month,Mailed check,West,2023-11-29,1
CUST00325,17,40,68.75,1114.72,Two year,Credit card,East,2022-07-30,0
CUST00326,23,29,52.41,1161.59,One year,Mailed check,West,2022-02-19,0
CUST00327,42,51,54.77,,Two year,Credit card,South,2023-07-07,0
CUST00328,13,41,64.16,885.14,Month-to-month,Mailed check,West,2021-09-21,0
CUST00329,31,50,70.21,2036.42,One year,Electronic check,East,2023-09-10,0
CUST00330,1,39,42.0,37.87,Month-to-month,Credit card,North,2022-03-18,1
CUST00331,6,30,59.15,393.36,One year,Electronic check,Central,2021-12-09,0
CUST00332,4,43,45.73,185.78,Month-to-month,Mailed check,South,2021-11-26,0
CUST00333,22,24,34.62,778.94,One year,Credit card,North,2021-01-11,0
CUST00334,3,49,44.57,132.34,Two year,Credit card,North,2023-01-08,0
CUST00335,72,28,36.25,2670.78,Month-to-month,Credit card,South,2022-09-25,0
CUST00336,19,54,54.5,957.1,One year,Mailed check,South,2022-11-26,0
CUST00337,46,37,75.81,3340.63,Month-to-month,Credit card,East,2022-12-15,0
CUST00338,1,56,68.02,68.38,One year,Mailed check,Central,2021-01-30,0
CUST00339,23,26,114.36,2331.63,Month-to-month,Bank transfer,South,2023-08-20,0
CUST00340,35,32,18.0,620.47,Two year,Bank transfer,East,2022-07-14,0
CUST00341,21,47,76.73,1581.99,Month-to-month,Electronic check,South,2023-01-28,1
CUST00342,18,58,65.16,1155.13,Two year,Mailed check,West,2021-02-09,0
CUST00343,31,65,85.39,2574.15,Two year,Mailed check,North,2023-04-14,0
CUST00344,72,42,82.91,5672.27,One year,Mailed check,North,2023-01-12,0
CUST00345,22,67,60.88,1217.34,One year,Mailed check,East,2022-02-08,0
CUST00346,45,37,69.32,3141.98,One year,Bank transfer,West,2023-10-22,0
CUST00347,10,57,46.4,457.04,Two year,Electronic check,West,2022-12-14,0
CUST00348,13,28,80.34,972.6,Month-to-month,Electronic check,East,2023-09-21,1
CUST00349,22,47,18.03,397.9,One year,Credit card,West,2023-06-19,0
CUST00350,4,18,84.42,332.7,Month-to-month,Mailed check,South,2021-08-14,1
CUST00351,4,26,64.42,251.74,One year,Bank transfer,North,2023-12-28,0
CUST00352,72,48,52.82,3392.9,Month-to-month,Bank transfer,North,2023-03-25,0
CUST00353,55,23,59.19,3366.59,One year,Bank transfer,North,2021-07-27,0
CUST00354,68,47,61.02,3893.54,One year,Mailed check,South,2023-05-19,0
CUST00355,47,54,97.43,4593.7,Month-to-month,Mailed check,East,2022-04-15,1
CUST00356,39,34,145.84,5457.9,Month-to-month,Credit card,South,2023-08-05,1
CUST00357,58,28,95.5,5431.34,One year,Credit card,East,2021-07-09,0
CUST00358,24,35,50.87,1291.22,One year,Mailed check,East,2021-10-12,0
CUST00359,9,28,80.74,745.98,Month-to-month,Bank transfer,West,2022-01-16,1
CUST00360,50,40,81.83,4322.68,One year,Credit card,West,2022-05-09,0
CUST00361,26,43,41.87,1106.6,Two year,Electronic check,South,2022-11-23,0
CUST00362,6,37,33.48,204.86,Month-to-month,Credit card,South,2021-08-31,0
CUST00363,72,65,63.42,4159.58,Month-to-month,Mailed check,East,2023-02-12,0
CUST00364,33,31,85.19,2766.64,Month-to-month,Credit card,East,2021-01-27,0
CUST00365,7,61,24.7,170.96,One year,Bank transfer,South,2021-12-29,0
CUST00366,17,27,46.98,847.52,Month-to-month,Credit card,South,2022-12-23,0
CUST00367,24,43,79.32,1855.5,One year,Electronic check,West,2021-10-18,0
CUST00368,14,58,66.04,936.8,One year,Electronic check,East,2022-04-18,0
CUST00369,42,57,100.41,4264.82,Month-to-month,Credit card,North,2022-10-26,0
CUST00370,22,36,29.72,691.69,Two year,Bank transfer,South,2021-09-29,0
CUST00371,11,49,123.8,1352.69,One year,Bank transfer,Central,2023-11-22,0
CUST00372,26,47,26.55,718.87,Month-to-month,Electronic check,North,2023-07-17,1
CUST00373,52,34,18.0,856.21,Month-to-month,Electronic check,Central,2023-11-30,0
CUST00374,2,50,63.53,116.81,Month-to-month,Credit card,North,2022-06-27,1
CUST00375,5,68,36.64,162.28,Month-to-month,Mailed check,East,2022-01-12,0
CUST00376,30,48,64.03,1996.39,Month-to-month,Bank transfer,South,2023-12-26,1
CUST00377,39,49,63.16,2546.21,Two year,Mailed check,North,2023-03-09,0
CUST00378,11,51,60.11,690.86,Month-to-month,Mailed check,Central,2023-05-19,1
CUST00379,6,21,43.94,254.71,Month-to-month,Electronic check,East,2021-07-20,1
CUST00380,72,48,75.82,5305.22,One year,Credit card,Central,2023-08-10,1
CUST00381,10,27,57.07,567.25,One year,Credit card,South,2022-08-02,0
CUST00382,4,33,92.59,397.09,Two year,Electronic check,Central,2023-04-27,0
CUST00383,25,72,60.49,1640.32,One year,Mailed check,Central,2023-06-23,0
CUST00384,23,38,40.88,977.56,Month-to-month,Bank transfer,East,2021-04-26,0
CUST00385,3,31,22.81,69.56,Month-to-month,Mailed check,North,2021-04-19,0
CUST00386,23,58,60.7,1489.32,Two year,Bank transfer,West,2021-03-13,0
CUST00387,1,28,33.27,32.84,One year,Mailed check,East,2022-12-06,0
CUST00388,23,35,31.25,704.7,Two year,Electronic check,Central,2023-09-30,0
CUST00389,8,59,78.19,621.48,Month-to-month,Mailed check,South,2021-02-02,1
CUST00390,10,42,20.56,195.54,Two year,Bank transfer,South,2021-06-01,0
CUST00391,9,20,100.3,894.8,One year,Electronic check,North,2022-06-17,0
CUST00392,18,49,68.99,1172.44,Month-to-month,Credit card,West,2022-03-05,0
CUST00393,35,36,63.9,2351.12,One year,Electronic check,Central,2021-04-23,0
CUST00394,21,63,39.13,844.07,One year,Electronic check,North,2022-10-30,0
CUST00395,7,33,84.11,630.85,Month-to-month,Bank transfer,West,2023-09-19,1
CUST00396,3,56,64.93,178.92,Month-to-month,Bank transfer,Central,2021-08-21,0
CUST00397,37,66,47.85,1938.79,Two year,Mailed check,North,2021-01-04,0
CUST00398,12,30,70.0,773.96,Month-to-month,Mailed check,North,2021-09-04,1
CUST00399,22,39,22.93,474.24,Month-to-month,Electronic check,West,2021-07-22,0
CUST00400,11,47,24.12,257.08,Month-to-month,Bank transfer,East,2022-05-26,0
CUST00401,6,29,37.0,236.52,Month-to-month,Mailed check,North,2021-04-28,0
CUST00402,4,45,73.74,298.29,Two year,Electronic check,West,2022-01-31,1
CUST00403,6,38,64.92,,One year,Mailed check,East,2021-05-11,0
CUST00404,1,38,91.22,87.6,Month-to-month,Credit card,Central,2023-01-11,1
CUST00405,53,42,42.0,2072.86,Two year,Mailed check,Central,2022-05-29,0
CUST00406,4,42,79.37,335.46,Two year,Credit card,West,2021-03-24,0
CUST00407,17,44,62.15,1098.74,Month-to-month,Mailed check,East,2021-02-17,0
CUST00408,9,33,41.42,397.99,Two year,Electronic check,South,2022-06-20,0
CUST00409,36,34,74.63,2739.99,Month-to-month,Mailed check,East,2022-10-11,0
CUST00410,30,40,63.35,1649.43,Two year,Mailed check,North,2021-07-10,0
CUST00411,1,41,49.27,46.2,One year,Electronic check,West,2021-12-21,0
CUST00412,7,35,66.05,473.1,One year,Bank transfer,North,2022-10-27,0
CUST00413,31,46,61.76,1879.17,Month-to-month,Mailed check,East,2022-05-31,1
CUST00414,16,18,61.16,951.22,Two year,Bank transfer,North,2021-05-08,0
CUST00415,72,31,54.69,3720.47,Month-to-month,Mailed check,South,2022-03-05,0
CUST00416,72,38,32.38,2441.82,Month-to-month,Mailed check,North,2021-08-05,0
CUST00417,26,30,66.87,1778.28,Month-to-month,Mailed check,East,2023-10-12,0
CUST00418,3,64,44.93,138.17,One year,Electronic check,West,2023-05-31,0
CUST00419,22,42,39.49,841.26,Month-to-month,Bank transfer,North,2021-12-08,0
CUST00420,26,44,58.98,1547.0,Two year,Electronic check,Central,2021-09-15,0
CUST00421,38,35,83.35,2955.44,One year,Bank transfer,Central,2021-05-28,0
CUST00422,54,41,69.64,3736.15,Month-to-month,Credit card,South,2023-03-19,0
CUST00423,2,24,51.72,90.37,Month-to-month,Credit card,West,2023-10-03,0
CUST00424,72,39,50.72,3365.51,Month-to-month,Mailed check,South,2021-10-27,0
CUST00425,3,28,80.9,238.79,One year,Mailed check,North,2022-12-02,0
CUST00426,3,38,18.0,60.41,Two year,Credit card,East,2021-09-15,0
CUST00427,6,18,84.93,463.7,Month-to-month,Mailed check,North,2023-10-02,1
CUST00428,39,26,18.15,663.84,Two year,Mailed check,Central,2021-11-24,0
CUST00429,6,62,29.61,179.59,Month-to-month,Credit card,Central,2021-04-16,0
CUST00430,32,53,52.14,1816.09,Two year,Credit card,West,2023-08-23,0
CUST00431,37,60,119.25,4456.85,Two year,Credit card,East,2023-11-02,0
CUST00432,7,61,106.94,,One year,Electronic check,East,2022-03-11,1
CUST00433,20,51,82.66,,One year,Credit card,Central,2023-09-21,0
CUST00434,12,35,73.91,864.28,Two year,Electronic check,North,2021-09-24,0
CUST00435,72,27,18.44,1333.14,Month-to-month,Bank transfer,North,2021-10-24,0
CUST00436,15,58,68.92,999.77,Month-to-month,Credit card,East,2022-08-11,0
CUST00437,1,42,51.27,53.13,Month-to-month,Bank transfer,South,2022-10-20,0
CUST00438,17,76,44.58,696.99,Month-to-month,Credit card,South,2022-02-27,1
CUST00439,21,36,68.87,1510.63,One year,Mailed check,North,2023-05-26,0
CUST00440,10,69,53.22,533.25,One year,Mailed check,East,2023-05-16,0
CUST00441,64,39,86.73,5491.13,Two year,Mailed check,South,2021-05-13,0
CUST00442,43,60,18.0,710.42,Month-to-month,Mailed check,North,2023-12-21,0
CUST00443,11,65,66.88,699.64,One year,Bank transfer,North,2021-06-24,0
CUST00444,8,27,43.02,364.79,Month-to-month,Mailed check,South,2022-07-31,0
CUST00445,7,35,54.76,379.32,Month-to-month,Bank transfer,Central,2022-04-09,1
CUST00446,5,27,72.62,368.15,One year,Mailed check,South,2022-05-10,0
CUST00447,56,24,37.07,1984.63,Two year,Mailed check,West,2021-05-21,0
CUST00448,10,51,69.11,690.1,One year,Electronic check,West,2022-01-11,0
CUST00449,2,39,59.69,111.19,Month-to-month,Bank transfer,South,2021-02-03,1
CUST00450,31,42,48.49,1510.7,One year,Credit card,West,2023-12-02,0
CUST00451,2,49,53.24,108.45,Month-to-month,Credit card,West,2021-06-07,0
CUST00452,66,18,61.14,4099.93,Two year,Mailed check,East,2022-06-14,0
CUST00453,1,60,45.8,43.73,One year,Mailed check,North,2021-08-25,0
CUST00454,12,37,65.18,768.78,Month-to-month,Bank transfer,North,2021-07-14,1
CUST00455,15,49,58.05,894.14,Month-to-month,Bank transfer,Central,2022-03-04,0
CUST00456,21,50,49.72,1033.08,Month-to-month,Electronic check,West,2023-11-28,0
CUST00457,2,61,104.75,206.49,Two year,Bank transfer,Central,2022-06-08,0
CUST00458,35,40,75.38,2889.4,Month-to-month,Electronic check,Central,2023-11-19,1
CUST00459,10,18,55.43,527.94,One year,Electronic check,North,2023-06-25,0
CUST00460,28,42,68.65,2026.04,One year,Bank transfer,West,2022-04-23,0
CUST00461,12,44,39.33,444.71,One year,Electronic check,East,2023-09-14,0
CUST00462,19,27,54.08,1061.16,Month-to-month,Mailed check,West,2022-01-17,1
CUST00463,52,44,57.0,3068.95,Two year,Bank transfer,North,2022-07-04,0
CUST00464,1,36,33.83,32.97,Month-to-month,Bank transfer,South,2023-01-16,0
CUST00465,1,23,74.68,70.13,One year,Mailed check,West,2022-10-08,0
CUST00466,46,51,52.36,2171.26,One year,Electronic check,West,2023-06-27,0
CUST00467,72,34,56.11,3915.67,One year,Credit card,East,2021-06-28,0
CUST00468,51,36,50.78,2657.92,Two year,Credit card,South,2022-06-30,0
CUST00469,56,35,138.98,7363.53,Month-to-month,Credit card,South,2022-12-29,0
CUST00470,9,59,48.43,437.98,Month-to-month,Bank transfer,Central,2021-12-29,0
CUST00471,72,41,18.0,1200.33,Month-to-month,Mailed check,South,2023-08-08,0
CUST00472,21,43,25.0,518.86,Month-to-month,Credit card,South,2021-11-27,0
CUST00473,4,35,83.98,316.65,Month-to-month,Mailed check,East,2021-11-26,0
CUST00474,3,48,98.41,294.08,Month-to-month,Electronic check,South,2021-12-24,0
CUST00475,6,60,47.96,280.55,Month-to-month,Credit card,East,2023-01-11,1
CUST00476,29,51,96.97,2644.76,Month-to-month,Mailed check,South,2021-05-10,0
CUST00477,68,51,83.54,5493.58,Month-to-month,Credit card,West,2021-06-06,0
CUST00478,10,50,60.26,574.45,One year,Mailed check,Central,2023-05-03,1
CUST00479,28,22,58.49,1530.13,One year,Credit card,Central,2021-08-16,0
CUST00480,14,29,69.52,1025.97,Month-to-month,Bank transfer,East,2021-04-25,0
CUST00481,1,39,86.94,85.37,Month-to-month,Mailed check,South,2021-10-16,0
CUST00482,4,31,74.93,266.72,Month-to-month,Mailed check,West,2022-03-13,1
CUST00483,3,27,48.08,139.74,One year,Credit card,West,2021-02-06,0
CUST00484,22,18,60.64,1395.09,Month-to-month,Electronic check,East,2023-07-04,0
CUST00485,1,23,114.53,110.17,Month-to-month,Mailed check,West,2021-05-09,0
CUST00486,11,38,71.28,842.8,Month-to-month,Mailed check,West,2022-03-19,0
CUST00487,72,41,86.73,5977.09,Month-to-month,Bank transfer,West,2021-08-10,0
CUST00488,3,30,78.5,241.43,Month-to-month,Mailed check,West,2021-11-19,0
CUST00489,5,43,71.83,377.77,One year,Bank transfer,North,2021-02-19,0
CUST00490,6,35,67.72,415.47,One year,Mailed check,East,2023-11-05,0
CUST00491,24,57,87.43,1954.11,One year,Electronic check,East,2023-10-24,0
CUST00492,27,39,82.97,2134.62,One year,Electronic check,North,2021-05-19,1
CUST00493,5,51,71.6,378.94,One year,Bank transfer,Central,2021-08-05,0
CUST00494,11,44,47.66,503.17,Month-to-month,Mailed check,East,2023-08-27,1
CUST00495,10,22,74.64,782.81,One year,Mailed check,North,2022-03-31,0
CUST00496,4,40,63.32,247.83,Month-to-month,Bank transfer,West,2021-03-09,0
CUST00497,4,24,57.29,230.78,Month-to-month,Mailed check,West,2021-05-29,0
CUST00498,55,40,131.97,6755.31,One year,Mailed check,West,2022-03-29,0
CUST00499,2,31,26.52,51.43,Month-to-month,Electronic check,South,2022-09-03,0
CUST00500,11,47,88.96,935.73,Month-to-month,Mailed check,Central,2022-11-23,1
CUST00501,2,23,43.43,87.84,One year,Bank transfer,South,2021-06-17,0
CUST00502,17,42,68.28,1166.17,Two year,Bank transfer,East,2022-02-10,0
CUST00503,27,50,129.21,,Two year,Credit card,North,2021-10-13,0
CUST00504,14,54,40.94,559.1,Month-to-month,Credit card,East,2022-08-09,0
CUST00505,7,31,46.9,313.03,Month-to-month,Electronic check,West,2021-12-18,0
CUST00506,25,42,64.56,1628.75,One year,Mailed check,East,2021-08-12,0
CUST00507,6,44,43.82,249.39,Month-to-month,Mailed check,East,2023-06-12,0
CUST00508,43,63,87.1,3947.25,Two year,Bank transfer,West,2022-09-16,0
CUST00509,7,21,51.64,359.41,Month-to-month,Mailed check,West,2022-06-03,0
CUST00510,6,29,81.35,480.14,Month-to-month,Credit card,South,2021-05-28,1
CUST00511,64,81,31.77,2080.27,Month-to-month,Mailed check,Central,2021-03-19,1
CUST00512,67,38,19.83,1323.54,Two year,Bank transfer,West,2023-05-22,0
CUST00513,7,18,59.28,380.56,Month-to-month,Electronic check,Central,2023-11-27,0
CUST00514,62,33,25.79,1514.12,Month-to-month,Credit card,Central,2022-10-02,1
CUST00515,66,18,102.96,7154.74,Month-to-month,Credit card,Central,2021-02-12,0
CUST00516,8,45,26.75,214.9,Month-to-month,Credit card,West,2022-06-12,0
CUST00517,49,53,39.06,1753.02,Month-to-month,Mailed check,East,2021-11-03,1
CUST00518,72,29,75.34,5519.98,One year,Electronic check,North,2021-03-01,0
CUST00519,1,35,50.34,48.93,Month-to-month,Bank transfer,East,2021-06-05,0
CUST00520,41,54,27.04,1060.16,Two year,Mailed check,West,2022-07-02,0
CUST00521,1,18,116.0,109.36,Two year,Credit card,East,2022-04-13,0
CUST00522,54,23,39.96,2265.72,Month-to-month,Bank transfer,Central,2022-09-10,0
CUST00523,4,38,60.09,216.74,Month-to-month,Bank transfer,North,2023-01-30,0
CUST00524,40,31,59.77,2290.68,One year,Credit card,South,2021-10-18,0
CUST00525,5,37,82.76,416.29,Month-to-month,Credit card,East,2021-11-10,1
CUST00526,9,24,76.56,743.42,Month-to-month,Mailed check,South,2023-01-12,0
CUST00527,8,45,44.33,,Two year,Electronic check,North,2021-08-04,0
CUST00528,10,39,56.85,544.45,Two year,Electronic check,North,2021-03-26,0
CUST00529,50,49,59.33,3193.34,One year,Mailed check,West,2023-07-24,0
CUST00530,12,44,83.72,,Month-to-month,Bank transfer,East,2021-08-17,1
CUST00531,15,44,35.79,543.97,One year,Electronic check,North,2021-05-13,0
CUST00532,1,21,115.45,118.27,One year,Electronic check,North,2023-03-19,0
CUST00533,15,48,46.02,659.89,Month-to-month,Bank transfer,East,2022-08-06,0
CUST00534,6,37,64.78,402.24,One year,Credit card,North,2021-06-11,0
CUST00535,9,39,36.0,315.67,Month-to-month,Electronic check,West,2023-07-21,1
CUST00536,29,56,32.55,976.76,Month-to-month,Bank transfer,West,2021-09-26,0
CUST00537,8,31,43.14,313.38,Month-to-month,Electronic check,North,2023-01-11,1
CUST00538,10,60,40.74,414.22,Month-to-month,Bank transfer,East,2022-12-14,0
CUST00539,24,62,54.64,1284.34,Month-to-month,Credit card,North,2023-06-28,0
CUST00540,9,52,40.53,385.74,Two year,Credit card,South,2023-03-10,0
CUST00541,27,28,82.39,2219.64,Two year,Bank transfer,Central,2023-02-09,0
CUST00542,4,18,45.43,193.07,One year,Bank transfer,East,2021-02-26,0
CUST00543,2,57,42.65,87.46,Two year,Credit card,Central,2023-10-25,0
CUST00544,7,43,55.18,,Two year,Bank transfer,North,2021-05-19,0
CUST00545,20,31,89.82,1867.15,Month-to-month,Mailed check,South,2021-10-05,1
CUST00546,6,58,70.37,438.98,Month-to-month,Credit card,East,2022-05-04,0
CUST00547,72,29,62.51,4606.92,Month-to-month,Bank transfer,East,2021-11-12,0
CUST00548,26,36,29.17,671.49,Month-to-month,Credit card,Central,2022-10-12,0
CUST00549,10,49,36.43,346.4,One year,Bank transfer,North,2021-02-27,0
CUST00550,72,26,33.04,2543.51,Month-to-month,Credit card,Central,2022-05-12,0
CUST00551,11,40,97.67,1006.9,Month-to-month,Electronic check,Central,2022-01-18,0
CUST00552,1,57,78.26,81.71,Month-to-month,Electronic check,East,2022-12-10,1
CUST00553,15,44,43.46,674.93,Month-to-month,Electronic check,South,2022-07-24,0
CUST00554,30,59,50.89,1471.3,Two year,Bank transfer,East,2023-04-08,0
CUST00555,8,57,44.37,319.55,Month-to-month,Bank transfer,South,2021-06-30,1
CUST00556,2,42,42.85,83.26,Month-to-month,Electronic check,West,2023-11-06,0
CUST00557,70,18,76.51,5912.16,Month-to-month,Electronic check,East,2022-03-06,0
CUST00558,13,26,57.81,719.09,Month-to-month,Credit card,Central,2022-01-19,0
CUST00559,31,52,117.03,3483.85,One year,Credit card,East,2022-08-24,0
CUST00560,45,20,96.26,4115.64,Month-to-month,Bank transfer,East,2021-06-28,0
CUST00561,20,37,97.74,2073.53,Month-to-month,Mailed check,West,2023-06-11,0
CUST00562,18,46,81.78,1454.16,Month-to-month,Mailed check,East,2021-10-17,0
CUST00563,16,62,54.43,843.63,Two year,Electronic check,Central,2023-10-13,0
CUST00564,69,33,79.94,5905.69,One year,Electronic check,North,2021-06-12,0
CUST00565,9,32,56.28,521.2,One year,Credit card,Central,2023-08-05,0
CUST00566,34,41,105.76,3430.56,One year,Mailed check,West,2022-03-08,0
CUST00567,19,46,75.11,1339.78,One year,Bank transfer,Central,2022-10-28,0
CUST00568,2,39,71.56,151.41,Month-to-month,Bank transfer,East,2023-08-14,1
CUST00569,29,56,68.18,1978.88,Month-to-month,Mailed check,West,2021-05-22,0
CUST00570,44,30,108.51,4404.64,Month-to-month,Electronic check,South,2022-01-16,0
CUST00571,11,43,29.16,292.16,Month-to-month,Bank transfer,West,2023-11-05,0
CUST00572,24,48,110.96,2514.44,Two year,Electronic check,North,2021-06-12,1
CUST00573,13,36,60.35,735.93,Month-to-month,Mailed check,South,2021-04-23,0
CUST00574,1,53,29.85,26.8,One year,Credit card,South,2022-07-27,0
CUST00575,11,44,46.19,480.16,Two year,Bank transfer,South,2021-01-28,1
CUST00576,13,53,23.73,294.31,Month-to-month,Credit card,South,2023-12-23,0
CUST00577,72,44,81.34,5721.0,Two year,Electronic check,West,2023-09-17,0
CUST00578,25,47,39.04,1058.61,One year,Electronic check,South,2021-07-26,0
CUST00579,5,33,69.22,341.48,Two year,Mailed check,West,2021-07-09,0
CUST00580,14,33,93.36,1296.09,Month-to-month,Mailed check,North,2023-05-02,1
CUST00581,3,59,48.2,148.28,Month-to-month,Electronic check,West,2022-07-25,0
CUST00582,51,50,58.3,2938.02,Month-to-month,Credit card,West,2023-06-21,0
CUST00583,52,27,32.42,1719.57,Month-to-month,Electronic check,South,2023-11-26,0
CUST00584,38,44,55.29,2130.5,Month-to-month,Bank transfer,West,2022-03-16,0
CUST00585,8,18,129.35,1041.14,Two year,Bank transfer,Central,2021-10-06,0
CUST00586,1,33,84.45,96.13,One year,Bank transfer,West,2022-11-10,0
CUST00587,10,55,58.38,610.4,Month-to-month,Electronic check,South,2022-11-27,0
CUST00588,54,40,49.71,2539.15,Month-to-month,Mailed check,East,2022-04-19,0
CUST00589,47,43,63.93,3060.33,Month-to-month,Bank transfer,West,2021-11-24,0
CUST00590,3,18,68.25,196.64,Month-to-month,Mailed check,South,2021-10-15,1
CUST00591,24,36,54.52,1337.68,Two year,Bank transfer,West,2022-07-26,0
CUST00592,13,46,78.25,947.3,Month-to-month,Electronic check,South,2022-04-12,0
CUST00593,25,48,41.16,972.0,Month-to-month,Electronic check,West,2022-05-16,1
CUST00594,26,55,41.04,1085.39,One year,Bank transfer,North,2021-04-15,0
CUST00595,2,39,74.25,155.91,Month-to-month,Bank transfer,North,2023-08-23,1
CUST00596,11,39,35.78,403.47,Month-to-month,Electronic check,Central,2023-02-14,1
CUST00597,5,23,83.23,433.92,One year,Credit card,Central,2023-10-04,0
CUST00598,17,39,64.64,1119.42,One year,Electronic check,Central,2023-06-27,0
CUST00599,3,24,19.3,,Two year,Credit card,Central,2022-11-09,0
CUST00600,8,18,67.74,528.27,One year,Bank transfer,South,2021-12-03,1
CUST00601,10,26,22.87,238.0,Month-to-month,Credit card,South,2022-12-18,0
CUST00602,12,63,82.33,1038.59,One year,Credit card,North,2022-09-13,0
CUST00603,38,38,58.78,2226.59,Two year,Mailed check,East,2023-10-09,0
CUST00604,1,45,111.28,110.63,One year,Credit card,North,2021-09-12,1
CUST00605,53,34,91.78,5251.4,Two year,Electronic check,Central,2021-01-29,0
CUST00606,17,18,38.48,653.49,One year,Mailed check,North,2021-05-20,1
CUST00607,22,55,18.0,,Two year,Electronic check,North,2021-07-11,0
CUST00608,3,18,46.12,141.71,Month-to-month,Mailed check,North,2022-12-28,0
CUST00609,21,34,34.47,720.33,One year,Credit card,North,2021-06-10,0
CUST00610,12,41,110.64,1273.22,Month-to-month,Mailed check,North,2021-05-27,1
CUST00611,3,45,64.74,197.89,One year,Electronic check,West,2022-03-11,1
CUST00612,23,31,88.34,2027.88,One year,Mailed check,South,2023-05-07,0
CUST00613,3,18,57.87,189.6,Two year,Credit card,East,2022-04-10,0
CUST00614,3,30,60.51,188.69,Two year,Bank transfer,Central,2021-10-25,0
CUST00615,72,31,64.18,4483.38,Month-to-month,Bank transfer,East,2021-11-08,0
CUST00616,17,31,92.66,1632.64,One year,Mailed check,West,2023-06-16,1
CUST00617,39,55,72.79,2882.51,One year,Mailed check,South,2022-04-20,0
CUST00618,1,25,38.57,41.1,Month-to-month,Bank transfer,North,2022-02-08,0
CUST00619,12,46,105.56,1233.5,Month-to-month,Bank transfer,South,2023-04-27,0
CUST00620,2,44,57.68,116.45,Month-to-month,Credit card,Central,2022-02-08,0
CUST00621,4,55,53.61,213.38,One year,Bank transfer,East,2022-01-26,0
CUST00622,35,40,18.0,631.84,Month-to-month,Credit card,South,2023-04-02,0
CUST00623,11,53,80.86,850.09,Two year,Credit card,East,2021-12-25,1
CUST00624,72,39,67.53,5002.17,Month-to-month,Electronic check,West,2022-07-13,0
CUST00625,2,48,67.5,137.82,Two year,Mailed check,West,2022-12-29,1
CUST00626,12,20,54.93,701.52,Month-to-month,Mailed check,East,2021-08-09,0
CUST00627,7,18,50.62,354.16,One year,Electronic check,Central,2021-05-21,0
CUST00628,6,47,55.76,327.67,Month-to-month,Electronic check,West,2023-07-21,1
CUST00629,5,48,76.58,398.01,One year,Credit card,East,2021-11-22,1
CUST00630,21,48,80.98,1633.05,Two year,Mailed check,North,2022-01-08,0
CUST00631,5,34,59.22,312.16,Two year,Electronic check,North,2022-10-08,0
CUST00632,25,62,88.72,2338.09,Two year,Mailed check,Central,2021-04-23,0
CUST00633,11,35,63.03,736.92,Month-to-month,Mailed check,East,2021-02-19,1
CUST00634,23,47,52.39,1227.66,Month-to-month,Electronic check,South,2022-04-01,0
CUST00635,4,50,69.96,273.03,Month-to-month,Electronic check,East,2023-11-27,0
CUST00636,57,66,31.02,1777.79,Month-to-month,Credit card,North,2022-09-21,0
CUST00637,38,37,70.82,2742.3,One year,Credit card,West,2022-09-26,0
CUST00638,19,32,26.45,488.48,One year,Mailed check,North,2022-10-30,0
CUST00639,41,21,39.31,1719.14,One year,Bank transfer,West,2023-08-01,0
CUST00640,18,63,18.0,333.4,Two year,Credit card,East,2023-07-04,0
CUST00641,1,47,60.62,57.92,One year,Credit card,South,2021-01-27,0
CUST00642,17,48,105.24,1957.51,Two year,Electronic check,North,2022-08-16,1
CUST00643,11,85,62.07,686.09,Month-to-month,Credit card,West,2022-08-22,0
CUST00644,11,46,81.09,843.19,Month-to-month,Electronic check,North,2021-09-02,0
CUST00645,29,23,123.81,3441.44,One year,Electronic check,North,2023-12-04,0
CUST00646,3,39,75.1,242.06,Two year,Mailed check,West,2021-10-14,0
CUST00647,62,28,45.87,3103.45,Month-to-month,Bank transfer,South,2023-07-03,0
CUST00648,29,36,49.31,1502.17,Month-to-month,Electronic check,South,2021-04-21,1
CUST00649,16,36,65.02,1108.95,One year,Mailed check,North,2022-10-21,1
CUST00650,9,33,49.18,469.54,Month-to-month,Mailed check,Central,2023-03-17,0
CUST00651,53,22,51.05,2780.99,Month-to-month,Mailed check,South,2022-07-07,0
CUST00652,8,64,89.63,728.84,Two year,Credit card,North,2021-04-27,0
CUST00653,72,46,90.65,6702.98,One year,Mailed check,South,2021-05-16,0
CUST00654,21,38,23.83,518.85,Month-to-month,Electronic check,North,2022-10-26,0
CUST00655,67,52,44.55,2874.17,Two year,Electronic check,South,2023-08-03,0
CUST00656,7,48,53.4,387.48,Month-to-month,Electronic check,North,2022-10-16,0
CUST00657,70,45,79.98,6006.91,Two year,Electronic check,North,2021-04-21,0
CUST00658,44,51,93.58,4075.03,Month-to-month,Bank transfer,South,2023-05-11,0
CUST00659,3,43,132.55,391.42,One year,Mailed check,Central,2022-05-18,0
CUST00660,40,51,53.36,2185.26,Month-to-month,Mailed check,North,2021-03-23,0
CUST00661,25,52,54.61,1320.9,Month-to-month,Credit card,North,2022-02-07,0
CUST00662,1,44,79.71,74.46,Two year,Bank transfer,Central,2021-08-11,0
CUST00663,61,38,47.94,3092.16,Month-to-month,Electronic check,Central,2023-12-17,0
CUST00664,4,63,61.48,240.38,Month-to-month,Mailed check,West,2023-09-23,1
CUST00665,1,35,54.62,54.67,Month-to-month,Mailed check,North,2021-04-27,1
CUST00666,1,47,18.0,17.45,One year,Credit card,South,2022-09-19,1
CUST00667,3,47,68.08,217.28,Two year,Mailed check,North,2021-01-08,0
CUST00668,41,33,60.44,2583.75,Two year,Electronic check,North,2022-05-17,0
CUST00669,22,30,96.78,2103.53,Month-to-month,Bank transfer,South,2021-06-20,0
CUST00670,22,37,65.14,1348.54,Month-to-month,Mailed check,East,2023-03-30,0
CUST00671,1,35,33.63,33.05,Month-to-month,Electronic check,South,2021-03-20,0
CUST00672,16,21,58.55,963.51,One year,Bank transfer,East,2023-09-16,0
CUST00673,34,32,18.0,617.77,Two year,Electronic check,South,2021-09-11,0
CUST00674,12,45,34.73,419.03,One year,Credit card,South,2021-10-15,0
CUST00675,6,59,80.89,490.48,One year,Credit card,West,2023-08-28,0
CUST00676,11,49,58.82,671.57,Month-to-month,Mailed check,Central,2023-09-15,1
CUST00677,30,18,88.06,2636.27,Two year,Bank transfer,South,2021-04-16,1
CUST00678,1,50,18.0,18.41,Month-to-month,Bank transfer,East,2021-04-30,0
CUST00679,3,34,58.94,168.09,Month-to-month,Bank transfer,South,2023-07-24,1
CUST00680,4,48,53.11,239.57,Month-to-month,Electronic check,North,2023-12-07,1
CUST00681,2,41,88.9,175.28,Month-to-month,Mailed check,West,2022-06-20,0
CUST00682,27,39,81.82,2231.63,Month-to-month,Electronic check,North,2021-06-30,0
CUST00683,1,40,81.06,83.36,Month-to-month,Bank transfer,South,2021-06-17,0
CUST00684,12,41,103.54,1216.96,Month-to-month,Electronic check,East,2021-10-19,0
CUST00685,16,60,55.8,893.15,One year,Bank transfer,North,2023-01-21,0
CUST00686,17,41,98.38,1672.1,Month-to-month,Bank transfer,North,2021-04-16,0
CUST00687,4,57,38.89,148.45,Month-to-month,Credit card,South,2022-12-04,1
CUST00688,26,55,37.98,1009.13,Two year,Mailed check,Central,2023-05-31,0
CUST00689,66,51,83.82,5075.94,One year,Electronic check,East,2021-06-07,0
CUST00690,37,18,27.38,1101.84,Month-to-month,Bank transfer,South,2023-12-14,0
CUST00691,72,57,79.32,5937.47,Month-to-month,Electronic check,North,2023-12-18,0
CUST00692,72,35,67.53,5017.54,Two year,Electronic check,East,2021-11-22,0
CUST00693,2,52,91.8,167.66,Month-to-month,Credit card,North,2021-05-03,0
CUST00694,13,28,63.51,792.91,Month-to-month,Credit card,East,2021-12-23,0
CUST00695,54,25,66.4,3834.68,Two year,Bank transfer,West,2021-10-10,0
CUST00696,1,69,77.73,93.86,Month-to-month,Credit card,South,2021-11-02,1
CUST00697,6,28,48.43,307.94,One year,Electronic check,South,2023-10-10,0
CUST00698,6,58,47.34,298.77,One year,Electronic check,North,2021-06-19,0
CUST00699,1,43,76.86,78.88,One year,Mailed check,North,2021-12-14,0
CUST00700,32,36,64.27,1969.49,Month-to-month,Electronic check,South,2023-05-13,0
CUST00701,31,41,54.82,1783.98,Month-to-month,Credit card,Central,2021-03-04,0
CUST00702,38,23,62.93,2259.67,Month-to-month,Electronic check,North,2021-03-08,0
CUST00703,15,41,104.86,1477.69,Month-to-month,Bank transfer,East,2021-11-27,1
CUST00704,14,26,53.92,706.81,Two year,Credit card,West,2023-11-26,0
CUST00705,66,36,53.2,3682.5,Month-to-month,Bank transfer,North,2023-07-09,0
CUST00706,1,54,22.31,22.25,One year,Electronic check,North,2023-10-13,0
CUST00707,20,45,63.94,1285.25,One year,Mailed check,South,2023-08-05,0
CUST00708,18,21,81.42,1464.43,One year,Bank transfer,West,2021-05-10,0
CUST00709,72,53,85.9,5836.68,Month-to-month,Credit card,South,2022-03-16,0
CUST00710,68,41,67.71,4449.87,Month-to-month,Mailed check,West,2022-08-03,0
CUST00711,8,34,88.9,689.14,Two year,Mailed check,Central,2021-07-02,0
CUST00712,72,52,83.28,5574.85,One year,Credit card,West,2023-12-24,0
CUST00713,16,39,92.82,1447.68,Two year,Credit card,Central,2022-10-23,0
CUST00714,31,25,89.61,,Two year,Mailed check,West,2023-07-23,0
CUST00715,64,67,104.25,6864.71,One year,Electronic check,Central,2021-10-11,0
CUST00716,22,41,60.76,1380.9,Month-to-month,Bank transfer,West,2023-02-23,1
CUST00717,25,40,31.82,744.05,One year,Credit card,West,2021-04-26,0
CUST00718,72,36,81.59,5787.35,Month-to-month,Credit card,West,2021-01-25,0
CUST00719,17,58,84.51,1570.0,One year,Mailed check,Central,2022-12-03,0
CUST00720,39,34,104.25,3866.37,Two year,Electronic check,East,2021-03-16,0
CUST00721,46,20,97.03,4558.59,Month-to-month,Bank transfer,East,2021-10-30,1
CUST00722,5,32,113.64,571.2,Month-to-month,Credit card,East,2023-05-20,0
CUST00723,6,60,80.5,509.39,Month-to-month,Credit card,Central,2022-06-29,1
CUST00724,15,53,70.72,1076.47,Two year,Electronic check,South,2022-02-17,1
CUST00725,27,38,30.38,802.57,Month-to-month,Mailed check,West,2021-11-15,0
CUST00726,40,61,72.7,2917.71,Month-to-month,Mailed check,West,2023-01-02,0
CUST00727,1,52,51.19,51.4,Month-to-month,Electronic check,Central,2023-11-12,0
CUST00728,44,38,70.29,3078.58,Month-to-month,Credit card,North,2023-03-21,0
CUST00729,42,39,66.36,2603.29,Month-to-month,Electronic check,West,2022-01-29,1
CUST00730,32,46,76.79,2610.01,Month-to-month,Bank transfer,West,2022-04-08,1
CUST00731,5,30,62.57,329.53,Month-to-month,Credit card,Central,2021-04-23,1
CUST00732,51,42,88.38,4272.05,Month-to-month,Bank transfer,Central,2021-06-07,0
CUST00733,1,46,18.0,17.73,Month-to-month,Credit card,East,2021-10-21,0
CUST00734,1,18,69.75,68.97,Month-to-month,Mailed check,East,2022-02-28,1
CUST00735,8,39,95.06,716.5,Month-to-month,Credit card,North,2023-12-21,1
CUST00736,2,37,111.75,202.64,One year,Mailed check,Central,2023-08-12,0
CUST00737,1,56,83.3,80.51,Month-to-month,Electronic check,South,2021-05-04,0
CUST00738,23,18,107.12,2419.86,Month-to-month,Mailed check,West,2021-12-29,0
CUST00739,48,36,69.22,3083.13,Month-to-month,Mailed check,West,2021-03-03,0
CUST00740,44,35,65.07,2888.42,Month-to-month,Bank transfer,South,2021-03-10,0
CUST00741,29,55,78.24,2400.88,Month-to-month,Mailed check,North,2022-02-15,0
CUST00742,5,41,64.92,338.27,Month-to-month,Mailed check,North,2023-11-17,1
CUST00743,4,67,45.44,180.61,Two year,Mailed check,Central,2021-07-22,1
CUST00744,72,51,52.12,3407.32,Month-to-month,Mailed check,East,2023-01-16,0
CUST00745,3,36,37.2,115.59,Month-to-month,Bank transfer,North,2022-03-06,0
CUST00746,72,45,78.21,5672.34,Month-to-month,Mailed check,West,2022-08-16,1
CUST00747,65,37,65.28,4333.23,Month-to-month,Credit card,South,2023-08-10,0
CUST00748,15,54,55.99,921.15,Month-to-month,Mailed check,Central,2023-06-27,0
CUST00749,15,23,50.83,731.01,One year,Credit card,South,2023-06-26,0
CUST00750,6,30,77.63,,Two year,Mailed check,North,2022-03-27,0
CUST00751,16,48,84.51,1280.94,Month-to-month,Electronic check,North,2021-02-23,0
CUST00752,2,59,36.74,75.27,Month-to-month,Electronic check,East,2023-12-15,0
CUST00753,16,18,32.81,525.67,Month-to-month,Credit card,East,2023-12-25,1
CUST00754,51,61,88.86,4256.41,Month-to-month,Credit card,West,2023-07-29,0
CUST00755,15,40,30.62,426.7,One year,Electronic check,East,2022-06-07,0
CUST00756,3,18,78.69,231.88,Month-to-month,Bank transfer,South,2021-11-04,0
CUST00757,10,18,105.42,988.52,Month-to-month,Bank transfer,South,2021-07-11,1
CUST00758,30,20,105.48,3246.77,Two year,Electronic check,South,2022-02-11,1
CUST00759,7,41,83.45,572.13,Month-to-month,Mailed check,Central,2022-01-02,1
CUST00760,14,41,82.72,1121.77,Month-to-month,Bank transfer,North,2021-10-29,0
CUST00761,6,50,121.3,700.21,One year,Credit card,Central,2023-11-07,0
CUST00762,11,34,18.0,200.6,Month-to-month,Credit card,South,2022-12-23,0
CUST00763,4,26,53.39,214.01,Month-to-month,Electronic check,North,2021-09-02,1
CUST00764,65,36,86.21,5660.23,Month-to-month,Electronic check,North,2022-12-02,0
CUST00765,22,42,56.57,1255.75,Two year,Mailed check,North,2023-02-12,0
CUST00766,15,45,95.99,1434.65,Month-to-month,Electronic check,West,2022-07-27,1
CUST00767,72,30,64.02,4371.33,Month-to-month,Bank transfer,East,2023-11-03,0
CUST00768,49,54,68.29,3224.01,Month-to-month,Electronic check,South,2023-11-24,0
CUST00769,2,33,58.13,113.97,Month-to-month,Electronic check,West,2022-04-19,1
CUST00770,40,29,51.94,2292.13,One year,Electronic check,East,2022-06-02,1
CUST00771,27,34,51.32,1292.19,Month-to-month,Mailed check,Central,2021-08-26,0
CUST00772,42,57,71.78,2951.6,One year,Credit card,Central,2023-05-09,0
CUST00773,9,40,45.64,412.78,One year,Electronic check,West,2023-10-17,1
CUST00774,15,32,88.83,1312.24,Two year,Credit card,West,2022-12-22,0
CUST00775,41,54,81.33,3513.59,Month-to-month,Mailed check,West,2021-08-09,1
CUST00776,36,71,92.49,3278.28,Two year,Electronic check,East,2022-07-22,0
CUST00777,19,44,36.78,690.62,One year,Mailed check,West,2023-05-21,0
CUST00778,37,59,22.51,866.79,Month-to-month,Bank transfer,North,2021-02-16,0
CUST00779,2,56,64.9,141.55,One year,Electronic check,West,2022-10-09,1
CUST00780,26,33,137.47,3825.76,Two year,Electronic check,Central,2022-12-21,0
CUST00781,1,42,96.66,96.0,Month-to-month,Credit card,North,2022-08-11,0
CUST00782,1,24,51.14,51.01,Two year,Bank transfer,West,2022-12-05,0
CUST00783,1,39,75.61,75.79,Month-to-month,Mailed check,Central,2023-09-08,0
CUST00784,65,33,83.19,5447.09,One year,Credit card,North,2021-05-17,0
CUST00785,44,36,30.79,1297.36,Two year,Credit card,East,2022-09-17,0
CUST00786,25,31,99.24,2597.18,Month-to-month,Mailed check,Central,2023-05-22,1
CUST00787,18,37,60.81,1105.89,Two year,Bank transfer,Central,2023-06-20,0
CUST00788,3,49,62.73,187.77,Month-to-month,Electronic check,North,2022-05-27,1
CUST00789,3,40,65.59,184.26,One year,Mailed check,South,2023-12-29,0
CUST00790,28,18,93.61,2629.24,One year,Bank transfer,West,2021-12-21,0
CUST00791,41,31,46.12,1711.92,Month-to-month,Electronic check,North,2022-04-28,1
CUST00792,39,20,22.33,845.54,Month-to-month,Credit card,South,2023-06-22,0
CUST00793,72,45,73.07,5112.92,Month-to-month,Credit card,North,2022-04-27,0
CUST00794,15,49,18.0,273.87,Month-to-month,Mailed check,North,2022-01-11,1
CUST00795,3,45,57.47,188.62,Month-to-month,Mailed check,East,2022-09-01,0
CUST00796,3,30,94.67,292.13,Month-to-month,Electronic check,West,2022-11-12,1
CUST00797,4,45,79.48,340.94,Month-to-month,Bank transfer,East,2023-11-29,1
CUST00798,72,35,91.06,6767.83,Month-to-month,Electronic check,West,2022-11-08,0
CUST00799,2,26,80.51,170.08,One year,Mailed check,South,2021-07-22,0
CUST00800,19,52,125.26,2600.93,One year,Bank transfer,South,2021-02-27,0
CUST00801,70,53,50.29,3391.49,One year,Bank transfer,North,2023-11-26,0
CUST00802,15,55,74.95,1079.44,Month-to-month,Bank transfer,North,2022-04-09,0
CUST00803,3,33,54.05,167.57,Two year,Electronic check,South,2021-08-09,0
CUST00804,28,58,88.92,2489.3,One year,Credit card,North,2021-09-01,0
CUST00805,3,35,63.46,192.48,Month-to-month,Bank transfer,North,2021-04-27,0
CUST00806,51,51,107.97,5438.01,Month-to-month,Credit card,North,2021-08-07,0
CUST00807,1,34,51.73,50.19,One year,Mailed check,West,2023-05-05,0
CUST00808,17,38,100.18,1841.07,Month-to-month,Credit card,East,2022-12-19,0
CUST00809,32,18,79.83,2414.08,Month-to-month,Mailed check,Central,2022-10-19,1
CUST00810,4,37,64.19,265.57,Two year,Credit card,West,2021-01-13,0
CUST00811,1,43,78.56,80.62,Month-to-month,Electronic check,East,2023-01-07,0
CUST00812,16,36,71.53,1054.12,Month-to-month,Electronic check,North,2023-11-28,0
CUST00813,11,66,73.9,779.13,Two year,Bank transfer,East,2023-10-08,0
CUST00814,7,25,59.83,404.93,One year,Bank transfer,North,2022-03-09,0
CUST00815,26,34,47.46,1268.79,Month-to-month,Bank transfer,South,2022-10-20,0
CUST00816,30,29,56.62,1667.43,Two year,Mailed check,South,2021-11-24,1
CUST00817,64,34,22.92,1460.6,Two year,Credit card,South,2023-09-01,0
CUST00818,72,56,86.05,5744.05,Month-to-month,Mailed check,South,2023-10-05,0
CUST00819,15,62,34.12,571.32,One year,Bank transfer,West,2021-09-02,0
CUST00820,1,32,59.56,59.77,Month-to-month,Credit card,West,2022-06-17,1
CUST00821,6,31,81.2,499.36,Month-to-month,Bank transfer,West,2021-09-16,1
CUST00822,1,25,85.98,83.66,One year,Bank transfer,East,2022-11-04,0
CUST00823,13,60,20.63,259.44,Month-to-month,Credit card,East,2021-11-17,0
CUST00824,2,57,62.7,137.39,One year,Credit card,North,2023-02-01,1
CUST00825,63,40,76.49,4357.05,Two year,Mailed check,West,2023-12-11,0
CUST00826,1,22,66.3,67.22,Month-to-month,Mailed check,East,2023-08-13,0
CUST00827,36,23,98.6,3334.58,One year,Electronic check,South,2021-07-19,1
CUST00828,6,44,44.45,261.3,Month-to-month,Bank transfer,South,2021-05-23,0
CUST00829,10,49,18.0,174.26,Two year,Credit card,Central,2023-06-12,0
CUST00830,38,18,85.26,3080.16,Month-to-month,Mailed check,East,2021-03-31,0
CUST00831,1,37,51.57,51.66,One year,Mailed check,East,2022-03-15,0
CUST00832,4,64,21.04,73.35,One year,Electronic check,East,2023-12-25,0
CUST00833,15,38,61.04,901.16,Month-to-month,Mailed check,South,2022-05-06,0
CUST00834,23,62,95.76,2192.54,One year,Electronic check,East,2021-01-10,0
CUST00835,15,51,33.42,467.23,One year,Credit card,South,2023-12-04,0
CUST00836,17,26,123.4,2256.52,One year,Bank transfer,South,2023-02-15,0
CUST00837,28,37,44.05,1196.74,One year,Electronic check,West,2021-12-29,0
CUST00838,1,40,67.18,66.38,Two year,Electronic check,North,2022-11-01,1
CUST00839,9,28,34.52,301.48,Month-to-month,Credit card,West,2022-11-02,0
CUST00840,14,28,66.04,920.79,Month-to-month,Credit card,South,2022-08-29,0
CUST00841,27,63,61.66,1773.71,Month-to-month,Credit card,West,2023-11-19,1
CUST00842,14,28,27.76,436.7,One year,Electronic check,East,2023-05-11,0
CUST00843,12,57,135.65,1688.49,Month-to-month,Electronic check,West,2021-10-11,0
CUST00844,7,35,52.62,388.38,Month-to-month,Electronic check,East,2023-12-23,1
CUST00845,18,41,52.64,1028.84,Month-to-month,Credit card,Central,2023-11-20,0
CUST00846,4,49,89.23,361.36,Two year,Credit card,East,2021-02-21,0
CUST00847,1,33,110.36,119.02,Month-to-month,Credit card,West,2021-11-22,0
CUST00848,53,49,93.16,5133.1,One year,Electronic check,West,2022-11-04,0
CUST00849,23,18,34.97,810.1,Month-to-month,Electronic check,North,2023-08-20,0
CUST00850,2,48,70.35,143.16,Two year,Credit card,South,2023-02-24,0
CUST00851,1,18,18.0,16.36,Month-to-month,Credit card,South,2022-09-21,0
CUST00852,24,38,87.54,2131.65,Month-to-month,Bank transfer,South,2021-12-02,1
CUST00853,37,53,24.12,823.55,Two year,Electronic check,South,2021-04-16,0
CUST00854,17,50,44.92,701.58,Two year,Electronic check,South,2023-09-05,0
CUST00855,1,23,64.92,65.55,Month-to-month,Electronic check,East,2022-08-07,1
CUST00856,4,25,76.13,287.56,Month-to-month,Bank transfer,North,2022-05-16,0
CUST00857,1,32,58.48,58.46,One year,Credit card,West,2023-12-10,0
CUST00858,33,44,102.98,3421.86,Two year,Bank transfer,South,2021-06-30,0
CUST00859,3,18,83.08,251.52,Month-to-month,Mailed check,West,2021-10-06,0
CUST00860,43,41,81.12,3330.47,Month-to-month,Credit card,North,2023-07-25,1
CUST00861,32,46,34.26,1145.58,One year,Electronic check,East,2021-11-08,0
CUST00862,14,38,107.48,1498.01,One year,Credit card,North,2023-10-30,0
CUST00863,13,49,44.92,596.84,One year,Credit card,West,2023-07-29,0
CUST00864,2,45,108.44,203.91,One year,Bank transfer,South,2021-04-19,0
CUST00865,6,34,115.55,687.12,Month-to-month,Credit card,Central,2022-05-17,1
CUST00866,2,18,77.82,164.18,Two year,Bank transfer,South,2023-04-04,0
CUST00867,42,43,90.8,3998.59,Two year,Mailed check,East,2022-06-21,0
CUST00868,15,28,18.0,259.24,One year,Mailed check,South,2021-08-24,0
CUST00869,2,33,60.12,116.96,Month-to-month,Credit card,East,2021-02-19,1
CUST00870,41,48,92.55,3606.97,Month-to-month,Bank transfer,East,2021-01-08,0
CUST00871,1,61,88.11,,One year,Electronic check,South,2021-07-15,0
CUST00872,5,41,34.51,160.48,Month-to-month,Credit card,North,2021-10-13,1
CUST00873,43,49,57.66,2462.25,Two year,Electronic check,North,2021-11-27,0
CUST00874,22,21,18.0,408.54,Month-to-month,Bank transfer,North,2023-07-26,0
CUST00875,18,45,75.32,1302.54,One year,Electronic check,Central,2022-07-11,0
CUST00876,48,41,18.0,860.09,Two year,Bank transfer,South,2021-06-04,0
CUST00877,4,59,93.26,368.93,Month-to-month,Mailed check,North,2021-04-02,1
CUST00878,8,34,94.57,796.47,Month-to-month,Mailed check,Central,2021-05-24,0
CUST00879,11,38,53.14,566.67,One year,Bank transfer,North,2021-12-10,0
CUST00880,43,56,78.03,3258.79,One year,Credit card,South,2023-03-21,0
CUST00881,3,40,59.57,171.15,Month-to-month,Mailed check,West,2021-02-24,1
CUST00882,37,26,71.05,2479.33,One year,Credit card,Central,2022-03-21,0
CUST00883,1,77,36.32,37.28,Two year,Mailed check,West,2022-05-06,0
CUST00884,7,26,80.56,560.11,Month-to-month,Electronic check,East,2021-06-12,0
CUST00885,6,41,23.97,144.21,Month-to-month,Electronic check,Central,2021-03-06,1
CUST00886,14,46,19.25,286.68,Month-to-month,Electronic check,North,2021-09-09,0
CUST00887,13,45,61.95,858.99,Month-to-month,Bank transfer,Central,2021-06-16,1
CUST00888,72,39,59.72,3945.91,Month-to-month,Bank transfer,West,2023-05-21,0
CUST00889,11,39,71.81,815.5,Month-to-month,Mailed check,Central,2023-10-01,1
CUST00890,23,38,48.76,1134.13,One year,Mailed check,South,2022-11-14,0
CUST00891,1,26,112.14,,Month-to-month,Credit card,North,2023-04-11,1
CUST00892,34,72,69.02,2385.13,Two year,Bank transfer,West,2023-04-14,0
CUST00893,13,38,70.82,841.19,Month-to-month,Electronic check,East,2023-08-19,0
CUST00894,11,50,69.93,825.49,Month-to-month,Electronic check,East,2021-04-18,0
CUST00895,3,37,90.07,277.17,One year,Mailed check,Central,2023-12-28,0
CUST00896,67,37,79.4,5089.67,Two year,Mailed check,East,2022-05-17,0
CUST00897,23,35,76.05,1697.95,Month-to-month,Credit card,South,2022-08-18,1
CUST00898,7,20,83.4,534.09,Month-to-month,Bank transfer,South,2023-05-23,0
CUST00899,1,39,19.38,19.08,Month-to-month,Credit card,North,2022-06-25,1
CUST00900,42,36,20.33,833.25,Month-to-month,Bank transfer,North,2021-10-19,0
CUST00901,23,58,63.1,,Month-to-month,Mailed check,North,2021-01-21,0
CUST00902,12,25,60.06,748.71,Month-to-month,Bank transfer,West,2021-07-05,0
CUST00903,7,33,79.5,592.03,Month-to-month,Bank transfer,West,2021-04-03,0
CUST00904,31,29,65.5,2027.72,Month-to-month,Bank transfer,East,2022-02-23,0
CUST00905,35,62,79.55,2741.7,Two year,Electronic check,South,2023-05-03,0
CUST00906,12,29,33.86,415.16,One year,Bank transfer,West,2022-01-01,0
CUST00907,19,49,64.73,1228.66,Month-to-month,Mailed check,West,2022-10-17,0
CUST00908,72,55,31.47,2143.24,Month-to-month,Credit card,Central,2021-07-23,0
CUST00909,72,39,74.67,5200.79,Month-to-month,Credit card,East,2022-10-09,0
CUST00910,48,22,18.04,853.09,Month-to-month,Bank transfer,West,2023-11-11,0
CUST00911,15,22,73.71,1119.37,One year,Credit card,East,2021-12-12,1
CUST00912,2,54,28.28,56.59,Two year,Bank transfer,East,2022-06-13,0
CUST00913,41,24,55.41,,Two year,Electronic check,Central,2023-11-21,0
CUST00914,1,47,87.37,80.71,Two year,Bank transfer,South,2022-10-28,1
CUST00915,9,43,70.68,657.28,Two year,Credit card,South,2022-03-14,0
CUST00916,1,47,23.86,23.86,Two year,Electronic check,South,2021-05-13,0
CUST00917,26,48,48.19,1412.86,Month-to-month,Electronic check,East,2023-10-24,1
CUST00918,10,28,27.47,269.38,Month-to-month,Mailed check,East,2022-10-30,0
CUST00919,19,28,22.63,436.92,Month-to-month,Credit card,West,2021-03-04,0
CUST00920,14,52,67.94,1085.71,One year,Bank transfer,South,2022-09-01,0
CUST00921,19,33,79.01,1515.76,Month-to-month,Credit card,North,2023-11-27,1
CUST00922,2,18,76.02,151.53,Two year,Credit card,Central,2023-10-18,0
CUST00923,2,51,80.07,152.24,One year,Bank transfer,South,2021-08-03,0
CUST00924,27,27,64.7,1880.39,Month-to-month,Bank transfer,Central,2022-03-28,0
CUST00925,13,48,58.17,712.38,Month-to-month,Mailed check,North,2023-12-17,0
CUST00926,13,61,38.17,506.81,Month-to-month,Electronic check,East,2023-05-07,0
CUST00927,1,42,54.0,52.72,Month-to-month,Mailed check,East,2022-09-06,1
CUST00928,22,55,31.97,696.68,Two year,Bank transfer,West,2021-11-30,0
CUST00929,19,44,43.87,774.19,One year,Electronic check,North,2023-04-16,0
CUST00930,1,64,67.22,71.73,One year,Electronic check,Central,2022-09-26,0
CUST00931,2,27,62.05,122.38,Month-to-month,Electronic check,East,2022-07-28,1
CUST00932,18,41,141.62,2394.29,Month-to-month,Bank transfer,East,2023-10-13,0
CUST00933,1,51,31.36,33.32,Month-to-month,Credit card,East,2022-02-18,0
CUST00934,7,39,61.87,422.17,One year,Credit card,North,2022-11-16,0
CUST00935,3,58,29.41,89.71,One year,Mailed check,East,2021-02-17,0
CUST00936,16,35,55.31,922.19,Month-to-month,Bank transfer,South,2023-02-18,1
CUST00937,16,70,56.32,922.48,Two year,Credit card,South,2022-08-23,0
CUST00938,20,71,86.12,1533.23,Month-to-month,Bank transfer,East,2023-08-18,0
CUST00939,32,45,53.76,1780.13,Two year,Mailed check,East,2021-12-31,0
CUST00940,11,49,60.22,659.09,Month-to-month,Mailed check,North,2023-10-11,0
CUST00941,1,58,54.24,53.35,Month-to-month,Bank transfer,North,2022-09-23,1
CUST00942,46,25,29.97,1371.1,Two year,Mailed check,North,2021-08-17,0
CUST00943,20,23,48.7,895.59,Month-to-month,Credit card,North,2021-06-25,0
CUST00944,11,59,55.45,615.81,Month-to-month,Credit card,East,2021-08-03,0
CUST00945,20,45,66.85,1245.79,Month-to-month,Electronic check,North,2021-11-27,1
CUST00946,6,38,78.97,467.05,Month-to-month,Bank transfer,Central,2022-08-26,1
CUST00947,10,42,59.14,596.02,One year,Mailed check,North,2023-08-09,0
CUST00948,28,18,58.7,1731.86,Two year,Bank transfer,North,2023-12-27,0
CUST00949,24,39,21.98,505.9,Two year,Mailed check,Central,2023-01-13,0
CUST00950,67,31,78.49,5640.51,Month-to-month,Mailed check,South,2022-06-21,0
CUST00951,8,54,47.6,398.83,Month-to-month,Mailed check,South,2022-11-03,0
CUST00952,20,55,83.68,1637.67,Month-to-month,Electronic check,Central,2021-12-29,1
CUST00953,16,50,97.91,1479.71,Month-to-month,Credit card,Central,2021-09-26,0
CUST00954,1,47,60.3,55.95,Month-to-month,Electronic check,West,2022-08-12,0
CUST00955,6,21,39.42,239.73,Two year,Mailed check,North,2023-06-26,0
CUST00956,71,50,64.58,4416.15,Two year,Electronic check,East,2021-03-12,0
CUST00957,12,50,73.72,937.69,One year,Electronic check,Central,2021-05-02,0
CUST00958,2,59,57.11,110.34,Month-to-month,Mailed check,Central,2021-07-14,0
CUST00959,15,71,50.9,729.12,Month-to-month,Credit card,North,2021-08-18,0
CUST00960,32,18,79.09,2560.44,Month-to-month,Credit card,South,2021-06-13,0
CUST00961,48,36,77.44,3589.61,Month-to-month,Mailed check,South,2021-05-23,0
CUST00962,25,31,56.34,1409.1,Month-to-month,Bank transfer,North,2021-01-31,1
CUST00963,7,44,23.65,173.71,Month-to-month,Credit card,West,2022-01-17,0
CUST00964,26,42,76.41,1998.3,Month-to-month,Electronic check,South,2023-03-02,1
CUST00965,24,38,45.82,1106.33,Two year,Credit card,South,2021-06-21,0
CUST00966,61,56,70.36,4335.98,Month-to-month,Electronic check,North,2021-12-23,1
CUST00967,24,26,68.78,,Two year,Electronic check,East,2023-12-02,0
CUST00968,16,27,18.0,293.64,Month-to-month,Mailed check,North,2021-07-04,0
CUST00969,4,27,67.03,270.26,One year,Electronic check,South,2023-12-18,1
CUST00970,18,36,77.86,1464.05,Month-to-month,Credit card,North,2022-07-15,1
CUST00971,7,24,80.93,583.67,Month-to-month,Credit card,Central,2023-03-04,1
CUST00972,3,41,67.93,201.73,Month-to-month,Mailed check,North,2021-12-21,0
CUST00973,55,39,18.0,1041.1,Month-to-month,Credit card,East,2021-12-22,0
CUST00974,11,30,96.93,1050.63,Two year,Credit card,North,2022-03-07,0
CUST00975,38,54,75.28,2895.99,Month-to-month,Credit card,North,2021-05-21,0
CUST00976,36,41,34.92,1237.56,One year,Credit card,North,2021-12-12,0
CUST00977,10,56,45.31,463.56,Month-to-month,Bank transfer,North,2023-09-07,0
CUST00978,9,39,70.78,625.03,Month-to-month,Electronic check,North,2021-01-05,1
CUST00979,28,41,81.99,2484.84,Month-to-month,Credit card,East,2022-09-19,0
CUST00980,1,34,52.8,58.13,Month-to-month,Bank transfer,West,2023-01-24,0
CUST00981,31,41,85.64,2770.85,Two year,Credit card,North,2021-06-04,0
CUST00982,6,51,20.18,130.41,Two year,Credit card,South,2021-05-02,0
CUST00983,4,36,38.94,143.77,One year,Electronic check,East,2022-08-28,1
CUST00984,5,49,18.0,83.6,Month-to-month,Mailed check,North,2021-08-28,0
CUST00985,44,30,42.56,1842.53,Month-to-month,Electronic check,South,2023-12-07,0
CUST00986,53,52,102.7,5454.32,Two year,Electronic check,North,2021-07-28,0
CUST00987,11,33,116.45,1268.26,Month-to-month,Credit card,North,2021-05-24,1
CUST00988,25,53,70.86,1626.05,Month-to-month,Credit card,East,2021-12-29,1
CUST00989,72,42,49.04,3734.19,Month-to-month,Credit card,Central,2021-12-30,0
CUST00990,4,63,59.46,263.46,One year,Credit card,Central,2021-06-25,0
CUST00991,18,25,76.83,1471.52,One year,Bank transfer,Central,2022-12-30,0
CUST00992,5,21,25.93,136.69,One year,Bank transfer,South,2022-01-15,0
CUST00993,64,33,50.69,3280.84,One year,Credit card,North,2022-08-01,0
CUST00994,1,22,100.87,96.62,Month-to-month,Bank transfer,South,2021-09-24,1
CUST00995,1,22,38.86,39.0,Two year,Bank transfer,North,2021-04-16,0
CUST00996,11,50,46.27,562.55,Month-to-month,Electronic check,North,2021-03-09,1
CUST00997,2,41,65.33,128.36,One year,Bank transfer,North,2021-02-27,0
CUST00998,8,35,72.08,563.52,Month-to-month,Credit card,East,2023-08-12,0
CUST00999,38,36,49.37,1979.93,Two year,Bank transfer,South,2021-10-17,0
CUST01000,9,33,66.92,637.62,Month-to-month,Mailed check,North,2021-12-01,0
CUST01001,1,65,80.2,76.8,Month-to-month,Electronic check,West,2022-09-27,1
CUST01002,72,31,114.04,8103.53,Month-to-month,Electronic check,South,2021-04-15,0
CUST01003,3,23,61.84,180.86,Month-to-month,Bank transfer,Central,2022-10-20,0
CUST01004,17,53,63.97,1091.28,Month-to-month,Bank transfer,North,2022-07-26,0
CUST01005,17,38,103.19,1851.04,One year,Credit card,East,2023-05-17,0
CUST01006,10,70,51.27,492.09,Month-to-month,Credit card,North,2021-05-15,0
CUST01007,1,34,31.89,33.63,Two year,Mailed check,East,2021-01-19,0
CUST01008,13,53,71.26,931.09,Month-to-month,Credit card,North,2023-04-27,0
CUST01009,7,57,91.9,718.12,One year,Bank transfer,North,2022-02-10,0
CUST01010,26,34,74.03,1955.46,Month-to-month,Mailed check,East,2021-03-09,1
CUST01011,1,31,62.57,62.27,One year,Credit card,South,2022-09-02,0
CUST01012,31,52,28.79,918.14,One year,Electronic check,North,2022-05-24,0
CUST01013,25,50,63.54,1561.72,Month-to-month,Bank transfer,Central,2023-11-08,0
CUST01014,25,22,95.83,2180.7,Two year,Credit card,North,2023-10-31,1
CUST01015,25,26,34.15,843.48,Month-to-month,Bank transfer,East,2022-08-14,0
CUST01016,64,18,58.88,3720.03,Month-to-month,Credit card,East,2021-06-24,0
CUST01017,2,50,55.31,101.81,One year,Electronic check,South,2023-03-30,0
CUST01018,1,38,47.56,47.39,Two year,Bank transfer,East,2021-08-09,1
CUST01019,1,39,71.2,63.84,Month-to-month,Credit card,North,2023-07-07,0
CUST01020,17,18,76.08,1270.88,Month-to-month,Bank transfer,West,2022-10-20,0
CUST01021,2,26,75.82,153.49,Two year,Credit card,North,2022-01-24,0
CUST01022,17,35,40.58,693.21,One year,Mailed check,North,2023-12-09,0
CUST01023,19,32,23.85,443.84,Two year,Bank transfer,South,2022-07-18,0
CUST01024,2,43,71.56,142.51,Month-to-month,Mailed check,Central,2022-02-27,0
CUST01025,38,50,52.35,1911.31,One year,Credit card,West,2021-07-26,0
CUST01026,10,73,110.96,1110.2,Month-to-month,Electronic check,Central,2022-12-12,1
CUST01027,26,41,112.11,2923.33,Two year,Mailed check,West,2021-10-23,1
CUST01028,26,57,114.77,2849.7,Month-to-month,Electronic check,West,2021-06-16,1
CUST01029,4,30,41.5,168.22,One year,Bank transfer,East,2021-05-10,0
CUST01030,53,18,79.23,4254.08,Month-to-month,Electronic check,Central,2022-12-04,0
CUST01031,7,37,86.77,602.34,One year,Mailed check,East,2023-10-06,1
CUST01032,72,19,83.96,6776.9,One year,Credit card,South,2021-10-04,0
CUST01033,2,42,56.14,111.49,Month-to-month,Mailed check,East,2021-08-26,1
CUST01034,1,31,96.98,95.63,Two year,Electronic check,East,2022-11-03,0
CUST01035,4,18,65.01,254.55,Month-to-month,Electronic check,North,2021-06-06,0
CUST01036,14,66,68.2,908.45,One year,Electronic check,South,2021-04-08,0
CUST01037,17,34,26.55,466.83,Month-to-month,Credit card,South,2022-11-30,0
CUST01038,24,19,81.12,1880.08,Month-to-month,Bank transfer,West,2022-07-29,0
CUST01039,21,54,58.49,1193.41,Month-to-month,Credit card,South,2021-02-01,1
CUST01040,9,31,76.62,671.02,Month-to-month,Electronic check,West,2021-09-17,0
CUST01041,29,57,70.88,1954.29,Month-to-month,Mailed check,South,2021-08-06,1
CUST01042,1,31,69.52,63.43,One year,Electronic check,West,2023-01-17,1
CUST01043,1,34,63.86,62.38,One year,Mailed check,North,2022-12-30,0
CUST01044,3,46,84.66,,One year,Bank transfer,Central,2023-03-30,0
CUST01045,3,50,60.03,181.86,Month-to-month,Credit card,East,2021-04-19,0
CUST01046,11,52,28.62,339.39,Month-to-month,Mailed check,South,2023-07-18,0
CUST01047,21,40,79.22,1726.09,Month-to-month,Credit card,North,2021-08-18,1
CUST01048,72,49,44.77,3307.89,One year,Bank transfer,South,2023-12-23,0
CUST01049,6,52,31.89,209.35,Two year,Mailed check,South,2023-08-13,0
CUST01050,21,44,39.44,824.22,Month-to-month,Credit card,West,2022-05-18,0
CUST01051,3,40,72.08,216.92,One year,Mailed check,Central,2023-05-11,0
CUST01052,1,21,62.59,62.55,Month-to-month,Electronic check,West,2023-01-05,0
CUST01053,1,50,18.0,19.39,Month-to-month,Credit card,East,2023-04-28,0
CUST01054,31,42,55.41,1717.93,Month-to-month,Credit card,South,2021-01-21,0
CUST01055,72,36,94.23,6564.65,Month-to-month,Electronic check,West,2021-04-02,0
CUST01056,64,59,53.72,3539.1,One year,Credit card,West,2023-09-19,0
CUST01057,13,22,60.86,758.89,Two year,Credit card,South,2023-05-06,0
CUST01058,1,65,91.07,93.5,Month-to-month,Credit card,Central,2022-11-06,0
CUST01059,4,41,84.89,346.59,Month-to-month,Mailed check,South,2021-12-09,1
CUST01060,38,46,90.54,3407.94,One year,Bank transfer,West,2022-04-07,0
CUST01061,5,36,18.0,92.55,Two year,Bank transfer,Central,2022-03-07,0
CUST01062,21,18,108.34,2105.89,One year,Bank transfer,West,2022-04-21,0
CUST01063,8,40,80.91,652.55,Month-to-month,Bank transfer,North,2022-11-19,0
CUST01064,17,46,126.54,2101.41,One year,Bank transfer,East,2023-04-11,0
CUST01065,39,51,45.44,2025.78,Month-to-month,Bank transfer,North,2022-02-25,0
CUST01066,13,39,20.91,273.95,Two year,Bank transfer,West,2023-07-02,0
CUST01067,72,18,65.18,4553.02,Month-to-month,Bank transfer,South,2021-04-10,0
CUST01068,11,20,58.12,595.26,One year,Electronic check,West,2023-06-04,1
CUST01069,10,70,81.34,866.49,Month-to-month,Electronic check,Central,2023-01-11,0
CUST01070,15,26,91.87,1353.93,Month-to-month,Credit card,North,2022-07-14,0
CUST01071,1,61,62.82,60.33,Two year,Credit card,South,2022-02-15,0
CUST01072,39,28,58.98,2338.9,One year,Bank transfer,East,2022-02-11,0
CUST01073,11,39,78.07,886.67,Month-to-month,Electronic check,South,2022-01-30,0
CUST01074,28,50,58.59,1692.52,Two year,Credit card,North,2023-11-02,0
CUST01075,18,30,56.5,1018.0,Two year,Electronic check,North,2021-01-30,0
CUST01076,21,64,90.93,1924.73,Month-to-month,Mailed check,South,2022-11-26,1
CUST01077,23,43,96.49,2245.02,Month-to-month,Mailed check,East,2023-12-20,1
CUST01078,6,48,92.1,561.89,Month-to-month,Electronic check,East,2022-08-19,1
CUST01079,38,38,60.79,2359.09,One year,Credit card,North,2022-12-01,0
CUST01080,1,51,18.0,18.99,Month-to-month,Bank transfer,East,2022-10-18,0
CUST01081,1,64,61.29,61.46,Month-to-month,Mailed check,South,2022-07-08,0
CUST01082,31,40,46.05,1369.25,Two year,Bank transfer,South,2022-11-21,0
CUST01083,65,66,61.76,3985.44,Two year,Electronic check,West,2023-09-17,0
CUST01084,6,33,48.22,300.22,Two year,Mailed check,South,2023-02-20,0
CUST01085,3,52,64.48,176.16,Two year,Bank transfer,East,2023-07-20,0
CUST01086,15,48,39.02,533.19,One year,Mailed check,Central,2022-08-29,0
CUST01087,3,27,32.98,103.48,One year,Credit card,East,2023-04-27,0
CUST01088,1,44,95.57,102.83,One year,Electronic check,East,2023-08-17,0
CUST01089,16,42,40.76,610.9,Month-to-month,Electronic check,North,2021-08-21,1
CUST01090,2,30,65.01,130.67,Month-to-month,Bank transfer,North,2023-07-31,1
CUST01091,22,47,88.86,1915.87,Month-to-month,Credit card,North,2023-01-22,0
CUST01092,10,44,87.86,867.14,One year,Mailed check,West,2022-04-30,1
CUST01093,63,40,84.87,5428.49,Month-to-month,Electronic check,West,2023-04-28,1
CUST01094,19,41,72.57,,Month-to-month,Credit card,North,2021-07-04,0
CUST01095,29,40,83.1,2276.49,One year,Mailed check,North,2023-02-04,0
CUST01096,15,36,99.33,1467.51,Month-to-month,Electronic check,South,2022-09-24,1
CUST01097,25,43,75.63,1877.01,Month-to-month,Bank transfer,East,2023-08-31,1
CUST01098,39,32,19.07,701.86,Two year,Mailed check,East,2022-11-11,0
CUST01099,16,79,51.79,861.36,Two year,Credit card,West,2022-07-30,0
CUST01100,16,22,82.41,1291.03,Month-to-month,Mailed check,Central,2022-07-28,0
CUST01101,4,33,49.32,193.12,Month-to-month,Bank transfer,South,2022-08-31,1
CUST01102,1,34,105.5,106.99,Month-to-month,Bank transfer,West,2023-09-03,0
CUST01103,7,70,63.42,441.08,One year,Electronic check,East,2023-05-10,0
CUST01104,17,23,67.13,1189.0,Two year,Mailed check,South,2021-04-12,0
CUST01105,34,47,93.12,3018.32,Month-to-month,Electronic check,Central,2022-08-06,0
CUST01106,16,45,60.43,899.32,One year,Bank transfer,North,2021-11-11,0
CUST01107,66,46,69.41,4510.1,Month-to-month,Credit card,West,2021-06-30,0
CUST01108,23,59,87.48,2018.1,Month-to-month,Credit card,West,2023-08-07,0
CUST01109,42,59,28.19,1110.53,Two year,Mailed check,Central,2023-07-28,0
CUST01110,72,35,57.87,3877.53,Month-to-month,Mailed check,East,2023-10-26,0
CUST01111,56,44,85.73,4844.64,Month-to-month,Bank transfer,South,2022-03-08,1
CUST01112,71,18,66.64,4552.17,Month-to-month,Bank transfer,West,2022-04-12,0
CUST01113,12,43,101.68,1131.55,One year,Credit card,West,2023-05-02,1
CUST01114,4,30,25.6,107.34,Two year,Electronic check,East,2021-07-30,0
CUST01115,10,39,22.75,220.31,Two year,Electronic check,West,2021-03-01,1
CUST01116,2,18,84.24,178.17,Month-to-month,Mailed check,South,2022-04-06,0
CUST01117,2,47,86.65,173.55,Month-to-month,Mailed check,East,2022-11-21,1
CUST01118,1,18,60.17,61.06,One year,Mailed check,Central,2022-05-15,0
CUST01119,1,44,75.01,74.22,Month-to-month,Credit card,South,2021-08-20,1
CUST01120,55,24,83.63,3989.01,Two year,Electronic check,East,2022-07-23,0
CUST01121,72,30,44.65,3032.07,One year,Credit card,Central,2023-10-30,0
CUST01122,26,58,47.33,1222.85,Month-to-month,Bank transfer,West,2021-10-28,0
CUST01123,20,50,69.74,1420.24,Two year,Bank transfer,Central,2022-03-15,0
CUST01124,16,58,87.6,1276.18,Month-to-month,Bank transfer,South,2021-12-09,0
CUST01125,72,63,35.85,2574.28,Month-to-month,Electronic check,Central,2021-11-18,0
CUST01126,9,31,60.05,510.12,One year,Bank transfer,North,2022-12-19,0
CUST01127,36,62,58.89,2144.91,Month-to-month,Electronic check,East,2022-02-15,0
CUST01128,6,21,75.45,,One year,Bank transfer,East,2022-11-12,0
CUST01129,6,52,64.78,403.13,One year,Bank transfer,West,2021-01-22,0
CUST01130,29,35,51.35,1568.58,Two year,Bank transfer,Central,2022-12-27,0
CUST01131,34,28,96.21,3346.21,Two year,Mailed check,West,2021-04-26,0
CUST01132,2,50,51.52,107.47,Month-to-month,Mailed check,East,2022-02-18,1
CUST01133,25,55,57.7,1417.23,Month-to-month,Mailed check,South,2023-08-14,1
CUST01134,24,54,25.21,690.44,One year,Electronic check,East,2022-01-04,0
CUST01135,5,45,47.16,221.43,Two year,Bank transfer,East,2023-02-04,0
CUST01136,61,43,77.9,4626.51,Month-to-month,Electronic check,North,2022-01-20,0
CUST01137,16,49,73.02,1220.97,Month-to-month,Mailed check,East,2023-09-16,0
CUST01138,10,46,79.99,830.01,Month-to-month,Bank transfer,Central,2023-11-08,0
CUST01139,9,49,78.77,726.21,Month-to-month,Electronic check,West,2023-09-23,1
CUST01140,10,44,117.19,1211.47,One year,Credit card,West,2022-03-09,0
CUST01141,1,53,46.3,41.48,Month-to-month,Mailed check,South,2021-12-14,1
CUST01142,33,19,24.51,873.1,One year,Electronic check,East,2022-10-26,0
CUST01143,71,40,38.74,2722.5,Two year,Bank transfer,North,2023-06-14,0
CUST01144,51,22,47.41,2568.53,Two year,Bank transfer,South,2022-07-27,1
CUST01145,11,45,40.64,401.59,Month-to-month,Bank transfer,East,2023-03-20,0
CUST01146,30,64,67.34,2046.12,Month-to-month,Credit card,South,2023-08-18,0
CUST01147,9,35,96.32,842.46,One year,Mailed check,North,2023-04-04,1
CUST01148,3,43,103.49,319.35,Two year,Credit card,West,2022-02-09,0
CUST01149,10,52,77.61,788.4,Month-to-month,Mailed check,South,2021-10-01,0
CUST01150,11,18,118.53,1327.69,Two year,Bank transfer,South,2022-04-21,0
CUST01151,4,34,56.09,212.48,Month-to-month,Electronic check,North,2022-09-22,1
CUST01152,12,47,24.19,289.45,Two year,Bank transfer,East,2023-07-12,0
CUST01153,14,18,91.33,1267.1,Month-to-month,Mailed check,South,2021-11-26,0
CUST01154,7,28,19.04,136.58,Month-to-month,Bank transfer,East,2021-06-26,0
CUST01155,1,57,46.12,48.4,Month-to-month,Credit card,East,2021-12-12,0
CUST01156,6,56,78.0,471.52,Month-to-month,Credit card,North,2022-10-13,0
CUST01157,49,47,62.44,2864.33,Month-to-month,Credit card,Central,2021-09-12,0
CUST01158,19,54,60.23,1150.53,Month-to-month,Electronic check,North,2022-03-14,0
CUST01159,9,45,35.48,361.01,Month-to-month,Electronic check,East,2021-10-09,0
CUST01160,7,49,64.73,490.4,One year,Credit card,North,2023-12-16,1
CUST01161,24,37,90.09,1840.6,Month-to-month,Mailed check,East,2022-07-16,1
CUST01162,4,43,65.5,262.83,One year,Electronic check,South,2023-03-01,0
CUST01163,5,33,44.24,231.51,Two year,Mailed check,Central,2022-07-24,0
CUST01164,42,59,33.81,1407.07,Month-to-month,Credit card,South,2021-01-12,0
CUST01165,13,63,44.76,568.49,Month-to-month,Mailed check,East,2021-10-16,0
CUST01166,4,61,74.81,295.25,Two year,Electronic check,North,2023-07-09,1
CUST01167,1,36,73.59,75.62,Two year,Bank transfer,North,2022-07-14,0
CUST01168,72,28,44.99,3053.27,Month-to-month,Electronic check,South,2023-02-09,0
CUST01169,1,59,18.0,19.07,Two year,Mailed check,East,2023-04-15,0
CUST01170,17,49,75.5,1279.91,Month-to-month,Electronic check,East,2022-09-07,1
CUST01171,24,46,42.56,973.69,Month-to-month,Bank transfer,Central,2022-09-25,1
CUST01172,18,33,82.23,1563.35,One year,Mailed check,West,2021-09-16,0
CUST01173,11,47,46.1,467.92,Month-to-month,Credit card,Central,2021-09-30,0
CUST01174,44,26,40.3,1723.98,One year,Mailed check,South,2021-06-13,0
CUST01175,49,50,68.83,3276.27,Month-to-month,Electronic check,West,2021-11-22,1
CUST01176,11,61,123.94,1509.49,One year,Electronic check,East,2022-11-20,0
CUST01177,16,64,83.73,1293.79,Month-to-month,Electronic check,East,2023-10-14,1
CUST01178,16,51,68.41,976.62,Month-to-month,Mailed check,Central,2022-04-27,1
CUST01179,25,22,73.97,1795.45,Month-to-month,Electronic check,West,2022-10-22,1
CUST01180,5,44,21.22,108.52,Month-to-month,Mailed check,Central,2023-08-02,0
CUST01181,1,71,36.94,38.39,One year,Credit card,West,2023-01-12,0
CUST01182,12,29,18.0,240.59,Month-to-month,Credit card,North,2021-10-15,0
CUST01183,2,41,108.25,231.73,Month-to-month,Bank transfer,West,2021-11-04,0
CUST01184,14,61,103.18,1458.09,Month-to-month,Credit card,East,2022-11-30,1
CUST01185,36,50,74.82,2573.47,Month-to-month,Credit card,Central,2021-11-12,0
CUST01186,13,76,68.38,961.12,Two year,Bank transfer,West,2021-09-30,0
CUST01187,17,31,26.21,437.36,Month-to-month,Credit card,North,2022-10-11,0
CUST01188,20,28,59.52,1151.23,Two year,Electronic check,North,2022-11-28,1
CUST01189,30,59,109.81,3225.6,Month-to-month,Credit card,North,2021-10-05,1
CUST01190,19,25,68.29,1216.27,One year,Mailed check,East,2021-02-22,0
CUST01191,12,39,50.88,596.36,Month-to-month,Bank transfer,North,2023-04-22,0
CUST01192,11,41,21.05,228.85,Month-to-month,Credit card,West,2022-03-05,0
CUST01193,4,56,99.51,412.58,Two year,Mailed check,East,2022-11-25,0
CUST01194,12,50,63.25,744.27,Two year,Electronic check,West,2021-07-09,0
CUST01195,31,48,21.08,612.07,Two year,Mailed check,South,2021-12-11,0
CUST01196,11,36,41.89,423.84,Month-to-month,Mailed check,East,2022-10-26,0
CUST01197,9,59,33.06,300.66,Month-to-month,Credit card,North,2021-05-16,0
CUST01198,17,85,61.71,1052.88,One year,Credit card,Central,2021-12-13,0
CUST01199,3,51,70.18,204.7,Month-to-month,Bank transfer,North,2023-02-27,1
CUST01200,1,43,52.42,,One year,Credit card,North,2023-04-25,0
CUST01201,28,23,84.43,,One year,Mailed check,North,2022-01-22,1
CUST01202,7,33,66.97,501.38,One year,Mailed check,West,2021-05-06,0
CUST01203,6,39,91.56,527.93,Two year,Credit card,North,2021-01-29,0
CUST01204,44,34,56.07,2478.05,One year,Bank transfer,East,2022-09-02,0
CUST01205,52,41,141.13,7690.39,Month-to-month,Bank transfer,West,2023-01-30,0
CUST01206,15,66,50.89,733.73,Month-to-month,Mailed check,West,2022-10-13,0
CUST01207,21,59,42.42,890.12,One year,Bank transfer,North,2022-03-20,0
CUST01208,72,39,39.34,2827.1,Month-to-month,Credit card,North,2021-01-25,0
CUST01209,11,25,59.73,613.95,Month-to-month,Mailed check,South,2021-09-05,1
CUST01210,42,60,22.01,932.21,Month-to-month,Electronic check,North,2021-02-09,0
CUST01211,28,41,72.36,2029.28,One year,Electronic check,West,2022-05-22,1
CUST01212,64,18,18.0,1183.97,Two year,Electronic check,South,2021-12-04,0
CUST01213,5,51,69.04,324.71,One year,Mailed check,South,2021-03-19,0
CUST01214,35,56,31.22,1093.24,Month-to-month,Bank transfer,North,2022-10-29,0
CUST01215,3,18,55.47,177.91,Month-to-month,Credit card,East,2022-02-10,0
CUST01216,35,30,80.11,3095.1,Month-to-month,Electronic check,North,2023-11-21,0
CUST01217,8,40,122.6,1043.58,Month-to-month,Credit card,West,2022-04-03,1
CUST01218,1,52,38.05,35.81,One year,Bank transfer,North,2021-04-10,0
CUST01219,37,34,61.24,2316.98,One year,Electronic check,Central,2023-02-12,0
CUST01220,1,30,46.91,45.78,Month-to-month,Mailed check,West,2023-02-09,0
CUST01221,40,52,43.25,1754.56,Month-to-month,Mailed check,North,2023-10-15,0
CUST01222,4,35,47.13,181.24,Month-to-month,Credit card,North,2023-01-29,0
CUST01223,17,49,85.6,1330.53,Two year,Credit card,South,2022-02-01,0
CUST01224,1,26,52.8,51.89,One year,Credit card,North,2023-01-04,0
CUST01225,1,23,121.23,125.61,Month-to-month,Bank transfer,North,2023-05-24,0
CUST01226,6,52,75.4,458.91,Two year,Mailed check,Central,2022-07-20,0
CUST01227,9,45,39.75,364.96,Month-to-month,Mailed check,East,2023-05-21,0
CUST01228,4,54,55.83,225.74,Month-to-month,Credit card,North,2023-11-25,0
CUST01229,2,34,44.95,91.72,Two year,Electronic check,East,2023-04-07,1
CUST01230,3,30,85.0,261.75,Month-to-month,Mailed check,South,2022-07-04,1
CUST01231,14,61,24.03,331.8,Month-to-month,Electronic check,Central,2022-06-24,0
CUST01232,1,20,31.48,31.61,One year,Mailed check,North,2023-07-07,0
CUST01233,51,59,50.21,2783.91,Month-to-month,Mailed check,West,2023-08-14,1
CUST01234,53,60,82.07,4380.6,One year,Electronic check,West,2021-10-15,0
CUST01235,1,54,95.83,96.03,Month-to-month,Mailed check,North,2021-01-11,1
CUST01236,26,32,99.51,2600.57,Month-to-month,Credit card,North,2023-06-02,0
CUST01237,24,30,78.25,1857.54,Month-to-month,Bank transfer,South,2021-09-16,0
CUST01238,17,39,62.93,1046.52,Month-to-month,Credit card,Central,2023-12-28,0
CUST01239,6,23,84.87,514.53,Month-to-month,Credit card,East,2021-02-09,0
CUST01240,17,28,36.39,602.99,Month-to-month,Credit card,West,2023-09-24,0
CUST01241,41,51,18.88,768.45,Two year,Mailed check,West,2023-01-13,0
CUST01242,7,51,75.92,510.43,Month-to-month,Credit card,West,2021-11-29,0
CUST01243,33,27,39.86,1322.48,Month-to-month,Credit card,East,2021-02-08,0
CUST01244,13,51,63.37,847.87,Month-to-month,Credit card,East,2023-07-16,0
CUST01245,47,48,67.99,3161.67,Month-to-month,Mailed check,West,2021-05-11,0
CUST01246,20,63,71.2,1281.0,Month-to-month,Electronic check,South,2021-04-15,1
CUST01247,37,49,88.44,3368.87,One year,Bank transfer,Central,2023-05-16,0
CUST01248,64,56,85.8,5524.2,Month-to-month,Credit card,North,2023-01-13,0
CUST01249,12,48,69.88,796.92,Two year,Credit card,North,2021-05-20,0
CUST01250,24,55,53.95,1344.86,Two year,Bank transfer,West,2022-01-10,0
CUST01251,72,23,67.69,4532.91,Month-to-month,Electronic check,South,2022-12-31,0
CUST01252,72,40,50.09,3794.99,Month-to-month,Mailed check,North,2022-12-23,0
CUST01253,17,41,60.09,1018.6,Month-to-month,Bank transfer,North,2022-02-01,0
CUST01254,61,38,130.45,7054.73,One year,Bank transfer,East,2022-03-28,0
CUST01255,9,48,69.55,631.53,Month-to-month,Mailed check,West,2021-03-29,1
CUST01256,11,50,76.26,821.82,Two year,Mailed check,North,2021-01-10,0
CUST01257,59,47,47.36,2716.44,One year,Electronic check,North,2023-11-26,0
CUST01258,21,39,90.5,1830.4,Two year,Mailed check,East,2021-09-11,0
CUST01259,38,31,84.01,3172.07,Month-to-month,Bank transfer,Central,2023-10-13,1
CUST01260,9,57,84.18,739.24,Two year,Electronic check,South,2021-02-16,0
CUST01261,35,46,70.37,2234.3,Month-to-month,Credit card,Central,2023-12-20,0
CUST01262,41,27,90.85,3961.76,Month-to-month,Electronic check,Central,2022-04-13,0
CUST01263,10,39,96.79,956.07,Month-to-month,Bank transfer,South,2023-06-02,1
CUST01264,15,18,72.08,1041.63,Two year,Mailed check,West,2023-07-09,0
CUST01265,8,42,62.13,469.0,One year,Credit card,West,2022-01-21,1
CUST01266,46,39,87.36,4173.42,Two year,Credit card,East,2023-03-20,0
CUST01267,25,33,42.4,991.18,Month-to-month,Bank transfer,South,2022-01-01,0
CUST01268,3,64,47.05,142.1,Two year,Bank transfer,West,2023-05-14,0
CUST01269,66,25,63.67,4079.59,Month-to-month,Bank transfer,West,2023-11-17,0
CUST01270,22,51,21.47,459.93,Month-to-month,Bank transfer,West,2023-06-03,0
CUST01271,10,72,85.69,809.62,Two year,Electronic check,Central,2023-03-09,0
CUST01272,21,57,40.93,832.87,Month-to-month,Mailed check,East,2022-02-12,0
CUST01273,5,41,53.21,266.17,Month-to-month,Electronic check,West,2021-04-30,1
CUST01274,8,26,59.67,482.98,One year,Mailed check,Central,2022-07-09,0
CUST01275,41,22,65.98,2598.92,Month-to-month,Bank transfer,North,2021-05-23,0
CUST01276,8,36,56.41,449.23,Month-to-month,Electronic check,North,2022-07-11,0
CUST01277,72,32,63.32,4761.56,Month-to-month,Electronic check,South,2023-08-10,0
CUST01278,5,31,63.51,,Month-to-month,Credit card,Central,2021-05-04,0
CUST01279,48,37,53.82,2582.55,Two year,Mailed check,South,2023-09-14,0
CUST01280,49,40,45.67,2131.45,One year,Electronic check,West,2022-10-17,0
CUST01281,27,48,92.04,2354.28,Month-to-month,Bank transfer,North,2021-02-21,1
CUST01282,5,24,18.0,91.17,Month-to-month,Bank transfer,South,2023-02-28,1
CUST01283,10,32,59.86,582.28,Month-to-month,Credit card,East,2021-01-01,0
CUST01284,16,39,53.28,800.61,One year,Credit card,North,2022-11-01,0
CUST01285,32,39,75.47,2574.95,Two year,Credit card,Central,2022-07-10,0
CUST01286,72,67,28.64,2156.94,Two year,Bank transfer,North,2023-03-28,0
CUST01287,24,45,52.51,1138.48,Month-to-month,Mailed check,Central,2022-02-16,0
CUST01288,26,19,62.44,1503.76,Month-to-month,Credit card,North,2021-05-11,0
CUST01289,33,47,91.75,3117.59,Month-to-month,Mailed check,Central,2022-02-28,1
CUST01290,13,49,73.3,939.33,One year,Mailed check,East,2023-04-14,0
CUST01291,5,40,35.41,190.33,Month-to-month,Credit card,North,2023-11-11,0
CUST01292,51,25,52.81,2776.31,One year,Credit card,North,2021-08-16,0
CUST01293,72,66,87.15,6368.75,One year,Mailed check,North,2022-01-20,0
CUST01294,37,27,34.98,1228.13,Month-to-month,Bank transfer,East,2023-08-19,0
CUST01295,7,51,63.03,452.05,Month-to-month,Credit card,West,2021-12-09,0
CUST01296,22,44,64.77,1334.05,Month-to-month,Credit card,South,2021-09-26,0
CUST01297,25,50,55.36,1474.32,Month-to-month,Electronic check,South,2023-06-30,1
CUST01298,12,65,132.39,1622.21,Month-to-month,Bank transfer,East,2022-06-23,1
CUST01299,24,49,54.68,1258.2,One year,Electronic check,East,2022-10-01,1
CUST01300,72,34,76.24,5710.13,Month-to-month,Credit card,West,2022-06-18,0
CUST01301,15,57,45.84,764.66,Month-to-month,Electronic check,East,2022-10-23,1
CUST01302,16,33,78.19,1237.43,One year,Credit card,West,2021-10-22,1
CUST01303,26,44,86.77,2318.11,One year,Electronic check,Central,2023-03-13,1
CUST01304,15,23,50.3,738.21,Month-to-month,Mailed check,South,2022-02-01,0
CUST01305,41,27,63.63,2619.96,Two year,Electronic check,North,2022-07-28,0
CUST01306,12,42,42.62,472.9,Two year,Credit card,North,2021-07-23,1
CUST01307,23,47,36.39,836.95,One year,Mailed check,East,2021-01-13,0
CUST01308,35,18,90.92,3189.13,One year,Bank transfer,South,2022-09-17,1
CUST01309,6,48,51.15,334.51,Month-to-month,Electronic check,Central,2021-06-01,0
CUST01310,16,30,18.0,262.15,Two year,Mailed check,East,2023-09-27,0
CUST01311,14,59,109.13,1506.36,Month-to-month,Credit card,East,2023-11-17,0
CUST01312,13,37,44.95,621.99,Two year,Credit card,West,2021-12-13,0
CUST01313,11,26,58.84,639.42,One year,Electronic check,South,2021-11-13,0
CUST01314,4,43,106.02,420.45,Month-to-month,Mailed check,West,2022-07-11,1
CUST01315,28,29,61.46,1649.18,Month-to-month,Mailed check,North,2021-08-12,0
CUST01316,2,59,60.92,116.16,One year,Bank transfer,East,2023-08-02,0
CUST01317,50,42,34.3,1558.43,One year,Bank transfer,Central,2021-04-22,0
CUST01318,9,39,24.13,210.34,Month-to-month,Electronic check,West,2022-05-11,0
CUST01319,8,50,60.84,462.64,One year,Credit card,Central,2021-07-26,0
CUST01320,9,27,74.07,670.56,Two year,Electronic check,South,2023-06-30,0
CUST01321,57,23,72.64,3977.41,Month-to-month,Mailed check,West,2021-06-07,0
CUST01322,10,47,52.97,517.0,Month-to-month,Credit card,East,2022-05-04,0
CUST01323,19,26,65.51,1216.55,Month-to-month,Bank transfer,East,2023-07-02,0
CUST01324,2,26,19.07,38.05,One year,Mailed check,North,2022-04-28,0
CUST01325,43,53,76.5,3202.57,Month-to-month,Credit card,North,2021-07-22,1
CUST01326,51,49,69.04,3334.11,Two year,Mailed check,East,2021-06-22,0
CUST01327,1,24,114.34,114.83,Month-to-month,Bank transfer,North,2022-10-25,1
CUST01328,8,33,65.19,549.36,One year,Electronic check,West,2021-05-17,1
CUST01329,4,29,41.43,166.78,Month-to-month,Electronic check,West,2022-01-25,0
CUST01330,72,66,63.73,4448.65,Month-to-month,Mailed check,Central,2022-11-01,0
CUST01331,5,54,56.81,282.3,One year,Bank transfer,North,2022-02-20,0
CUST01332,32,36,75.87,2178.91,Month-to-month,Credit card,Central,2023-06-25,1
CUST01333,37,50,65.67,2412.85,Month-to-month,Mailed check,North,2023-01-24,0
CUST01334,63,23,33.5,2068.25,Two year,Credit card,East,2021-05-29,0
CUST01335,11,32,24.11,252.83,Two year,Bank transfer,West,2023-06-14,0
CUST01336,2,43,71.57,137.76,Two year,Electronic check,North,2023-09-24,0
CUST01337,2,48,99.58,195.07,Month-to-month,Bank transfer,North,2021-08-10,1
CUST01338,22,40,66.98,1546.68,One year,Bank transfer,North,2022-01-28,0
CUST01339,28,45,85.33,2519.7,Two year,Mailed check,East,2022-03-09,0
CUST01340,12,43,90.32,1033.54,Month-to-month,Mailed check,West,2022-04-11,1
CUST01341,24,39,71.67,1675.52,Month-to-month,Mailed check,North,2022-05-23,0
CUST01342,18,37,44.64,783.73,Two year,Bank transfer,North,2023-09-07,0
CUST01343,13,36,69.88,945.21,Month-to-month,Bank transfer,East,2022-12-15,0
CUST01344,27,45,95.18,2588.56,One year,Mailed check,North,2023-09-09,1
CUST01345,2,47,78.25,157.23,Two year,Mailed check,West,2022-01-19,0
CUST01346,4,44,83.71,343.82,One year,Mailed check,Central,2022-07-29,1
CUST01347,29,25,53.44,1503.55,Month-to-month,Mailed check,West,2021-04-27,0
CUST01348,72,28,59.94,4609.98,Month-to-month,Mailed check,Central,2021-10-31,0
CUST01349,25,47,62.03,1550.61,Month-to-month,Mailed check,East,2022-10-02,1
CUST01350,13,62,63.72,792.91,Month-to-month,Bank transfer,West,2021-07-08,1
CUST01351,35,44,94.2,3259.14,One year,Electronic check,North,2023-11-18,1
CUST01352,72,36,18.0,,Two year,Bank transfer,North,2021-10-25,0
CUST01353,9,45,65.76,579.26,Month-to-month,Electronic check,West,2021-06-26,0
CUST01354,9,26,63.01,594.01,Month-to-month,Mailed check,North,2023-05-05,0
CUST01355,1,60,30.71,29.75,Two year,Credit card,Central,2021-04-09,0
CUST01356,11,44,81.79,,Month-to-month,Credit card,West,2021-12-22,0
CUST01357,2,32,46.89,96.87,Month-to-month,Bank transfer,Central,2021-08-06,0
CUST01358,57,39,56.07,3056.33,Month-to-month,Bank transfer,South,2023-01-31,1
CUST01359,72,34,111.22,8337.18,One year,Electronic check,East,2023-07-13,0
CUST01360,3,60,90.25,275.51,Month-to-month,Mailed check,West,2021-08-02,1
CUST01361,72,39,79.36,5464.34,One year,Bank transfer,North,2022-04-01,0
CUST01362,17,44,74.52,1262.31,Month-to-month,Credit card,East,2022-06-08,0
CUST01363,1,50,60.88,59.21,One year,Bank transfer,West,2023-01-27,0
CUST01364,65,31,114.98,7604.11,Month-to-month,Credit card,Central,2022-01-21,0
CUST01365,11,44,85.05,1023.86,Month-to-month,Mailed check,West,2022-07-27,1
CUST01366,43,45,46.26,1952.31,Month-to-month,Electronic check,North,2022-07-06,0
CUST01367,11,20,30.0,338.81,Month-to-month,Electronic check,East,2021-01-13,1
CUST01368,6,45,79.17,,Month-to-month,Bank transfer,East,2022-09-17,1
CUST01369,20,41,63.6,1273.53,Month-to-month,Bank transfer,North,2022-09-14,1
CUST01370,4,43,29.28,116.15,Month-to-month,Mailed check,South,2023-12-22,0
CUST01371,35,42,75.71,2536.25,Month-to-month,Credit card,South,2022-07-13,0
CUST01372,42,45,58.27,2488.35,Two year,Bank transfer,North,2023-09-13,0
CUST01373,6,60,78.27,462.84,Month-to-month,Mailed check,East,2022-01-18,0
CUST01374,33,25,76.04,2395.8,Two year,Electronic check,North,2023-02-01,0
CUST01375,29,37,49.79,1517.13,Two year,Bank transfer,East,2023-09-15,0
CUST01376,72,51,80.82,5847.85,Month-to-month,Bank transfer,North,2021-06-18,0
CUST01377,2,48,52.55,103.9,One year,Electronic check,West,2022-09-13,0
CUST01378,4,48,54.18,231.24,Two year,Mailed check,North,2023-10-04,0
CUST01379,11,80,51.69,516.39,One year,Mailed check,Central,2022-09-01,0
CUST01380,5,50,93.27,496.03,Month-to-month,Bank transfer,North,2023-09-05,1
CUST01381,12,57,57.99,665.25,Month-to-month,Electronic check,East,2022-04-05,0
CUST01382,2,37,99.31,200.72,Month-to-month,Credit card,South,2023-08-29,0
CUST01383,36,28,109.59,3829.24,Month-to-month,Mailed check,North,2022-11-20,0
CUST01384,28,37,46.53,1242.71,Two year,Mailed check,East,2022-06-09,0
CUST01385,15,51,18.0,287.74,Two year,Electronic check,West,2021-08-24,0
CUST01386,68,47,91.11,6770.49,Month-to-month,Credit card,Central,2021-07-06,0
CUST01387,72,47,56.45,4019.44,One year,Electronic check,South,2021-11-13,0
CUST01388,12,38,43.35,528.93,Month-to-month,Credit card,North,2023-04-07,0
CUST01389,66,36,50.28,3327.94,Two year,Mailed check,West,2022-05-28,0
CUST01390,13,39,54.63,771.64,Month-to-month,Credit card,East,2022-03-02,0
CUST01391,40,52,97.43,3485.43,Two year,Electronic check,North,2022-05-27,0
CUST01392,42,53,69.0,2952.65,Two year,Electronic check,West,2022-01-13,0
CUST01393,10,27,97.09,935.6,Month-to-month,Credit card,East,2023-06-03,1
CUST01394,26,52,77.36,1774.43,Month-to-month,Credit card,West,2022-03-04,0
CUST01395,11,32,57.27,618.61,Two year,Bank transfer,South,2022-06-02,0
CUST01396,35,48,55.24,2112.05,Month-to-month,Electronic check,South,2022-09-05,0
CUST01397,12,39,79.04,917.37,Month-to-month,Credit card,North,2022-12-09,0
CUST01398,3,63,85.51,266.67,Two year,Mailed check,West,2022-01-01,1
CUST01399,43,36,89.92,4098.3,One year,Credit card,North,2021-03-22,0
CUST01400,35,44,58.46,2044.8,Month-to-month,Credit card,West,2023-01-26,1
CUST01401,41,50,69.38,2861.71,Month-to-month,Credit card,West,2022-09-06,0
CUST01402,31,29,79.6,2255.84,Month-to-month,Bank transfer,West,2022-12-11,1
CUST01403,41,40,55.4,2190.07,Two year,Bank transfer,North,2022-08-19,0
CUST01404,5,38,36.63,191.46,Month-to-month,Bank transfer,South,2022-07-12,0
CUST01405,36,34,44.84,1619.14,Month-to-month,Electronic check,East,2023-11-05,0
CUST01406,6,35,58.97,360.32,Month-to-month,Mailed check,East,2021-03-01,1
CUST01407,24,57,81.56,1970.47,Two year,Bank transfer,Central,2021-04-12,1
CUST01408,25,33,96.47,2676.08,Month-to-month,Credit card,South,2023-10-23,1
CUST01409,10,49,31.1,304.31,Two year,Bank transfer,Central,2023-08-30,0
CUST01410,25,46,50.07,1352.23,One year,Bank transfer,North,2022-03-27,0
CUST01411,36,22,56.05,2031.27,Two year,Electronic check,South,2022-08-15,0
CUST01412,18,49,84.87,1657.07,Two year,Mailed check,North,2022-05-08,0
CUST01413,3,22,51.8,145.88,Two year,Bank transfer,West,2023-12-28,0
CUST01414,7,50,54.26,383.33,Two year,Credit card,North,2022-05-15,0
CUST01415,37,34,29.7,1077.27,Month-to-month,Mailed check,South,2023-04-13,0
CUST01416,15,42,77.09,1164.41,One year,Electronic check,West,2022-02-04,0
CUST01417,12,23,60.97,776.36,Month-to-month,Mailed check,East,2022-02-22,0
CUST01418,59,43,48.65,2924.72,Month-to-month,Electronic check,North,2023-01-09,0
CUST01419,13,54,58.51,807.04,Two year,Bank transfer,North,2022-03-14,0
CUST01420,72,30,93.17,6483.44,Two year,Bank transfer,East,2021-01-16,0
CUST01421,29,33,39.88,1108.94,One year,Credit card,South,2021-07-09,0
CUST01422,51,48,43.96,2243.77,Month-to-month,Credit card,North,2023-08-15,0
CUST01423,14,48,96.31,1345.73,Month-to-month,Electronic check,East,2022-02-06,1
CUST01424,44,18,66.89,,Month-to-month,Electronic check,North,2021-04-23,0
CUST01425,8,70,81.74,622.58,Month-to-month,Mailed check,East,2023-10-26,0
CUST01426,9,49,75.04,715.84,Month-to-month,Electronic check,South,2023-12-31,0
CUST01427,32,51,64.12,2014.62,Month-to-month,Credit card,North,2022-07-02,0
CUST01428,3,39,56.29,180.91,Month-to-month,Electronic check,North,2022-11-19,0
CUST01429,11,18,85.79,944.29,One year,Electronic check,North,2023-04-07,0
CUST01430,28,51,94.06,2719.07,Month-to-month,Credit card,North,2021-03-14,0
CUST01431,71,34,92.1,6721.45,Two year,Credit card,South,2021-11-21,0
CUST01432,7,49,35.36,237.32,One year,Electronic check,Central,2022-09-08,0
CUST01433,45,38,97.62,4473.55,Month-to-month,Mailed check,West,2022-08-25,0
CUST01434,18,45,56.05,1106.17,Month-to-month,Bank transfer,South,2021-12-29,0
CUST01435,72,31,46.12,3362.42,Month-to-month,Bank transfer,East,2021-01-02,0
CUST01436,55,54,60.77,3492.97,Two year,Credit card,East,2023-11-10,0
CUST01437,21,25,85.78,1863.82,Month-to-month,Mailed check,West,2022-11-04,1
CUST01438,39,73,78.51,3108.9,Month-to-month,Electronic check,North,2023-04-08,1
CUST01439,1,73,58.62,59.17,Two year,Mailed check,South,2022-04-24,1
CUST01440,49,64,85.94,4326.3,Two year,Bank transfer,South,2022-07-10,0
CUST01441,9,59,68.5,640.03,Month-to-month,Bank transfer,North,2022-05-02,0
CUST01442,36,40,50.68,1701.13,Month-to-month,Bank transfer,South,2022-04-16,0
CUST01443,21,58,47.3,1005.58,Month-to-month,Credit card,Central,2023-01-05,0
CUST01444,10,40,75.26,,Month-to-month,Credit card,Central,2023-12-27,1
CUST01445,65,20,62.94,4011.01,Month-to-month,Mailed check,North,2023-05-02,0
CUST01446,1,63,30.61,32.59,One year,Mailed check,East,2023-01-01,0
CUST01447,13,57,86.18,1079.27,Two year,Bank transfer,South,2021-01-14,0
CUST01448,10,41,52.99,492.95,Month-to-month,Mailed check,East,2022-07-17,0
CUST01449,7,24,104.8,762.79,One year,Mailed check,East,2023-11-13,0
CUST01450,22,33,29.93,611.7,Month-to-month,Electronic check,North,2022-03-12,1
CUST01451,22,18,60.48,1202.3,Two year,Mailed check,West,2022-08-25,1
CUST01452,20,55,47.5,993.14,One year,Bank transfer,Central,2021-12-22,0
CUST01453,27,19,40.61,1105.17,Two year,Credit card,West,2021-07-29,0
CUST01454,8,46,52.83,432.63,Two year,Credit card,West,2023-02-12,0
CUST01455,72,30,109.26,7692.7,Month-to-month,Mailed check,East,2021-12-10,1
CUST01456,1,22,68.58,63.83,Month-to-month,Electronic check,South,2022-10-06,0
CUST01457,64,45,45.21,2721.89,Month-to-month,Electronic check,North,2022-10-12,0
CUST01458,1,37,19.28,,Month-to-month,Mailed check,East,2023-07-18,0
CUST01459,10,53,21.97,205.72,Two year,Bank transfer,North,2023-10-25,0
CUST01460,16,24,51.59,838.11,Month-to-month,Credit card,West,2022-08-30,0
CUST01461,5,31,49.16,240.12,One year,Credit card,South,2021-02-25,0
CUST01462,14,18,59.4,839.29,Month-to-month,Electronic check,South,2022-09-30,0
CUST01463,13,18,18.0,235.82,Month-to-month,Bank transfer,South,2023-08-27,0
CUST01464,30,67,62.71,1917.68,Month-to-month,Mailed check,Central,2022-06-07,0
CUST01465,11,71,90.69,1022.5,One year,Electronic check,North,2022-09-11,0
CUST01466,15,43,105.57,1556.32,One year,Bank transfer,North,2023-04-16,1
CUST01467,9,30,18.0,163.49,Month-to-month,Electronic check,North,2022-04-26,0
CUST01468,72,37,44.97,3276.05,Month-to-month,Mailed check,West,2022-03-31,0
CUST01469,6,54,43.64,230.04,One year,Bank transfer,Central,2022-06-12,1
CUST01470,15,34,68.64,1062.88,Month-to-month,Mailed check,North,2023-07-22,0
CUST01471,23,45,34.51,799.68,Two year,Bank transfer,Central,2022-06-19,0
CUST01472,11,41,107.06,1210.87,Month-to-month,Mailed check,South,2021-12-25,1
CUST01473,1,34,66.09,61.84,Month-to-month,Credit card,East,2022-10-16,0
CUST01474,20,34,61.92,1218.85,Month-to-month,Electronic check,North,2023-01-29,1
CUST01475,15,46,104.82,1486.49,Month-to-month,Electronic check,East,2023-09-27,0
CUST01476,1,28,64.6,67.01,Month-to-month,Bank transfer,West,2023-09-05,0
CUST01477,20,48,75.01,1394.8,Month-to-month,Mailed check,East,2023-05-08,0
CUST01478,7,35,46.23,308.58,Two year,Bank transfer,North,2023-04-23,0
CUST01479,31,43,30.74,978.4,Month-to-month,Electronic check,West,2022-05-08,1
CUST01480,1,61,49.74,48.17,Month-to-month,Bank transfer,Central,2022-01-11,0
CUST01481,13,39,119.67,1483.49,Month-to-month,Credit card,East,2022-09-09,1
CUST01482,7,54,80.83,591.46,Month-to-month,Electronic check,East,2023-02-13,0
CUST01483,1,18,71.86,75.27,One year,Mailed check,West,2022-07-22,0
CUST01484,52,35,40.59,2186.88,Month-to-month,Credit card,North,2021-08-15,0
CUST01485,15,42,87.78,1372.57,One year,Bank transfer,Central,2021-01-17,0
CUST01486,11,68,31.06,337.7,Month-to-month,Electronic check,South,2021-03-05,0
CUST01487,37,18,25.82,945.57,Two year,Electronic check,West,2022-04-12,0
CUST01488,14,40,51.03,691.27,Month-to-month,Credit card,North,2023-05-17,1
CUST01489,25,62,113.86,2870.37,Two year,Credit card,South,2023-05-15,0
CUST01490,15,31,112.45,1642.23,Month-to-month,Mailed check,East,2023-06-04,1
CUST01491,13,39,53.72,683.24,Month-to-month,Mailed check,East,2023-02-16,0
CUST01492,26,46,48.15,1289.45,Two year,Credit card,Central,2021-01-26,0
CUST01493,1,44,23.99,25.41,One year,Electronic check,Central,2023-08-26,0
CUST01494,14,63,66.95,955.96,One year,Electronic check,North,2023-11-04,0
CUST01495,72,48,69.05,5417.63,Month-to-month,Credit card,South,2023-07-20,0
CUST01496,3,60,84.74,245.25,One year,Electronic check,South,2022-05-04,0
CUST01497,42,36,87.77,3347.57,Two year,Credit card,East,2021-08-24,0
CUST01498,6,31,60.06,373.24,One year,Mailed check,East,2023-09-19,0
CUST01499,50,38,78.9,3792.76,Month-to-month,Credit card,Central,2021-07-22,0
CUST01500,4,25,47.48,187.32,One year,Electronic check,West,2023-05-14,0
CUST01501,11,48,78.43,786.39,One year,Credit card,North,2023-11-24,0
CUST01502,21,36,52.32,1049.32,Two year,Electronic check,East,2023-09-14,0
CUST01503,72,32,76.49,5093.62,Month-to-month,Electronic check,East,2022-07-25,0
CUST01504,7,48,74.46,509.9,Month-to-month,Bank transfer,East,2023-07-02,1
CUST01505,34,25,66.72,,Two year,Bank transfer,North,2023-06-29,0
CUST01506,11,52,84.86,937.66,Month-to-month,Credit card,South,2023-12-03,1
CUST01507,39,35,25.74,1066.09,One year,Electronic check,South,2022-01-30,0
CUST01508,25,58,38.38,991.97,Month-to-month,Electronic check,North,2022-11-20,0
CUST01509,2,36,58.25,107.05,Month-to-month,Bank transfer,West,2023-06-14,0
CUST01510,18,50,28.92,536.39,One year,Credit card,South,2021-09-06,0
CUST01511,3,44,54.83,165.41,Month-to-month,Mailed check,East,2021-09-04,0
CUST01512,8,52,55.63,442.86,Month-to-month,Credit card,East,2022-03-03,1
CUST01513,20,43,97.74,1952.58,One year,Credit card,Central,2022-01-30,0
CUST01514,5,18,68.56,346.31,One year,Credit card,North,2023-04-04,0
CUST01515,65,56,90.74,5694.06,Two year,Bank transfer,North,2023-10-22,0
CUST01516,14,40,72.54,1006.3,Month-to-month,Bank transfer,South,2021-06-21,1
CUST01517,18,53,51.61,983.97,Month-to-month,Bank transfer,South,2021-12-23,0
CUST01518,19,51,68.34,1252.76,Two year,Bank transfer,South,2023-10-16,0
CUST01519,12,31,83.24,947.44,Month-to-month,Bank transfer,West,2022-10-14,0
CUST01520,10,29,94.84,945.47,Month-to-month,Bank transfer,North,2021-08-13,0
CUST01521,24,51,61.69,1396.87,Month-to-month,Mailed check,North,2022-10-23,1
CUST01522,47,37,23.81,1022.67,Month-to-month,Bank transfer,South,2023-08-18,0
CUST01523,33,55,22.05,715.12,Two year,Credit card,West,2022-02-14,0
CUST01524,4,39,56.84,243.83,One year,Credit card,Central,2022-06-14,0
CUST01525,53,56,18.0,952.16,One year,Bank transfer,West,2022-11-03,0
CUST01526,29,47,109.88,3214.97,Month-to-month,Electronic check,East,2023-07-10,1
CUST01527,52,46,79.92,3713.21,Month-to-month,Bank transfer,West,2022-09-11,0
CUST01528,10,36,49.11,501.86,Month-to-month,Mailed check,West,2023-11-16,1
CUST01529,53,45,37.26,1984.0,Month-to-month,Electronic check,North,2023-04-07,0
CUST01530,5,58,90.7,438.42,Month-to-month,Electronic check,East,2022-04-08,1
CUST01531,38,41,37.16,1424.79,Month-to-month,Bank transfer,West,2022-06-18,0
CUST01532,14,49,39.54,558.27,Month-to-month,Credit card,South,2023-02-02,0
CUST01533,1,42,45.85,43.42,One year,Bank transfer,West,2021-03-19,0
CUST01534,64,43,67.85,4414.45,One year,Mailed check,East,2021-09-06,0
CUST01535,54,66,80.52,4608.34,Month-to-month,Electronic check,East,2021-09-18,1
CUST01536,5,58,94.82,,Month-to-month,Bank transfer,North,2023-05-27,0
CUST01537,8,43,91.12,697.34,One year,Electronic check,West,2023-06-20,1
CUST01538,34,45,65.02,2191.05,One year,Credit card,Central,2023-06-17,0
CUST01539,34,32,90.51,3208.84,Two year,Credit card,North,2021-04-26,1
CUST01540,31,39,48.23,1403.45,Month-to-month,Credit card,South,2021-11-20,0
CUST01541,1,46,19.48,20.04,Two year,Mailed check,North,2021-12-08,0
CUST01542,5,53,48.22,232.93,Month-to-month,Electronic check,North,2021-01-27,0
CUST01543,3,52,44.84,136.15,Month-to-month,Mailed check,Central,2021-10-10,0
CUST01544,17,26,49.2,812.8,Month-to-month,Credit card,East,2022-04-18,0
CUST01545,1,55,41.02,39.86,Month-to-month,Electronic check,South,2023-08-28,0
CUST01546,3,40,53.47,172.63,Month-to-month,Credit card,South,2021-07-06,1
CUST01547,21,28,80.5,1571.4,Month-to-month,Electronic check,Central,2023-08-01,0
CUST01548,3,60,107.88,331.49,One year,Electronic check,South,2023-06-16,0
CUST01549,30,62,21.87,712.9,Month-to-month,Electronic check,West,2021-06-23,0
CUST01550,2,45,32.81,67.87,Month-to-month,Credit card,South,2021-10-13,0
CUST01551,57,51,45.21,2405.46,Month-to-month,Bank transfer,North,2022-05-17,0
CUST01552,6,52,84.14,472.49,Month-to-month,Mailed check,West,2023-10-31,1
CUST01553,7,61,59.88,403.41,Month-to-month,Bank transfer,North,2023-05-10,0
CUST01554,1,52,46.9,47.27,Month-to-month,Bank transfer,West,2023-12-01,1
CUST01555,32,23,82.92,2683.42,Month-to-month,Bank transfer,South,2021-12-09,0
CUST01556,14,70,88.91,1165.59,One year,Bank transfer,West,2023-09-23,0
CUST01557,72,56,64.53,4443.41,Two year,Electronic check,West,2023-11-13,0
CUST01558,3,34,44.59,128.34,Month-to-month,Mailed check,West,2022-10-19,0
CUST01559,46,27,71.76,3271.13,One year,Bank transfer,North,2021-06-18,0
CUST01560,4,49,59.17,260.17,Two year,Electronic check,West,2021-10-20,0
CUST01561,23,38,58.97,1293.03,Two year,Mailed check,Central,2021-05-21,0
CUST01562,9,46,52.19,446.77,One year,Electronic check,North,2023-06-03,0
CUST01563,16,52,88.12,1330.04,Two year,Credit card,South,2021-12-09,0
CUST01564,3,34,71.25,220.54,Two year,Electronic check,West,2023-02-08,0
CUST01565,25,26,90.89,2267.55,One year,Electronic check,North,2021-10-20,1
CUST01566,12,47,98.41,1128.0,Month-to-month,Bank transfer,West,2023-12-06,1
CUST01567,1,34,76.47,75.08,Month-to-month,Electronic check,West,2023-04-28,1
CUST01568,7,44,52.34,351.88,Month-to-month,Mailed check,North,2022-02-18,0
CUST01569,1,23,91.01,92.36,Month-to-month,Mailed check,East,2022-06-07,1
CUST01570,4,38,76.64,347.71,Month-to-month,Electronic check,East,2021-03-06,1
CUST01571,41,52,130.08,5480.18,Month-to-month,Credit card,South,2021-05-30,0
CUST01572,9,50,72.75,651.71,One year,Bank transfer,Central,2023-12-30,0
CUST01573,31,30,82.44,2470.67,One year,Electronic check,North,2023-06-13,0
CUST01574,34,25,72.26,2291.81,Two year,Bank transfer,South,2023-07-07,0
CUST01575,1,42,62.52,64.81,Month-to-month,Bank transfer,West,2022-12-06,0
CUST01576,66,49,58.53,3994.2,Month-to-month,Bank transfer,North,2021-08-31,0
CUST01577,11,47,72.36,777.41,One year,Bank transfer,West,2021-04-26,0
CUST01578,37,34,78.03,3062.26,Two year,Credit card,North,2023-03-06,0
CUST01579,11,46,93.86,1033.55,Two year,Mailed check,East,2021-12-30,0
CUST01580,10,63,72.72,755.37,Two year,Mailed check,North,2021-01-01,0
CUST01581,34,44,53.43,1843.52,Two year,Bank transfer,West,2021-01-25,0
CUST01582,63,19,56.83,3548.58,Month-to-month,Credit card,West,2022-09-03,0
CUST01583,19,44,31.93,577.71,Month-to-month,Bank transfer,West,2023-07-09,0
CUST01584,1,70,106.53,105.75,Month-to-month,Electronic check,Central,2022-02-02,1
CUST01585,16,23,51.47,858.19,One year,Mailed check,West,2023-12-31,0
CUST01586,8,42,89.19,695.39,Two year,Bank transfer,West,2022-02-22,0
CUST01587,18,38,71.91,1322.84,Month-to-month,Electronic check,East,2023-03-14,0
CUST01588,12,43,72.59,823.92,One year,Credit card,Central,2021-09-25,0
CUST01589,6,44,62.06,386.88,Month-to-month,Credit card,East,2022-10-27,0
CUST01590,1,57,45.31,46.02,Month-to-month,Credit card,Central,2021-10-28,0
CUST01591,1,43,40.79,38.34,Month-to-month,Electronic check,North,2023-05-03,0
CUST01592,28,59,108.21,2995.94,Month-to-month,Bank transfer,East,2022-05-13,0
CUST01593,10,40,67.85,710.1,Two year,Bank transfer,West,2021-02-15,0
CUST01594,63,37,93.13,5497.84,Month-to-month,Bank transfer,North,2021-09-29,0
CUST01595,72,32,99.62,6788.56,Two year,Credit card,North,2022-01-21,0
CUST01596,31,18,54.73,1690.73,One year,Mailed check,Central,2022-05-26,0
CUST01597,20,45,75.59,1673.06,Month-to-month,Bank transfer,South,2021-10-23,0
CUST01598,7,70,66.13,447.34,Month-to-month,Bank transfer,North,2022-09-25,0
CUST01599,13,48,36.07,480.52,Two year,Credit card,South,2023-11-22,0
CUST01600,19,51,60.36,1161.76,Month-to-month,Credit card,South,2023-02-18,1
CUST01601,51,36,79.69,3944.39,Two year,Mailed check,East,2021-12-07,0
CUST01602,24,38,52.52,1270.64,Month-to-month,Credit card,Central,2023-01-12,0
CUST01603,6,55,56.88,333.64,One year,Electronic check,Central,2023-11-25,0
CUST01604,11,70,60.67,655.43,Two year,Mailed check,West,2021-09-22,0
CUST01605,72,62,117.79,7776.43,Month-to-month,Bank transfer,West,2021-09-12,0
CUST01606,5,53,19.15,95.63,Month-to-month,Electronic check,South,2021-02-12,1
CUST01607,33,42,77.54,2673.85,Two year,Mailed check,Central,2023-07-12,0
CUST01608,4,44,58.67,235.35,Month-to-month,Bank transfer,North,2023-07-01,0
CUST01609,4,31,48.98,206.6,Month-to-month,Bank transfer,North,2022-03-30,0
CUST01610,54,21,58.05,3225.66,Month-to-month,Electronic check,Central,2023-08-14,1
CUST01611,14,26,81.68,1140.12,Month-to-month,Mailed check,Central,2022-12-15,0
CUST01612,15,42,83.11,1207.51,One year,Electronic check,South,2023-12-08,0
CUST01613,9,37,69.65,611.61,One year,Bank transfer,West,2023-10-08,0
CUST01614,11,21,92.32,940.85,Month-to-month,Mailed check,East,2023-11-17,1
CUST01615,14,41,96.72,1336.0,Two year,Bank transfer,South,2022-03-06,0
CUST01616,6,37,85.41,516.2,Month-to-month,Bank transfer,South,2022-11-26,0
CUST01617,5,25,51.35,278.77,Month-to-month,Credit card,North,2021-07-03,0
CUST01618,36,36,77.36,2858.53,One year,Electronic check,East,2023-09-07,0
CUST01619,9,37,77.48,667.17,Two year,Credit card,South,2021-12-15,0
CUST01620,14,33,44.61,579.59,Month-to-month,Electronic check,East,2022-05-06,1
CUST01621,72,54,25.76,1835.57,Month-to-month,Electronic check,North,2022-10-13,0
CUST01622,1,18,18.0,18.73,Month-to-month,Electronic check,Central,2023-05-13,1
CUST01623,7,18,66.75,462.1,Two year,Electronic check,East,2023-03-13,1
CUST01624,17,42,72.45,1265.03,Month-to-month,Credit card,Central,2023-11-13,1
CUST01625,49,43,35.46,1721.8,Month-to-month,Electronic check,North,2023-02-20,0
CUST01626,37,47,91.15,3493.46,One year,Bank transfer,East,2023-05-22,0
CUST01627,51,34,68.81,3229.05,Month-to-month,Mailed check,West,2022-09-19,0
CUST01628,7,29,98.74,746.62,Month-to-month,Electronic check,South,2022-04-01,1
CUST01629,18,41,74.26,1262.33,Month-to-month,Mailed check,North,2023-09-28,0
CUST01630,62,35,38.34,2471.42,Month-to-month,Electronic check,South,2022-02-18,0
CUST01631,43,63,76.46,3243.04,Month-to-month,Mailed check,South,2022-11-11,1
CUST01632,16,37,81.75,1300.42,Two year,Bank transfer,South,2021-11-16,0
CUST01633,2,41,51.31,101.38,One year,Bank transfer,South,2022-06-13,0
CUST01634,20,76,28.95,586.4,One year,Mailed check,South,2022-02-06,0
CUST01635,1,39,67.51,69.05,Two year,Credit card,East,2021-10-10,0
CUST01636,39,49,39.98,1641.73,Month-to-month,Bank transfer,North,2023-06-18,0
CUST01637,64,51,93.02,6372.38,Month-to-month,Mailed check,South,2023-04-21,0
CUST01638,32,52,54.82,1783.34,Two year,Mailed check,West,2023-02-08,0
CUST01639,7,46,108.12,821.69,Month-to-month,Electronic check,North,2021-04-01,1
CUST01640,15,44,18.0,271.26,One year,Credit card,North,2021-10-01,0
CUST01641,17,43,68.37,1224.9,One year,Credit card,North,2021-08-27,0
CUST01642,10,33,100.73,1028.89,Month-to-month,Mailed check,North,2023-02-19,1
CUST01643,49,46,42.74,2036.75,Month-to-month,Bank transfer,East,2023-09-05,0
CUST01644,10,70,61.02,615.73,Month-to-month,Bank transfer,North,2022-02-20,0
CUST01645,46,58,54.92,2589.88,Month-to-month,Bank transfer,South,2021-12-28,1
CUST01646,19,46,47.91,908.82,Month-to-month,Electronic check,Central,2022-09-03,0
CUST01647,3,53,71.12,217.76,Month-to-month,Credit card,Central,2023-12-18,0
CUST01648,52,29,32.61,1769.09,One year,Credit card,North,2022-02-10,0
CUST01649,16,38,62.23,994.52,Two year,Credit card,South,2021-11-01,0
CUST01650,2,55,77.9,132.87,Two year,Credit card,East,2022-07-26,0
CUST01651,52,62,59.62,3360.39,Month-to-month,Credit card,West,2023-09-30,0
CUST01652,35,31,39.99,1378.82,Month-to-month,Bank transfer,West,2023-03-11,0
CUST01653,7,35,90.75,609.1,Month-to-month,Electronic check,North,2022-07-22,1
CUST01654,13,72,83.26,1021.54,Month-to-month,Mailed check,North,2023-03-12,0
CUST01655,60,43,38.97,2298.87,Two year,Electronic check,South,2021-01-17,0
CUST01656,10,67,32.65,317.31,Month-to-month,Electronic check,Central,2023-04-05,0
CUST01657,20,44,41.2,793.64,Month-to-month,Credit card,Central,2021-04-17,0
CUST01658,38,45,78.63,2886.03,Two year,Credit card,North,2022-03-05,0
CUST01659,10,37,71.89,737.94,Month-to-month,Bank transfer,East,2022-01-19,0
CUST01660,47,55,84.75,4387.62,Month-to-month,Bank transfer,North,2023-01-27,1
CUST01661,28,61,56.85,1657.11,Month-to-month,Electronic check,West,2021-09-20,0
CUST01662,19,27,41.88,840.38,One year,Electronic check,Central,2021-09-19,0
CUST01663,16,37,87.97,1380.96,One year,Credit card,East,2023-08-27,0
CUST01664,44,54,51.16,2262.82,Month-to-month,Mailed check,North,2022-06-07,0
CUST01665,32,40,69.66,2276.65,Two year,Bank transfer,East,2023-03-23,0
CUST01666,15,35,26.25,380.76,Two year,Mailed check,South,2022-10-01,0
CUST01667,10,56,50.75,496.7,Two year,Electronic check,West,2022-11-10,0
CUST01668,11,57,90.23,1034.94,Month-to-month,Credit card,South,2023-01-22,1
CUST01669,23,35,47.09,1142.11,Month-to-month,Credit card,Central,2023-01-02,0
CUST01670,1,44,85.36,85.65,Two year,Bank transfer,South,2023-09-26,0
CUST01671,4,25,18.0,67.7,Month-to-month,Mailed check,North,2023-05-10,0
CUST01672,65,29,51.02,3267.29,One year,Bank transfer,South,2021-11-30,0
CUST01673,36,43,60.72,2028.39,One year,Credit card,North,2021-07-05,0
CUST01674,33,42,108.56,3595.95,Month-to-month,Bank transfer,South,2023-07-15,1
CUST01675,18,28,35.77,652.08,One year,Mailed check,West,2022-02-12,0
CUST01676,7,31,81.77,564.64,Two year,Mailed check,North,2021-12-07,0
CUST01677,21,27,91.42,1943.02,One year,Bank transfer,North,2021-05-02,0
CUST01678,1,48,46.96,47.94,Month-to-month,Mailed check,North,2022-08-28,0
CUST01679,16,18,55.66,902.0,Two year,Bank transfer,North,2022-07-15,0
CUST01680,1,27,68.54,64.42,Month-to-month,Electronic check,Central,2023-06-26,1
CUST01681,11,18,27.96,303.67,One year,Electronic check,Central,2023-03-31,0
CUST01682,72,47,53.62,3939.75,Two year,Credit card,North,2023-03-03,0
CUST01683,9,18,96.9,940.94,One year,Mailed check,West,2022-08-13,0
CUST01684,28,42,78.07,2156.24,Month-to-month,Mailed check,West,2023-08-03,1
CUST01685,12,64,61.08,753.15,Month-to-month,Bank transfer,Central,2023-12-13,0
CUST01686,1,65,67.83,70.81,Month-to-month,Mailed check,South,2023-06-12,1
CUST01687,1,18,79.52,78.74,Month-to-month,Credit card,South,2022-01-17,0
CUST01688,3,46,84.31,267.45,Month-to-month,Electronic check,East,2021-10-30,1
CUST01689,6,28,51.09,324.97,One year,Credit card,Central,2021-01-02,0
CUST01690,12,25,103.37,1326.05,Month-to-month,Electronic check,West,2023-12-24,1
CUST01691,6,40,97.91,600.93,One year,Mailed check,East,2023-03-14,1
CUST01692,18,59,81.93,1648.77,Two year,Bank transfer,North,2023-10-24,0
CUST01693,36,50,43.93,1532.83,Month-to-month,Credit card,West,2023-05-13,0
CUST01694,1,31,39.49,43.68,One year,Electronic check,Central,2022-04-17,0
CUST01695,3,51,56.83,177.04,One year,Bank transfer,South,2021-06-08,0
CUST01696,68,18,66.52,4826.51,Month-to-month,Electronic check,West,2021-02-21,1
CUST01697,31,31,20.79,634.18,Month-to-month,Electronic check,South,2023-05-18,0
CUST01698,4,30,77.37,322.55,One year,Credit card,East,2021-11-29,0
CUST01699,1,43,97.19,104.12,Two year,Bank transfer,East,2022-02-20,0
CUST01700,46,39,79.41,3454.26,One year,Mailed check,West,2023-07-05,0
CUST01701,57,40,48.1,2719.31,Two year,Bank transfer,Central,2022-06-12,0
CUST01702,17,39,45.14,685.22,Two year,Mailed check,South,2023-11-08,0
CUST01703,18,42,72.5,1293.36,Month-to-month,Mailed check,South,2022-08-22,1
CUST01704,2,49,61.17,117.35,One year,Mailed check,South,2023-06-30,0
CUST01705,16,44,76.08,1204.03,Month-to-month,Mailed check,North,2021-05-18,0
CUST01706,19,38,80.04,1743.07,Two year,Credit card,South,2022-03-11,0
CUST01707,66,47,92.3,,Month-to-month,Mailed check,North,2021-07-20,0
CUST01708,4,53,36.7,136.23,Month-to-month,Mailed check,South,2021-03-03,0
CUST01709,10,34,70.54,725.0,Two year,Bank transfer,North,2023-12-22,0
CUST01710,15,41,55.91,872.15,Month-to-month,Credit card,South,2022-07-21,0
CUST01711,4,58,62.53,245.89,One year,Mailed check,West,2022-01-23,0
CUST01712,36,26,86.61,3145.76,Month-to-month,Credit card,North,2022-02-17,0
CUST01713,8,67,89.33,724.5,Two year,Mailed check,East,2021-09-21,0
CUST01714,8,23,99.96,745.84,Two year,Bank transfer,Central,2021-05-15,0
CUST01715,37,37,75.64,2654.36,Month-to-month,Credit card,East,2023-09-28,0
CUST01716,2,28,62.25,,One year,Mailed check,North,2021-04-26,0
CUST01717,18,72,58.68,1061.49,Month-to-month,Electronic check,South,2022-02-26,1
CUST01718,8,34,21.63,166.91,One year,Bank transfer,East,2021-06-17,0
CUST01719,12,34,98.49,1134.94,One year,Electronic check,East,2023-10-15,0
CUST01720,15,36,56.95,850.42,Two year,Mailed check,North,2021-08-14,0
CUST01721,31,43,77.65,2513.8,Month-to-month,Credit card,South,2022-03-08,0
CUST01722,22,37,81.97,1796.44,Month-to-month,Mailed check,East,2023-04-06,0
CUST01723,25,40,33.87,915.45,One year,Bank transfer,South,2022-09-17,0
CUST01724,21,18,41.92,849.69,One year,Bank transfer,East,2022-02-22,0
CUST01725,15,42,103.68,1570.22,Month-to-month,Electronic check,North,2022-09-10,0
CUST01726,47,42,72.26,3336.06,Month-to-month,Mailed check,South,2022-04-24,0
CUST01727,1,56,50.49,51.97,Month-to-month,Bank transfer,West,2021-11-13,1
CUST01728,26,60,61.84,1545.01,Two year,Electronic check,South,2022-10-18,0
CUST01729,16,39,92.16,1616.66,Month-to-month,Mailed check,East,2022-02-04,0
CUST01730,4,53,88.36,323.56,Month-to-month,Mailed check,South,2023-11-18,0
CUST01731,64,26,28.35,1970.03,Two year,Credit card,South,2022-05-23,0
CUST01732,46,52,105.86,4891.47,Month-to-month,Electronic check,Central,2023-04-09,0
CUST01733,47,33,89.15,4305.78,One year,Credit card,South,2021-09-14,0
CUST01734,9,25,61.19,587.46,Month-to-month,Mailed check,North,2022-12-09,1
CUST01735,21,39,35.21,771.12,Two year,Bank transfer,Central,2022-09-05,0
CUST01736,28,61,91.35,2464.44,One year,Bank transfer,West,2023-03-26,0
CUST01737,19,44,76.91,1505.14,Two year,Mailed check,West,2022-05-21,0
CUST01738,24,62,28.56,749.44,Month-to-month,Credit card,North,2023-02-27,1
CUST01739,23,31,59.2,1301.19,Month-to-month,Electronic check,North,2021-03-06,1
CUST01740,13,56,143.15,2058.06,One year,Electronic check,East,2023-01-26,0
CUST01741,10,32,65.41,666.71,Month-to-month,Credit card,North,2023-04-06,1
CUST01742,10,45,46.45,454.44,Month-to-month,Bank transfer,North,2022-06-28,1
CUST01743,4,45,39.79,152.05,Month-to-month,Credit card,West,2021-02-07,1
CUST01744,41,51,109.3,4431.27,Two year,Mailed check,South,2022-09-13,0
CUST01745,69,45,86.19,5365.7,One year,Electronic check,North,2023-05-06,0
CUST01746,17,31,100.19,1667.87,One year,Electronic check,North,2022-05-21,0
CUST01747,18,54,71.2,1264.75,One year,Mailed check,South,2021-04-14,0
CUST01748,72,66,96.35,6564.53,Month-to-month,Electronic check,East,2022-03-09,1
CUST01749,45,33,43.79,2044.23,Month-to-month,Credit card,Central,2023-12-25,0
CUST01750,35,18,69.06,2390.66,Month-to-month,Electronic check,North,2021-10-24,0
CUST01751,6,48,72.18,419.31,One year,Credit card,North,2022-08-03,0
CUST01752,36,37,99.56,3525.86,Month-to-month,Electronic check,East,2022-01-24,0
CUST01753,2,40,72.97,148.53,Two year,Electronic check,South,2023-02-20,0
CUST01754,5,49,49.36,247.7,Two year,Mailed check,East,2022-04-15,0
CUST01755,19,35,66.6,1221.05,Month-to-month,Electronic check,Central,2022-02-25,0
CUST01756,9,38,23.09,209.12,One year,Mailed check,East,2022-09-27,0
CUST01757,12,40,18.0,215.45,Month-to-month,Mailed check,South,2022-09-19,1
CUST01758,10,62,85.78,808.93,Two year,Bank transfer,Central,2022-07-02,0
CUST01759,27,42,55.63,1480.34,Two year,Bank transfer,North,2021-10-10,0
CUST01760,11,24,58.46,661.69,Two year,Electronic check,Central,2021-04-29,0
CUST01761,13,25,85.77,1146.91,Month-to-month,Electronic check,East,2023-01-27,1
CUST01762,54,43,99.93,5334.17,Month-to-month,Electronic check,East,2022-01-08,1
CUST01763,47,26,78.36,3807.55,Month-to-month,Electronic check,Central,2022-11-03,0
CUST01764,1,20,113.2,107.65,Month-to-month,Electronic check,East,2022-02-16,0
CUST01765,7,50,77.57,517.23,Month-to-month,Mailed check,South,2023-07-25,1
CUST01766,50,51,72.56,3582.42,Month-to-month,Bank transfer,South,2023-02-14,0
CUST01767,1,36,71.01,76.33,Two year,Mailed check,West,2022-03-19,0
CUST01768,5,46,32.86,165.64,Month-to-month,Mailed check,East,2021-12-31,0
CUST01769,23,44,88.9,2016.55,Month-to-month,Mailed check,North,2023-04-01,0
CUST01770,21,50,18.0,407.18,Two year,Bank transfer,West,2021-01-09,0
CUST01771,14,50,50.34,694.65,One year,Mailed check,East,2021-03-05,0
CUST01772,13,18,65.57,947.66,One year,Electronic check,South,2021-04-03,0
CUST01773,28,38,45.26,1234.88,One year,Mailed check,North,2022-01-14,0
CUST01774,31,49,53.71,1580.78,Two year,Electronic check,South,2022-06-29,0
CUST01775,39,36,110.98,4292.22,One year,Mailed check,North,2021-11-17,0
CUST01776,16,42,92.6,1463.15,Month-to-month,Credit card,North,2021-07-26,0
CUST01777,4,52,47.85,183.67,One year,Mailed check,South,2021-12-09,0
CUST01778,21,43,53.26,1263.97,Month-to-month,Electronic check,North,2022-06-26,1
CUST01779,32,63,33.07,1075.1,Month-to-month,Bank transfer,South,2021-11-22,0
CUST01780,72,57,82.62,6086.72,Month-to-month,Electronic check,West,2022-09-21,1
CUST01781,16,40,58.76,918.45,Month-to-month,Electronic check,South,2022-02-23,0
CUST01782,10,39,18.0,174.8,One year,Electronic check,Central,2023-10-20,0
CUST01783,53,18,67.52,3762.06,Month-to-month,Credit card,Central,2023-12-23,1
CUST01784,1,37,75.97,69.6,Month-to-month,Credit card,East,2022-12-19,0
CUST01785,11,23,89.08,923.89,Month-to-month,Bank transfer,Central,2022-08-31,0
CUST01786,22,45,63.17,1372.56,Two year,Bank transfer,Central,2021-02-03,0
CUST01787,8,44,55.68,475.53,Month-to-month,Bank transfer,South,2022-11-13,0
CUST01788,47,51,114.66,5288.11,One year,Bank transfer,West,2022-02-21,0
CUST01789,22,61,65.16,1463.35,Two year,Bank transfer,North,2021-11-14,0
CUST01790,72,41,82.99,5983.56,Month-to-month,Credit card,West,2023-05-19,0
CUST01791,14,73,51.51,767.88,One year,Bank transfer,East,2021-02-16,0
CUST01792,5,45,82.25,378.66,Month-to-month,Electronic check,North,2021-10-13,0
CUST01793,49,23,28.61,1453.48,Month-to-month,Mailed check,South,2023-04-28,1
CUST01794,15,34,53.45,793.78,One year,Credit card,Central,2023-10-10,0
CUST01795,37,36,34.79,1346.76,Two year,Mailed check,South,2022-07-18,0
CUST01796,17,50,49.88,813.22,Month-to-month,Electronic check,North,2022-08-03,0
CUST01797,3,28,96.26,289.13,One year,Credit card,North,2023-11-25,0
CUST01798,3,37,49.69,148.31,Month-to-month,Bank transfer,East,2021-04-12,0
CUST01799,9,39,82.96,709.22,One year,Bank transfer,West,2022-06-11,0
CUST01800,3,35,102.93,289.02,One year,Mailed check,West,2021-09-22,0
CUST01801,1,53,64.31,62.44,One year,Electronic check,South,2022-06-07,1
CUST01802,71,50,89.84,6420.08,One year,Mailed check,North,2023-09-20,0
CUST01803,6,58,78.28,451.9,Month-to-month,Mailed check,North,2022-10-15,1
CUST01804,19,37,67.91,1269.0,One year,Credit card,East,2023-12-22,1
CUST01805,1,58,83.76,75.86,One year,Mailed check,West,2022-07-08,0
CUST01806,12,22,111.0,1307.31,One year,Electronic check,West,2023-08-04,0
CUST01807,6,22,49.07,309.49,Month-to-month,Mailed check,South,2021-07-05,0
CUST01808,13,25,41.02,552.06,Month-to-month,Credit card,East,2021-12-18,0
CUST01809,48,42,39.55,1890.15,Month-to-month,Mailed check,South,2021-10-27,1
CUST01810,9,58,89.86,818.59,Month-to-month,Mailed check,East,2023-04-22,0
CUST01811,27,33,93.23,2412.96,Month-to-month,Bank transfer,East,2022-07-16,0
CUST01812,7,35,51.57,390.31,Month-to-month,Bank transfer,West,2021-09-01,0
CUST01813,29,38,18.0,575.97,One year,Mailed check,East,2021-07-09,0
CUST01814,3,50,48.13,145.58,Month-to-month,Credit card,Central,2022-02-26,1
CUST01815,28,35,78.7,2489.04,Two year,Bank transfer,South,2021-06-18,0
CUST01816,31,34,63.33,1896.46,Month-to-month,Electronic check,North,2023-02-03,0
CUST01817,1,23,69.51,65.16,One year,Mailed check,North,2023-07-18,0
CUST01818,1,33,51.92,50.08,Month-to-month,Credit card,East,2023-11-27,0
CUST01819,24,58,90.35,2144.6,Month-to-month,Mailed check,East,2021-09-16,0
CUST01820,9,43,73.58,738.77,One year,Bank transfer,East,2022-04-26,0
CUST01821,47,31,79.66,3691.39,Two year,Bank transfer,West,2022-07-06,0
CUST01822,72,59,68.98,4753.08,Month-to-month,Bank transfer,South,2022-06-27,0
CUST01823,18,33,78.11,1342.82,Month-to-month,Credit card,West,2022-05-12,0
CUST01824,22,61,76.46,1778.0,One year,Electronic check,West,2021-08-30,0
CUST01825,7,61,41.8,307.19,One year,Bank transfer,South,2021-05-03,0
CUST01826,72,42,74.33,5221.85,Month-to-month,Bank transfer,South,2022-03-18,1
CUST01827,22,21,84.79,1690.43,Month-to-month,Electronic check,North,2021-04-12,0
CUST01828,16,74,93.88,1417.32,Month-to-month,Bank transfer,South,2021-03-11,0
CUST01829,15,47,75.4,1228.34,Two year,Electronic check,West,2022-07-28,0
CUST01830,2,37,40.87,84.56,Month-to-month,Mailed check,Central,2023-07-30,0
CUST01831,26,55,44.72,1166.53,Month-to-month,Mailed check,East,2022-08-15,0
CUST01832,4,51,54.12,236.71,Two year,Electronic check,South,2021-01-26,0
CUST01833,4,60,69.74,306.27,Month-to-month,Credit card,West,2023-07-10,1
CUST01834,28,32,61.94,1731.2,Month-to-month,Electronic check,West,2023-01-19,1
CUST01835,1,46,36.91,36.88,Month-to-month,Mailed check,South,2021-11-28,0
CUST01836,17,25,36.76,606.73,Month-to-month,Credit card,West,2021-10-27,0
CUST01837,21,51,18.0,372.62,Month-to-month,Credit card,North,2023-09-13,0
CUST01838,2,41,18.0,33.32,Month-to-month,Electronic check,North,2022-06-06,0
CUST01839,7,45,61.71,399.78,One year,Mailed check,North,2021-06-04,0
CUST01840,35,39,123.01,3934.52,One year,Bank transfer,North,2021-11-05,0
CUST01841,19,38,109.92,2201.71,Month-to-month,Credit card,Central,2021-10-17,1
CUST01842,11,29,40.54,411.13,One year,Credit card,South,2022-03-15,0
CUST01843,5,53,68.75,377.26,Month-to-month,Bank transfer,South,2022-01-14,1
CUST01844,21,62,28.39,574.42,Two year,Electronic check,South,2022-08-22,0
CUST01845,9,34,32.2,314.97,Month-to-month,Credit card,South,2021-12-20,0
CUST01846,14,49,35.06,481.88,One year,Electronic check,South,2022-12-03,0
CUST01847,25,48,59.36,1367.79,Month-to-month,Electronic check,North,2022-06-24,1
CUST01848,46,42,60.44,2958.7,One year,Bank transfer,West,2023-10-27,0
CUST01849,72,20,71.32,5494.97,Month-to-month,Bank transfer,North,2023-06-26,0
CUST01850,33,23,81.58,2570.18,One year,Electronic check,West,2021-12-30,1
CUST01851,26,31,56.58,1446.69,Month-to-month,Electronic check,North,2021-02-16,1
CUST01852,72,18,65.91,4530.6,Two year,Bank transfer,West,2022-10-03,0
CUST01853,8,61,37.65,299.38,Month-to-month,Mailed check,West,2022-01-06,0
CUST01854,17,47,31.39,536.51,One year,Bank transfer,North,2023-09-15,0
CUST01855,15,41,27.53,405.69,Two year,Mailed check,North,2022-03-21,0
CUST01856,24,18,81.23,1772.22,Two year,Bank transfer,Central,2021-11-14,0
CUST01857,27,18,56.55,1482.5,Month-to-month,Mailed check,East,2022-01-07,0
CUST01858,72,41,18.22,1357.99,Month-to-month,Mailed check,East,2023-08-06,0
CUST01859,4,69,63.42,251.03,Month-to-month,Mailed check,North,2021-05-04,0
CUST01860,19,32,33.78,631.31,Month-to-month,Bank transfer,South,2023-11-15,0
CUST01861,11,54,106.51,1117.08,One year,Bank transfer,East,2021-09-13,0
CUST01862,4,35,50.53,195.95,Two year,Bank transfer,Central,2023-07-18,0
CUST01863,3,42,82.04,263.46,Two year,Bank transfer,South,2022-08-20,1
CUST01864,9,59,92.22,782.68,Month-to-month,Electronic check,West,2022-09-16,1
CUST01865,10,37,41.13,426.12,One year,Credit card,West,2021-08-13,0
CUST01866,55,32,66.9,3688.16,Two year,Bank transfer,North,2023-03-02,0
CUST01867,11,61,78.84,877.86,Two year,Bank transfer,South,2022-12-12,0
CUST01868,20,42,67.89,1308.08,Month-to-month,Credit card,North,2022-06-11,0
CUST01869,25,57,74.03,1818.2,Month-to-month,Credit card,South,2022-05-17,1
CUST01870,22,32,31.76,698.52,Two year,Bank transfer,East,2022-10-16,0
CUST01871,13,61,78.85,998.36,Month-to-month,Credit card,South,2022-06-01,1
CUST01872,56,45,52.85,3008.65,Month-to-month,Mailed check,North,2023-12-04,0
CUST01873,50,48,73.74,3771.33,Two year,Bank transfer,West,2021-02-15,0
CUST01874,19,43,88.0,1853.64,Two year,Mailed check,East,2021-10-02,0
CUST01875,2,34,81.72,165.71,Two year,Bank transfer,East,2023-07-21,0
CUST01876,13,41,73.72,866.73,One year,Electronic check,East,2023-05-18,0
CUST01877,9,35,81.05,771.87,Month-to-month,Credit card,North,2022-01-17,0
CUST01878,17,55,82.21,1383.32,Month-to-month,Electronic check,West,2022-07-09,0
CUST01879,14,39,102.39,1577.66,Month-to-month,Bank transfer,South,2021-01-30,1
CUST01880,18,21,64.15,1239.62,One year,Electronic check,South,2021-07-13,1
CUST01881,24,18,69.1,1616.5,Month-to-month,Electronic check,North,2023-11-01,1
CUST01882,26,18,88.3,2378.67,One year,Credit card,East,2022-12-06,0
CUST01883,25,50,52.74,1279.34,Month-to-month,Credit card,East,2021-02-12,1
CUST01884,31,25,31.62,980.35,One year,Electronic check,South,2023-05-18,0
CUST01885,38,46,77.33,3037.86,Month-to-month,Electronic check,Central,2022-03-18,0
CUST01886,13,43,59.85,821.35,Month-to-month,Credit card,West,2022-09-15,0
CUST01887,65,41,34.81,2363.93,Month-to-month,Credit card,North,2023-07-28,0
CUST01888,72,48,77.51,5601.64,Month-to-month,Electronic check,West,2023-07-06,0
CUST01889,8,44,100.78,906.35,Two year,Bank transfer,South,2021-05-30,0
CUST01890,55,18,24.26,1309.95,Month-to-month,Mailed check,Central,2022-02-05,0
CUST01891,25,37,90.56,2082.06,Month-to-month,Bank transfer,North,2021-10-26,1
CUST01892,22,47,18.0,367.99,One year,Mailed check,South,2023-09-28,0
CUST01893,4,64,54.99,236.17,One year,Electronic check,South,2023-05-05,0
CUST01894,21,65,111.01,2322.28,Month-to-month,Mailed check,South,2022-12-11,0
CUST01895,13,22,56.79,744.14,Month-to-month,Bank transfer,West,2021-03-06,0
CUST01896,72,37,67.25,4710.65,Month-to-month,Credit card,East,2023-05-30,0
CUST01897,40,20,84.07,3286.68,One year,Electronic check,North,2022-09-07,0
CUST01898,18,63,22.09,,Month-to-month,Credit card,East,2021-10-26,0
CUST01899,40,56,66.8,2734.95,Month-to-month,Bank transfer,Central,2022-04-30,1
CUST01900,15,46,66.61,994.29,Month-to-month,Credit card,West,2022-05-04,1
CUST01901,2,44,111.56,227.97,One year,Credit card,East,2021-11-21,1
CUST01902,57,61,34.11,1977.27,Month-to-month,Electronic check,South,2023-09-24,0
CUST01903,21,58,55.46,1139.86,Two year,Electronic check,North,2023-10-02,0
CUST01904,9,58,41.79,348.68,Month-to-month,Credit card,Central,2021-02-25,0
CUST01905,29,48,39.14,1047.33,One year,Electronic check,West,2023-10-22,0
CUST01906,50,37,93.19,5364.63,Month-to-month,Electronic check,East,2022-03-19,0
CUST01907,36,52,65.67,2538.85,Month-to-month,Mailed check,Central,2023-05-26,0
CUST01908,13,53,51.11,708.95,Month-to-month,Credit card,North,2023-05-05,0
CUST01909,2,39,52.05,100.59,Two year,Credit card,West,2022-10-18,0
CUST01910,49,37,50.92,2496.27,Two year,Bank transfer,North,2023-03-26,0
CUST01911,16,57,53.15,815.73,Month-to-month,Electronic check,North,2023-01-17,0
CUST01912,1,65,33.39,31.2,Month-to-month,Mailed check,East,2023-07-22,0
CUST01913,4,31,58.53,227.23,Two year,Bank transfer,South,2022-04-09,1
CUST01914,1,38,56.02,59.73,Month-to-month,Electronic check,Central,2023-03-21,0
CUST01915,27,46,46.06,1295.9,Month-to-month,Bank transfer,South,2023-12-09,0
CUST01916,53,48,68.88,3473.58,Month-to-month,Electronic check,West,2023-11-04,0
CUST01917,31,34,71.0,2166.35,One year,Mailed check,West,2021-06-12,0
CUST01918,5,68,51.08,264.97,One year,Electronic check,West,2022-06-30,0
CUST01919,64,47,61.4,3817.42,One year,Bank transfer,Central,2022-07-13,0
CUST01920,4,49,118.97,477.77,Two year,Credit card,South,2022-11-15,0
CUST01921,46,66,118.01,5537.53,Month-to-month,Electronic check,South,2022-12-10,0
CUST01922,20,35,38.65,788.11,Month-to-month,Credit card,North,2023-07-18,0
CUST01923,1,40,42.14,42.68,Month-to-month,Bank transfer,South,2022-08-06,1
CUST01924,5,24,38.51,186.26,Month-to-month,Credit card,Central,2023-02-08,1
CUST01925,2,39,91.43,177.82,Month-to-month,Credit card,East,2023-09-12,1
CUST01926,20,21,55.04,1038.4,Month-to-month,Electronic check,South,2021-04-22,0
CUST01927,35,52,70.99,2290.68,Month-to-month,Bank transfer,North,2022-12-05,0
CUST01928,27,47,114.92,3085.04,One year,Bank transfer,East,2022-02-06,0
CUST01929,50,38,64.74,3369.11,Month-to-month,Electronic check,West,2023-09-19,0
CUST01930,25,40,82.66,1923.88,Month-to-month,Mailed check,South,2022-08-29,0
CUST01931,4,52,78.01,316.3,One year,Credit card,West,2022-10-23,0
CUST01932,31,26,50.29,1620.15,One year,Bank transfer,East,2023-04-07,0
CUST01933,22,44,91.48,1827.73,One year,Mailed check,West,2021-09-22,1
CUST01934,15,51,43.76,647.52,Two year,Mailed check,South,2022-08-19,0
CUST01935,47,18,98.5,5010.56,One year,Credit card,East,2023-04-27,0
CUST01936,72,51,50.31,3722.29,Month-to-month,Mailed check,North,2023-05-02,0
CUST01937,11,18,53.05,528.97,Month-to-month,Electronic check,South,2021-09-07,0
CUST01938,17,40,37.79,663.58,One year,Bank transfer,West,2023-07-07,0
CUST01939,24,25,41.89,967.77,Month-to-month,Credit card,East,2021-06-28,1
CUST01940,32,62,54.33,1798.65,Month-to-month,Electronic check,North,2021-10-18,1
CUST01941,31,25,18.0,538.75,Month-to-month,Mailed check,Central,2023-07-28,0
CUST01942,2,18,59.17,118.03,Month-to-month,Mailed check,North,2022-11-06,1
CUST01943,1,43,52.3,50.89,Month-to-month,Electronic check,East,2022-08-17,0
CUST01944,23,36,84.75,1949.56,Month-to-month,Bank transfer,Central,2022-09-03,1
CUST01945,3,20,75.57,220.28,Two year,Mailed check,East,2023-11-28,1
CUST01946,10,49,47.31,467.81,Two year,Electronic check,West,2021-09-06,0
CUST01947,21,18,53.54,1058.25,Month-to-month,Mailed check,East,2021-11-24,1
CUST01948,3,27,59.13,181.74,Two year,Credit card,West,2022-06-21,0
CUST01949,40,33,102.15,4121.81,Month-to-month,Credit card,West,2023-07-15,1
CUST01950,20,53,44.44,816.96,Two year,Bank transfer,West,2022-08-24,0
CUST01951,1,60,47.01,49.34,Two year,Mailed check,North,2023-03-06,0
CUST01952,1,57,36.79,36.47,Month-to-month,Credit card,West,2023-06-14,1
CUST01953,8,39,27.95,225.41,One year,Electronic check,North,2023-09-04,0
CUST01954,9,18,72.68,679.13,Two year,Bank transfer,Central,2022-05-20,0
CUST01955,21,47,70.07,1495.62,Two year,Bank transfer,North,2022-05-17,0
CUST01956,4,62,97.07,410.9,Two year,Bank transfer,North,2021-03-30,1
CUST01957,18,59,91.04,1614.69,One year,Electronic check,Central,2021-03-29,1
CUST01958,17,48,124.93,2233.66,Month-to-month,Bank transfer,North,2022-06-18,1
CUST01959,15,25,63.15,953.07,Two year,Bank transfer,South,2023-04-01,0
CUST01960,63,34,58.49,3778.4,One year,Credit card,West,2023-07-07,0
CUST01961,18,69,32.49,596.62,One year,Electronic check,North,2022-03-24,0
CUST01962,1,22,82.41,87.52,Month-to-month,Bank transfer,North,2022-09-18,0
CUST01963,22,25,67.96,1549.05,One year,Credit card,East,2023-06-09,0
CUST01964,2,55,81.28,158.96,Month-to-month,Mailed check,North,2021-12-16,0
CUST01965,10,35,36.52,353.49,One year,Bank transfer,North,2021-06-23,0
CUST01966,12,25,73.79,883.28,Month-to-month,Electronic check,North,2023-10-06,1
CUST01967,11,63,70.13,742.11,One year,Bank transfer,South,2022-08-21,0
CUST01968,5,48,68.48,324.39,Two year,Bank transfer,South,2021-06-20,0
CUST01969,34,36,47.92,1455.92,Month-to-month,Electronic check,North,2021-10-03,0
CUST01970,20,25,94.73,1747.84,Month-to-month,Electronic check,East,2021-12-24,1
CUST01971,13,70,116.26,1661.42,Month-to-month,Bank transfer,East,2021-08-09,0
CUST01972,50,41,37.24,1800.88,Two year,Electronic check,North,2022-04-24,0
CUST01973,18,61,83.01,1636.39,One year,Mailed check,South,2023-06-10,0
CUST01974,17,54,18.0,312.17,Month-to-month,Electronic check,Central,2023-03-20,1
CUST01975,9,34,81.72,733.65,Month-to-month,Credit card,East,2023-10-02,1
CUST01976,19,34,18.25,320.73,Month-to-month,Bank transfer,South,2023-07-05,1
CUST01977,8,62,51.88,415.14,Month-to-month,Credit card,East,2021-12-07,0
CUST01978,25,62,32.17,880.34,Two year,Electronic check,North,2021-03-06,0
CUST01979,11,18,59.61,706.78,One year,Electronic check,West,2021-06-16,0
CUST01980,14,49,85.97,,Month-to-month,Bank transfer,Central,2023-05-18,0
CUST01981,34,40,18.57,595.12,Two year,Bank transfer,Central,2022-01-08,0
CUST01982,1,27,56.01,53.33,Month-to-month,Credit card,North,2023-02-28,0
CUST01983,5,45,52.17,249.73,Two year,Credit card,South,2022-05-17,0
CUST01984,23,23,104.53,2557.84,Month-to-month,Credit card,North,2023-09-07,0
CUST01985,3,35,75.79,245.92,One year,Electronic check,South,2022-07-11,0
CUST01986,18,30,35.57,646.53,Two year,Mailed check,South,2023-09-13,0
CUST01987,32,35,53.22,1677.23,Month-to-month,Credit card,East,2021-10-02,1
CUST01988,5,40,103.9,559.73,One year,Bank transfer,North,2023-05-02,0
CUST01989,3,27,82.86,,Two year,Credit card,Central,2022-07-28,1
CUST01990,23,64,42.04,969.43,Month-to-month,Bank transfer,North,2021-07-28,0
CUST01991,8,48,58.32,477.36,Month-to-month,Electronic check,North,2021-09-14,0
CUST01992,1,67,59.12,56.57,One year,Mailed check,Central,2021-12-10,0
CUST01993,8,39,51.55,399.29,Month-to-month,Credit card,West,2021-06-19,0
CUST01994,7,34,22.24,150.12,Month-to-month,Bank transfer,South,2023-10-23,0
CUST01995,23,66,48.06,1183.68,Month-to-month,Electronic check,East,2021-08-21,0
CUST01996,64,33,99.73,6993.66,One year,Electronic check,North,2022-10-17,0
CUST01997,12,39,55.47,669.46,Month-to-month,Credit card,North,2022-09-18,1
CUST01998,14,52,62.42,862.16,Month-to-month,Credit card,East,2022-08-13,1
CUST01999,9,24,68.51,598.1,Two year,Credit card,South,2022-11-19,0
CUST02000,5,51,120.45,602.3,Month-to-month,Electronic check,East,2023-09-30,1
