applicant_id,group,income,years_employed,credit_score,debt_ratio,loan_amount,repaid
AP00001,A,92281.0,4.6,762.0,0.06,44700.0,0
AP00002,B,31527.0,1.2,545.0,0.373,19600.0,0
AP00003,B,21887.0,6.2,684.0,0.041,20200.0,0
AP00004,A,58059.0,8.2,675.0,0.235,48000.0,0
AP00005,A,58698.0,11.1,678.0,0.409,99500.0,0
AP00006,B,44355.0,11.7,638.0,0.267,68000.0,1
AP00007,A,71215.0,2.6,699.0,0.248,74400.0,0
AP00008,B,20567.0,5.3,634.0,0.395,35400.0,0
AP00009,B,48977.0,5.8,713.0,0.405,66200.0,0
AP00010,A,68483.0,0.7,712.0,0.231,56900.0,1
AP00011,A,81681.0,10.7,513.0,0.277,78500.0,0
AP00012,A,98140.0,4.1,655.0,0.153,25400.0,1
AP00013,A,63151.0,1.8,716.0,0.431,107300.0,0
AP00014,A,31720.0,22.8,709.0,0.218,31700.0,1
AP00015,A,73227.0,3.4,703.0,0.046,40800.0,0
AP00016,A,51844.0,1.7,683.0,0.153,75300.0,0
AP00017,B,28328.0,1.6,666.0,0.23,31100.0,0
AP00018,B,60336.0,7.8,701.0,0.165,29800.0,1
AP00019,A,81643.0,1.6,752.0,0.547,135000.0,0
AP00020,B,12000.0,2.5,600.0,0.519,5500.0,0
AP00021,A,75627.0,14.6,768.0,0.266,126500.0,0
AP00022,A,43777.0,3.7,850.0,0.318,71300.0,0
AP00023,A,107952.0,8.8,637.0,0.233,187100.0,1
AP00024,A,41601.0,9.6,654.0,0.008,55100.0,0
AP00025,A,61255.0,7.9,727.0,0.195,38400.0,1
AP00026,A,36649.0,2.2,737.0,0.093,15600.0,0
AP00027,A,86372.0,1.8,740.0,0.104,95000.0,0
AP00028,B,45523.0,5.0,702.0,0.087,35600.0,0
AP00029,A,78659.0,5.4,673.0,0.303,57500.0,0
AP00030,A,64303.0,7.2,811.0,0.135,27700.0,0
AP00031,A,61455.0,15.1,748.0,0.22,27300.0,0
AP00032,A,65828.0,2.9,748.0,0.214,96500.0,0
AP00033,A,28703.0,2.0,760.0,0.297,33500.0,0
AP00034,A,80592.0,10.7,828.0,0.158,33600.0,0
AP00035,A,79144.0,9.9,690.0,0.342,45100.0,0
AP00036,A,55645.0,12.2,723.0,0.223,95200.0,1
AP00037,A,62488.0,8.9,588.0,0.222,28600.0,0
AP00038,A,68113.0,0.5,676.0,0.177,30400.0,0
AP00039,B,39499.0,6.3,754.0,0.19,64700.0,0
AP00040,A,70505.0,1.5,745.0,0.381,26300.0,1
AP00041,A,63502.0,0.2,649.0,0.139,63000.0,0
AP00042,B,31435.0,5.1,756.0,0.23,46500.0,1
AP00043,A,35687.0,2.9,641.0,0.298,27500.0,0
AP00044,B,56927.0,10.9,662.0,0.058,76100.0,0
AP00045,A,64047.0,12.2,624.0,0.378,75200.0,1
AP00046,B,13663.0,0.7,602.0,0.19,10300.0,0
AP00047,A,64136.0,0.8,732.0,0.288,32300.0,0
AP00048,A,76199.0,0.1,803.0,0.199,88100.0,1
AP00049,A,70625.0,7.0,711.0,0.253,57900.0,0
AP00050,B,33146.0,3.4,611.0,0.087,7200.0,0
AP00051,A,74613.0,29.7,713.0,0.373,78200.0,0
AP00052,A,66160.0,3.6,672.0,0.055,17700.0,0
AP00053,A,62255.0,9.4,773.0,0.096,82300.0,0
AP00054,A,71271.0,7.0,774.0,0.016,72100.0,1
AP00055,A,31721.0,1.0,581.0,0.404,21700.0,0
AP00056,A,85376.0,6.4,679.0,0.224,84700.0,1
AP00057,B,25648.0,0.8,708.0,0.074,36800.0,0
AP00058,A,77903.0,8.1,784.0,0.299,111100.0,1
AP00059,B,12000.0,7.8,537.0,0.221,18700.0,0
AP00060,A,82795.0,2.1,480.0,0.339,38800.0,0
AP00061,A,63491.0,8.8,747.0,0.199,93500.0,0
AP00062,A,45867.0,2.6,725.0,0.153,71800.0,0
AP00063,A,82191.0,6.0,687.0,0.286,110900.0,0
AP00064,A,66199.0,0.7,755.0,0.198,37100.0,0
AP00065,A,65015.0,7.9,718.0,0.442,32200.0,0
AP00066,A,64348.0,22.0,738.0,0.311,80000.0,1
AP00067,A,80916.0,0.1,680.0,0.429,92800.0,0
AP00068,A,77618.0,31.8,685.0,0.188,79700.0,0
AP00069,B,61114.0,4.9,555.0,0.331,50600.0,0
AP00070,A,34995.0,1.0,674.0,0.196,7900.0,0
AP00071,A,55644.0,8.9,613.0,0.218,16400.0,1
AP00072,A,64825.0,2.3,608.0,0.077,48500.0,0
AP00073,B,48618.0,1.7,738.0,0.053,64500.0,0
AP00074,A,69856.0,0.4,637.0,0.259,99000.0,0
AP00075,A,61284.0,17.3,634.0,0.274,36700.0,1
AP00076,B,52171.0,8.7,513.0,0.151,40300.0,1
AP00077,B,51398.0,4.3,698.0,0.146,53800.0,0
AP00078,B,13093.0,2.9,675.0,0.064,6500.0,0
AP00079,A,65788.0,8.7,520.0,0.447,103600.0,0
AP00080,A,36002.0,0.7,708.0,0.016,13200.0,1
AP00081,A,80202.0,3.3,679.0,0.016,112600.0,0
AP00082,B,38371.0,0.5,594.0,0.259,24700.0,0
AP00083,A,57887.0,18.4,672.0,0.344,79700.0,0
AP00084,A,42418.0,3.2,590.0,0.134,12600.0,1
AP00085,B,67733.0,2.7,734.0,0.225,52400.0,0
AP00086,A,88184.0,0.7,715.0,0.263,127500.0,0
AP00087,A,51445.0,9.2,717.0,0.256,50300.0,0
AP00088,A,43880.0,38.3,718.0,0.194,38400.0,1
AP00089,A,70554.0,14.8,846.0,0.403,99600.0,1
AP00090,A,34258.0,14.6,668.0,0.284,18600.0,0
AP00091,A,23018.0,3.2,720.0,0.249,38000.0,1
AP00092,B,63510.0,0.2,693.0,0.042,74200.0,0
AP00093,A,50585.0,2.9,571.0,0.108,45500.0,0
AP00094,A,58025.0,3.9,607.0,0.178,94700.0,0
AP00095,A,53089.0,13.1,627.0,0.207,49700.0,1
AP00096,B,12035.0,3.1,722.0,0.266,16000.0,0
AP00097,A,59043.0,5.7,606.0,0.177,52500.0,0
AP00098,A,52242.0,2.5,791.0,0.274,90900.0,0
AP00099,A,54788.0,1.3,684.0,0.429,73800.0,0
AP00100,A,74397.0,24.2,622.0,0.457,129200.0,1
AP00101,B,39131.0,0.6,623.0,0.267,31100.0,0
AP00102,A,79312.0,11.6,694.0,0.14,50400.0,1
AP00103,A,75588.0,0.0,646.0,0.325,78000.0,0
AP00104,A,12000.0,8.0,614.0,0.081,7900.0,1
AP00105,B,71717.0,2.9,583.0,0.09,82300.0,0
AP00106,A,57386.0,1.9,688.0,0.124,85000.0,0
AP00107,A,66756.0,3.9,812.0,0.325,68200.0,0
AP00108,A,33941.0,9.4,495.0,0.023,22400.0,1
AP00109,A,88658.0,28.3,662.0,0.332,67300.0,0
AP00110,A,68523.0,10.9,691.0,0.224,15100.0,1
AP00111,B,55478.0,2.3,502.0,0.069,97700.0,0
AP00112,B,20507.0,4.4,679.0,0.276,26300.0,0
AP00113,A,56835.0,5.3,700.0,0.356,31000.0,1
AP00114,B,39629.0,0.0,654.0,0.033,36100.0,0
AP00115,A,72184.0,25.7,707.0,0.391,96000.0,0
AP00116,B,25184.0,6.5,681.0,0.311,29100.0,0
AP00117,B,37506.0,12.4,639.0,0.172,12400.0,0
AP00118,A,51652.0,0.4,689.0,0.465,18000.0,0
AP00119,A,61023.0,17.0,771.0,0.296,96400.0,1
AP00120,B,41474.0,14.1,793.0,0.165,26100.0,1
AP00121,A,85795.0,3.5,715.0,0.181,133000.0,0
AP00122,A,43489.0,4.0,803.0,0.26,43300.0,0
AP00123,B,71199.0,20.3,737.0,0.37,30200.0,0
AP00124,A,79206.0,8.3,616.0,0.11,24200.0,0
AP00125,B,42114.0,3.0,621.0,0.438,23100.0,0
AP00126,A,65459.0,1.7,703.0,0.306,72800.0,0
AP00127,A,84397.0,9.5,662.0,0.3,67500.0,1
AP00128,A,59688.0,18.6,719.0,0.37,31800.0,0
AP00129,A,41660.0,11.5,768.0,0.06,68400.0,1
AP00130,A,65152.0,11.0,629.0,0.046,78600.0,1
AP00131,B,77639.0,21.8,803.0,0.12,27400.0,1
AP00132,A,36328.0,21.1,624.0,0.227,35200.0,0
AP00133,A,73141.0,1.0,574.0,0.353,59300.0,0
AP00134,A,63342.0,2.1,633.0,0.136,87200.0,0
AP00135,B,40582.0,7.0,564.0,0.19,13000.0,0
AP00136,A,56163.0,4.4,566.0,0.124,47900.0,0
AP00137,B,40140.0,3.3,649.0,0.391,44100.0,1
AP00138,A,81874.0,3.9,681.0,0.196,110700.0,1
AP00139,A,73942.0,11.6,572.0,0.084,43400.0,0
AP00140,B,24776.0,12.2,589.0,0.286,15600.0,0
AP00141,B,32572.0,3.7,609.0,0.132,53700.0,0
AP00142,A,39871.0,8.3,724.0,0.066,50700.0,0
AP00143,A,75157.0,0.3,661.0,0.19,84400.0,0
AP00144,B,13721.0,6.3,713.0,0.059,17000.0,0
AP00145,A,84812.0,3.3,779.0,0.15,82200.0,0
AP00146,B,41400.0,7.1,680.0,0.167,67100.0,0
AP00147,A,82260.0,4.2,680.0,0.201,26000.0,0
AP00148,A,62818.0,2.2,701.0,0.076,71700.0,0
AP00149,A,80773.0,24.7,647.0,0.563,94300.0,0
AP00150,B,68399.0,7.5,767.0,0.05,74600.0,0
AP00151,A,101954.0,8.9,801.0,0.297,90400.0,0
AP00152,B,52060.0,6.0,592.0,0.31,61500.0,0
AP00153,A,84777.0,10.6,671.0,0.452,25700.0,0
AP00154,A,71647.0,1.1,695.0,0.277,44100.0,0
AP00155,A,66467.0,7.8,704.0,0.166,13700.0,1
AP00156,B,44099.0,2.1,629.0,0.304,61300.0,0
AP00157,A,71350.0,22.7,598.0,0.173,30200.0,0
AP00158,A,36775.0,6.1,643.0,0.09,28500.0,0
AP00159,A,38671.0,7.4,672.0,0.231,43300.0,1
AP00160,A,76124.0,5.0,698.0,0.037,60400.0,1
AP00161,A,35324.0,0.8,722.0,0.04,49200.0,1
AP00162,B,49782.0,1.0,630.0,0.237,48900.0,0
AP00163,B,54664.0,3.4,501.0,0.532,58700.0,0
AP00164,A,67820.0,16.0,615.0,0.319,30200.0,1
AP00165,A,64685.0,2.7,599.0,0.068,112100.0,0
AP00166,A,70901.0,9.0,596.0,0.431,108700.0,1
AP00167,A,58315.0,1.8,735.0,0.205,78800.0,0
AP00168,A,56727.0,4.1,786.0,0.305,82600.0,1
AP00169,A,61077.0,8.0,619.0,0.185,105200.0,0
AP00170,B,29412.0,2.8,641.0,0.244,40500.0,1
AP00171,A,83751.0,0.7,652.0,0.534,106600.0,1
AP00172,A,86284.0,7.3,693.0,0.032,121600.0,1
AP00173,A,69933.0,6.0,640.0,0.228,105500.0,0
AP00174,A,59748.0,1.9,661.0,0.087,45600.0,0
AP00175,A,33126.0,5.1,723.0,0.339,29400.0,0
AP00176,A,74936.0,12.2,702.0,0.195,48700.0,0
AP00177,B,63845.0,0.2,656.0,0.301,48400.0,1
AP00178,B,45613.0,1.8,723.0,0.189,16000.0,1
AP00179,B,36278.0,1.1,601.0,0.358,63400.0,0
AP00180,A,86570.0,29.2,751.0,0.256,110500.0,1
AP00181,B,23654.0,3.3,693.0,0.058,8800.0,0
AP00182,B,45778.0,0.2,618.0,0.262,81800.0,0
AP00183,B,43324.0,2.3,650.0,0.066,27000.0,0
AP00184,A,32147.0,12.4,781.0,0.114,48100.0,0
AP00185,B,26226.0,5.2,680.0,0.338,34100.0,1
AP00186,A,55996.0,4.2,622.0,0.116,94200.0,1
AP00187,A,72907.0,2.5,584.0,0.21,114800.0,1
AP00188,A,47838.0,23.4,693.0,0.294,40900.0,0
AP00189,A,55480.0,4.9,686.0,0.168,40100.0,0
AP00190,A,46058.0,14.3,663.0,0.444,63700.0,0
AP00191,A,62686.0,4.8,683.0,0.164,51300.0,1
AP00192,A,64636.0,6.3,708.0,0.456,70000.0,1
AP00193,A,80925.0,7.1,623.0,0.166,116600.0,0
AP00194,A,77729.0,5.9,741.0,0.033,114700.0,1
AP00195,A,66345.0,2.0,568.0,0.092,76800.0,0
AP00196,A,67725.0,5.2,645.0,0.193,101800.0,0
AP00197,A,65342.0,0.0,701.0,0.283,54800.0,0
AP00198,A,65412.0,3.2,659.0,0.297,110200.0,0
AP00199,B,12000.0,15.1,664.0,0.275,8000.0,0
AP00200,A,18634.0,0.8,569.0,0.11,14300.0,1
AP00201,B,57951.0,9.3,769.0,0.213,80400.0,1
AP00202,A,69016.0,0.5,673.0,0.061,69400.0,1
AP00203,A,83724.0,1.9,579.0,0.101,79300.0,0
AP00204,A,43690.0,11.7,716.0,0.171,67700.0,0
AP00205,A,69630.0,26.0,591.0,0.021,17200.0,1
AP00206,A,78902.0,15.9,619.0,0.367,55900.0,0
AP00207,B,31624.0,9.5,616.0,0.185,44800.0,0
AP00208,B,37026.0,0.5,703.0,0.116,24200.0,0
AP00209,B,30508.0,1.0,678.0,0.045,17700.0,0
AP00210,A,41773.0,10.1,717.0,0.213,68000.0,0
AP00211,A,75105.0,0.2,733.0,0.163,86900.0,1
AP00212,A,48072.0,2.7,652.0,0.322,24400.0,1
AP00213,A,95438.0,20.0,713.0,0.142,81500.0,0
AP00214,A,65935.0,2.3,797.0,0.07,97000.0,0
AP00215,B,50392.0,2.7,643.0,0.392,30100.0,1
AP00216,A,54306.0,3.6,557.0,0.325,59400.0,0
AP00217,B,48328.0,2.0,441.0,0.021,30500.0,0
AP00218,B,60704.0,8.0,690.0,0.489,107200.0,0
AP00219,A,90230.0,6.6,850.0,0.383,92400.0,1
AP00220,B,54836.0,1.8,633.0,0.272,32700.0,0
AP00221,B,29616.0,0.3,542.0,0.108,14200.0,1
AP00222,A,46426.0,20.1,737.0,0.126,59600.0,1
AP00223,A,68934.0,4.2,668.0,0.176,32200.0,1
AP00224,A,104858.0,7.1,684.0,0.315,109300.0,0
AP00225,A,38087.0,15.6,735.0,0.128,63100.0,1
AP00226,A,85570.0,5.7,636.0,0.277,80300.0,0
AP00227,A,84514.0,0.8,656.0,0.081,66900.0,1
AP00228,A,29548.0,2.3,688.0,0.061,49900.0,0
AP00229,B,45751.0,1.3,646.0,0.341,31200.0,0
AP00230,B,50576.0,4.3,638.0,0.218,69500.0,0
AP00231,A,80824.0,11.6,696.0,0.251,139400.0,0
AP00232,B,30387.0,4.2,630.0,0.044,46200.0,0
AP00233,B,47247.0,6.0,558.0,0.135,25300.0,0
AP00234,B,49344.0,4.4,518.0,0.408,26600.0,0
AP00235,A,65505.0,3.8,543.0,0.262,98200.0,0
AP00236,A,67444.0,14.3,617.0,0.617,97700.0,0
AP00237,A,57596.0,9.1,544.0,0.31,50200.0,1
AP00238,A,83612.0,6.4,701.0,0.15,102600.0,1
AP00239,A,49373.0,2.5,745.0,0.134,69100.0,1
AP00240,B,37123.0,2.9,754.0,0.181,63000.0,0
AP00241,A,57287.0,7.3,539.0,0.294,97400.0,0
AP00242,A,49009.0,3.3,653.0,0.168,58000.0,1
AP00243,A,75005.0,4.0,734.0,0.085,94700.0,1
AP00244,A,71481.0,8.2,713.0,0.381,66000.0,0
AP00245,A,27715.0,3.6,732.0,0.182,23900.0,0
AP00246,A,67339.0,1.8,737.0,0.377,103800.0,0
AP00247,A,39054.0,2.5,606.0,0.389,62700.0,0
AP00248,A,48419.0,2.6,697.0,0.096,33200.0,0
AP00249,B,31040.0,6.3,739.0,0.302,32300.0,0
AP00250,A,47817.0,10.4,610.0,0.175,23100.0,1
AP00251,A,69730.0,8.4,640.0,0.25,50800.0,1
AP00252,A,56495.0,3.8,672.0,0.159,65000.0,0
AP00253,A,98118.0,16.5,815.0,0.161,40200.0,1
AP00254,A,61588.0,11.3,754.0,0.297,106900.0,0
AP00255,A,42159.0,0.4,683.0,0.473,60800.0,0
AP00256,A,43418.0,5.5,685.0,0.289,44800.0,0
AP00257,A,46989.0,24.8,571.0,0.389,15700.0,0
AP00258,B,33514.0,0.9,565.0,0.176,9600.0,0
AP00259,A,63219.0,11.0,751.0,0.172,75100.0,0
AP00260,A,80710.0,8.2,654.0,0.072,44300.0,1
AP00261,A,66263.0,15.7,719.0,0.206,74900.0,0
AP00262,B,49377.0,12.5,609.0,0.05,19700.0,1
AP00263,A,69065.0,2.8,661.0,0.254,16300.0,0
AP00264,A,60895.0,4.2,576.0,0.258,94200.0,0
AP00265,A,68480.0,0.6,675.0,0.006,24000.0,0
AP00266,A,77307.0,8.4,672.0,0.53,30200.0,1
AP00267,B,23349.0,8.9,628.0,0.096,10400.0,1
AP00268,A,53384.0,8.2,676.0,0.203,53900.0,1
AP00269,A,31368.0,20.9,675.0,0.406,19300.0,0
AP00270,B,82958.0,9.3,527.0,0.255,74300.0,0
AP00271,A,68247.0,0.1,631.0,0.149,49400.0,0
AP00272,A,18372.0,1.4,659.0,0.191,18800.0,1
AP00273,A,54598.0,29.8,672.0,0.045,68200.0,0
AP00274,B,32701.0,5.3,536.0,0.025,46100.0,0
AP00275,A,52993.0,0.6,708.0,0.272,58100.0,0
AP00276,A,43008.0,8.2,694.0,0.186,46700.0,0
AP00277,A,94696.0,5.8,520.0,0.242,140100.0,0
AP00278,B,50213.0,1.4,486.0,0.076,32500.0,0
AP00279,B,38634.0,1.3,706.0,0.297,18300.0,0
AP00280,B,24896.0,1.5,658.0,0.325,33700.0,1
AP00281,A,86469.0,2.8,688.0,0.376,41600.0,0
AP00282,A,42751.0,0.1,724.0,0.234,25500.0,1
AP00283,A,111326.0,18.2,774.0,0.058,39700.0,1
AP00284,A,46206.0,5.0,669.0,0.092,14100.0,1
AP00285,B,52640.0,3.3,601.0,0.191,79100.0,0
AP00286,A,43337.0,17.6,709.0,0.343,55500.0,1
AP00287,A,64444.0,1.4,676.0,0.207,50100.0,0
AP00288,A,39371.0,4.7,806.0,0.323,39700.0,0
AP00289,B,19970.0,0.2,672.0,0.431,32200.0,0
AP00290,B,22831.0,8.5,537.0,0.17,37900.0,0
AP00291,A,66854.0,13.9,821.0,0.053,39200.0,1
AP00292,A,58244.0,8.6,636.0,0.233,57800.0,0
AP00293,B,54970.0,0.3,659.0,0.263,50600.0,0
AP00294,A,46851.0,3.6,642.0,0.072,33700.0,1
AP00295,B,45330.0,4.5,592.0,0.347,33300.0,0
AP00296,B,42385.0,1.9,590.0,0.403,22400.0,0
AP00297,B,19887.0,4.5,545.0,0.168,31800.0,0
AP00298,B,28762.0,0.3,655.0,0.033,26500.0,0
AP00299,B,12666.0,0.9,582.0,0.325,21800.0,0
AP00300,A,61976.0,8.1,768.0,0.097,63100.0,0
AP00301,A,48848.0,4.4,694.0,0.204,27400.0,0
AP00302,A,52681.0,8.1,815.0,0.513,47800.0,1
AP00303,B,29605.0,18.2,643.0,0.176,14400.0,1
AP00304,B,31745.0,0.8,724.0,0.139,37800.0,0
AP00305,B,31340.0,0.8,724.0,0.358,44100.0,0
AP00306,A,50172.0,1.9,715.0,0.075,84900.0,0
AP00307,A,50385.0,1.9,603.0,0.207,42400.0,0
AP00308,A,61850.0,7.4,625.0,0.068,86700.0,0
AP00309,A,66036.0,1.7,727.0,0.037,66900.0,0
AP00310,B,57841.0,1.2,596.0,0.23,87600.0,0
AP00311,A,51030.0,6.0,690.0,0.127,37300.0,0
AP00312,A,63103.0,13.8,613.0,0.18,61200.0,0
AP00313,A,38137.0,3.6,638.0,0.201,21600.0,0
AP00314,B,32040.0,0.8,546.0,0.263,47900.0,0
AP00315,A,61755.0,17.8,708.0,0.285,30800.0,0
AP00316,B,44075.0,5.8,596.0,0.263,41600.0,0
AP00317,B,42680.0,5.6,558.0,0.182,63000.0,0
AP00318,A,40993.0,3.7,728.0,0.486,18200.0,0
AP00319,A,73993.0,0.1,663.0,0.247,32400.0,1
AP00320,B,71533.0,11.0,621.0,0.272,20000.0,0
AP00321,B,59818.0,3.7,683.0,0.133,46600.0,1
AP00322,A,53815.0,14.0,726.0,0.204,86800.0,0
AP00323,A,40341.0,5.3,798.0,0.489,51300.0,0
AP00324,B,12000.0,1.1,643.0,0.113,14900.0,0
AP00325,B,65151.0,4.8,675.0,0.228,87000.0,0
AP00326,A,69477.0,3.6,725.0,0.24,28500.0,1
AP00327,A,76437.0,9.7,575.0,0.385,122600.0,0
AP00328,B,18147.0,6.1,488.0,0.479,14600.0,0
AP00329,A,67361.0,17.8,619.0,0.175,35000.0,1
AP00330,A,67512.0,2.3,595.0,0.216,120300.0,0
AP00331,A,60209.0,12.1,683.0,0.358,69100.0,0
AP00332,A,64315.0,6.9,768.0,0.348,26900.0,0
AP00333,B,41021.0,0.9,687.0,0.323,23800.0,0
AP00334,A,46282.0,13.5,739.0,0.085,16800.0,0
AP00335,B,54103.0,7.9,661.0,0.41,91400.0,0
AP00336,A,28832.0,4.2,742.0,0.23,33400.0,0
AP00337,B,55395.0,8.2,778.0,0.44,74900.0,0
AP00338,A,70278.0,11.5,612.0,0.085,49200.0,0
AP00339,A,64999.0,4.2,694.0,0.178,37100.0,0
AP00340,A,44968.0,1.4,761.0,0.053,36600.0,1
AP00341,A,58811.0,13.0,685.0,0.131,79500.0,0
AP00342,A,53938.0,2.0,636.0,0.137,49300.0,0
AP00343,A,42880.0,9.7,651.0,0.303,33700.0,0
AP00344,A,61364.0,7.5,655.0,0.228,101900.0,0
AP00345,A,54842.0,11.8,643.0,0.129,66600.0,0
AP00346,B,54793.0,3.0,645.0,0.204,92700.0,0
AP00347,B,56103.0,0.5,596.0,0.298,78500.0,0
AP00348,B,32837.0,7.5,689.0,0.046,47800.0,0
AP00349,A,70019.0,0.1,573.0,0.131,100900.0,0
AP00350,A,51088.0,6.4,701.0,0.265,35700.0,0
AP00351,A,69746.0,1.4,725.0,0.17,104300.0,0
AP00352,A,63293.0,5.8,747.0,0.293,49900.0,0
AP00353,A,66362.0,2.0,617.0,0.297,93500.0,0
AP00354,A,44392.0,2.2,558.0,0.12,47700.0,0
AP00355,A,48057.0,6.8,848.0,0.057,63500.0,1
AP00356,A,46586.0,2.2,598.0,0.219,37700.0,1
AP00357,B,48431.0,10.1,646.0,0.07,18900.0,0
AP00358,A,75389.0,10.1,701.0,0.183,117800.0,0
AP00359,A,81348.0,9.5,765.0,0.211,39300.0,0
AP00360,A,52931.0,9.3,758.0,0.23,63100.0,0
AP00361,A,63450.0,4.5,630.0,0.326,75100.0,0
AP00362,A,32835.0,16.0,690.0,0.13,50600.0,1
AP00363,A,22041.0,6.2,636.0,0.296,13700.0,0
AP00364,A,46321.0,0.5,688.0,0.227,39300.0,1
AP00365,A,49909.0,0.7,640.0,0.19,32700.0,0
AP00366,A,33955.0,5.5,850.0,0.374,13100.0,1
AP00367,A,29896.0,0.8,771.0,0.122,16900.0,1
AP00368,B,59897.0,2.4,513.0,0.23,66900.0,0
AP00369,B,27246.0,6.6,665.0,0.195,18100.0,0
AP00370,A,31613.0,0.1,785.0,0.33,9300.0,1
AP00371,A,103488.0,8.1,639.0,0.159,66900.0,0
AP00372,A,64861.0,13.3,669.0,0.45,86600.0,1
AP00373,B,36046.0,8.1,779.0,0.114,36200.0,0
AP00374,B,48896.0,2.5,738.0,0.34,63900.0,0
AP00375,A,48078.0,0.1,807.0,0.216,24100.0,1
AP00376,B,26683.0,3.6,597.0,0.157,30800.0,0
AP00377,A,34054.0,13.6,600.0,0.256,56400.0,0
AP00378,A,38208.0,7.9,608.0,0.152,58000.0,0
AP00379,A,59187.0,3.8,644.0,0.259,21400.0,0
AP00380,B,45565.0,13.9,681.0,0.1,36500.0,1
AP00381,A,86936.0,3.9,600.0,0.331,143700.0,0
AP00382,A,32832.0,8.7,628.0,0.067,10100.0,0
AP00383,A,48465.0,3.3,722.0,0.392,20100.0,1
AP00384,A,65839.0,16.2,705.0,0.082,87900.0,0
AP00385,A,71646.0,9.4,662.0,0.217,34700.0,0
AP00386,A,79520.0,13.5,713.0,0.113,43000.0,0
AP00387,B,32003.0,2.0,609.0,0.279,27000.0,0
AP00388,B,46186.0,15.6,745.0,0.093,46200.0,1
AP00389,B,32185.0,11.3,723.0,0.264,18500.0,0
AP00390,B,34352.0,0.0,677.0,0.428,53100.0,0
AP00391,A,76824.0,1.3,685.0,0.109,16200.0,0
AP00392,B,40455.0,2.6,647.0,0.362,71500.0,0
AP00393,A,56168.0,5.7,662.0,0.246,75000.0,0
AP00394,B,49343.0,0.9,576.0,0.116,14000.0,0
AP00395,A,49844.0,10.1,681.0,0.337,37000.0,0
AP00396,A,41128.0,7.6,601.0,0.139,37400.0,0
AP00397,B,73382.0,2.8,596.0,0.045,96200.0,1
AP00398,A,33564.0,6.0,604.0,0.157,41500.0,0
AP00399,B,49438.0,1.1,619.0,0.524,60600.0,0
AP00400,A,32760.0,40.0,596.0,0.521,34900.0,0
AP00401,A,98346.0,13.3,850.0,0.161,76800.0,1
AP00402,B,64309.0,2.1,654.0,0.076,53000.0,0
AP00403,A,81105.0,2.7,679.0,0.301,102400.0,0
AP00404,A,57480.0,13.2,740.0,0.052,77000.0,0
AP00405,A,50727.0,1.2,675.0,0.258,83900.0,0
AP00406,B,65756.0,4.8,531.0,0.186,35900.0,1
AP00407,A,64481.0,23.0,615.0,0.181,35200.0,0
AP00408,B,35604.0,7.1,668.0,0.109,55800.0,0
AP00409,A,48303.0,0.7,636.0,0.217,68700.0,0
AP00410,B,32880.0,0.2,655.0,0.303,38200.0,0
AP00411,A,46853.0,9.4,676.0,0.176,10300.0,1
AP00412,A,63102.0,16.9,731.0,0.086,25700.0,1
AP00413,B,52201.0,0.3,623.0,0.326,35400.0,0
AP00414,A,49418.0,2.7,807.0,0.17,74400.0,0
AP00415,A,70144.0,17.9,729.0,0.134,55900.0,1
AP00416,A,53073.0,4.8,850.0,0.204,13100.0,1
AP00417,B,33079.0,0.4,471.0,0.209,39900.0,0
AP00418,A,75280.0,9.7,611.0,0.084,46700.0,0
AP00419,A,59815.0,4.7,587.0,0.209,94900.0,0
AP00420,A,83387.0,7.2,707.0,0.19,25300.0,1
AP00421,A,17779.0,4.6,748.0,0.221,10400.0,0
AP00422,B,42230.0,1.5,694.0,0.156,65600.0,0
AP00423,A,70190.0,0.3,692.0,0.388,103400.0,0
AP00424,B,39573.0,0.6,649.0,0.322,20900.0,0
AP00425,A,37814.0,4.9,694.0,0.064,47000.0,0
AP00426,B,59592.0,3.0,601.0,0.255,68300.0,0
AP00427,A,41948.0,0.2,679.0,0.13,12100.0,0
AP00428,A,49666.0,9.8,696.0,0.496,30500.0,0
AP00429,B,40501.0,3.2,674.0,0.25,36000.0,0
AP00430,A,55117.0,8.5,604.0,0.289,45700.0,0
AP00431,B,21888.0,0.4,575.0,0.366,24500.0,0
AP00432,A,45502.0,1.6,772.0,0.287,75100.0,1
AP00433,A,66385.0,2.4,664.0,0.239,110600.0,0
AP00434,A,80459.0,1.6,773.0,0.346,60900.0,0
AP00435,B,38179.0,11.9,637.0,0.122,46900.0,0
AP00436,A,21715.0,3.1,712.0,0.427,25700.0,0
AP00437,A,72726.0,14.0,775.0,0.576,25300.0,1
AP00438,A,62091.0,2.6,680.0,0.254,64200.0,1
AP00439,A,44810.0,2.6,737.0,0.412,51800.0,0
AP00440,A,86015.0,6.7,748.0,0.617,39700.0,1
AP00441,A,29790.0,0.6,765.0,0.209,24400.0,0
AP00442,A,94637.0,0.8,624.0,0.336,131800.0,1
AP00443,A,49699.0,3.6,689.0,0.088,51200.0,0
AP00444,B,42566.0,3.6,682.0,0.426,66300.0,0
AP00445,A,60240.0,10.6,742.0,0.315,78700.0,1
AP00446,A,37190.0,0.0,788.0,0.245,43300.0,1
AP00447,B,42347.0,11.0,688.0,0.138,55600.0,0
AP00448,A,66980.0,0.5,650.0,0.308,40100.0,0
AP00449,A,70742.0,11.9,690.0,0.51,36400.0,1
AP00450,B,35311.0,3.6,656.0,0.481,26800.0,0
AP00451,A,44949.0,8.1,730.0,0.329,31500.0,0
AP00452,A,69852.0,2.4,630.0,0.222,115600.0,0
AP00453,B,26205.0,4.6,601.0,0.04,12100.0,0
AP00454,A,56155.0,11.5,720.0,0.159,40200.0,0
AP00455,A,44242.0,3.2,655.0,0.368,73000.0,0
AP00456,A,43885.0,5.4,665.0,0.084,78900.0,0
AP00457,A,74456.0,0.8,757.0,0.289,123000.0,0
AP00458,A,75342.0,4.9,742.0,0.182,44100.0,1
AP00459,B,55763.0,15.6,579.0,0.248,61600.0,1
AP00460,A,37021.0,14.0,627.0,0.222,22000.0,1
AP00461,A,83219.0,0.5,670.0,0.224,104400.0,0
AP00462,B,15431.0,11.3,526.0,0.236,3300.0,0
AP00463,A,63869.0,9.1,686.0,0.3,112000.0,0
AP00464,A,46573.0,8.0,632.0,0.227,18400.0,0
AP00465,B,27335.0,5.5,584.0,0.318,46900.0,0
AP00466,A,63230.0,9.2,548.0,0.245,22100.0,0
AP00467,B,65960.0,3.7,523.0,0.111,34800.0,0
AP00468,B,38345.0,5.8,634.0,0.157,8300.0,0
AP00469,A,101709.0,1.5,690.0,0.15,128300.0,1
AP00470,A,57629.0,2.3,683.0,0.065,31800.0,0
AP00471,A,79373.0,5.4,716.0,0.159,34600.0,0
AP00472,A,79721.0,3.1,703.0,0.03,45200.0,0
AP00473,B,44132.0,13.2,597.0,0.149,78500.0,0
AP00474,A,45466.0,0.5,803.0,0.064,19500.0,0
AP00475,A,89849.0,5.8,683.0,0.432,72200.0,0
AP00476,A,54451.0,1.6,850.0,0.389,23700.0,1
AP00477,A,60534.0,4.0,572.0,0.111,13300.0,1
AP00478,A,55779.0,5.8,753.0,0.393,48900.0,0
AP00479,A,58607.0,2.7,601.0,0.119,96100.0,0
AP00480,A,50172.0,12.8,570.0,0.402,65500.0,0
AP00481,A,74403.0,1.7,621.0,0.378,58000.0,0
AP00482,A,83491.0,21.5,485.0,0.189,59500.0,0
AP00483,A,54307.0,30.5,653.0,0.089,32300.0,0
AP00484,B,66888.0,10.0,664.0,0.269,60100.0,1
AP00485,A,61898.0,3.9,618.0,0.466,103900.0,0
AP00486,A,34345.0,2.8,657.0,0.151,61400.0,0
AP00487,A,49535.0,2.2,722.0,0.395,28700.0,0
AP00488,A,83036.0,3.6,645.0,0.283,87800.0,0
AP00489,B,74540.0,2.9,616.0,0.18,48200.0,0
AP00490,B,49592.0,2.5,590.0,0.104,19400.0,0
AP00491,A,41910.0,14.8,821.0,0.141,68300.0,1
AP00492,A,74964.0,3.6,688.0,0.216,124700.0,0
AP00493,B,52707.0,1.8,484.0,0.435,12700.0,0
AP00494,A,48547.0,1.0,740.0,0.413,14400.0,1
AP00495,A,88278.0,22.5,707.0,0.077,36500.0,1
AP00496,A,74338.0,0.3,584.0,0.109,129200.0,0
AP00497,B,34749.0,2.6,664.0,0.289,23900.0,0
AP00498,A,31197.0,7.4,659.0,0.093,8700.0,0
AP00499,A,76309.0,3.3,730.0,0.059,129600.0,1
AP00500,A,60138.0,0.8,850.0,0.066,82300.0,0
AP00501,A,50359.0,14.5,642.0,0.162,14000.0,0
AP00502,B,42370.0,0.5,583.0,0.13,11800.0,0
AP00503,B,18412.0,1.7,700.0,0.288,28100.0,1
AP00504,A,26570.0,0.9,522.0,0.159,14000.0,0
AP00505,B,57540.0,4.9,625.0,0.159,73700.0,0
AP00506,A,49384.0,0.5,628.0,0.366,60800.0,0
AP00507,A,43024.0,4.7,792.0,0.382,12500.0,0
AP00508,A,37106.0,1.5,778.0,0.417,33000.0,0
AP00509,A,65468.0,6.5,611.0,0.205,96500.0,0
AP00510,A,46575.0,4.0,597.0,0.18,76500.0,0
AP00511,A,72172.0,2.5,780.0,0.34,50800.0,0
AP00512,B,16210.0,0.1,566.0,0.552,11900.0,0
AP00513,A,80348.0,10.9,693.0,0.291,138300.0,0
AP00514,B,70732.0,2.9,604.0,0.267,45700.0,0
AP00515,B,45404.0,1.1,629.0,0.121,51200.0,0
AP00516,A,25719.0,1.1,694.0,0.113,30900.0,1
AP00517,A,41316.0,1.5,634.0,0.331,8600.0,0
AP00518,A,73893.0,1.8,751.0,0.34,47000.0,0
AP00519,A,115716.0,2.3,725.0,0.381,122600.0,0
AP00520,A,38578.0,8.5,769.0,0.324,18100.0,0
AP00521,A,42412.0,3.8,617.0,0.504,27900.0,0
AP00522,A,67049.0,3.5,802.0,0.179,90500.0,0
AP00523,A,69546.0,16.8,729.0,0.384,120900.0,0
AP00524,A,48873.0,3.0,669.0,0.097,65500.0,0
AP00525,A,62410.0,2.3,735.0,0.369,45000.0,0
AP00526,A,32209.0,6.1,685.0,0.111,14500.0,1
AP00527,A,55668.0,21.5,560.0,0.213,51000.0,0
AP00528,B,24537.0,1.9,597.0,0.216,40000.0,1
AP00529,A,90271.0,0.0,715.0,0.174,92200.0,0
AP00530,A,58004.0,1.6,711.0,0.296,47700.0,0
AP00531,A,56364.0,15.8,707.0,0.23,65500.0,0
AP00532,A,69111.0,6.6,636.0,0.338,27700.0,0
AP00533,A,80835.0,3.7,617.0,0.243,98100.0,0
AP00534,B,34723.0,1.3,602.0,0.237,13200.0,0
AP00535,A,47566.0,9.9,703.0,0.106,53400.0,1
AP00536,A,67399.0,3.9,682.0,0.24,50100.0,1
AP00537,A,78347.0,3.5,714.0,0.059,121000.0,0
AP00538,A,48251.0,14.2,642.0,0.567,64700.0,0
AP00539,B,38742.0,12.8,740.0,0.23,27000.0,0
AP00540,A,70139.0,11.9,647.0,0.134,93600.0,0
AP00541,B,46553.0,10.3,561.0,0.287,26000.0,0
AP00542,A,78333.0,5.8,647.0,0.088,115800.0,1
AP00543,A,62616.0,2.3,685.0,0.298,98300.0,0
AP00544,B,49477.0,8.9,597.0,0.262,62400.0,0
AP00545,B,34083.0,2.7,639.0,0.195,56600.0,0
AP00546,A,42615.0,7.6,639.0,0.465,40600.0,0
AP00547,A,44088.0,2.1,623.0,0.249,11800.0,0
AP00548,A,50996.0,0.1,720.0,0.201,63900.0,0
AP00549,A,52393.0,10.0,807.0,0.155,32700.0,0
AP00550,A,81006.0,9.4,679.0,0.147,138100.0,0
AP00551,A,39093.0,1.5,604.0,0.192,12700.0,0
AP00552,A,60207.0,4.8,744.0,0.203,35600.0,0
AP00553,A,50520.0,32.7,615.0,0.418,21400.0,1
AP00554,A,87717.0,1.4,685.0,0.116,29300.0,1
AP00555,A,65774.0,1.5,670.0,0.195,38600.0,0
AP00556,A,54401.0,11.3,605.0,0.35,16500.0,0
AP00557,B,60271.0,4.5,689.0,0.348,42800.0,1
AP00558,A,62291.0,9.9,713.0,0.29,23300.0,0
AP00559,A,52581.0,3.2,678.0,0.351,35600.0,0
AP00560,A,88589.0,16.4,709.0,0.121,156100.0,0
AP00561,A,73838.0,25.7,606.0,0.228,44200.0,0
AP00562,A,92079.0,4.3,668.0,0.461,45100.0,0
AP00563,A,81834.0,3.0,712.0,0.153,111400.0,0
AP00564,A,75008.0,3.7,739.0,0.099,53300.0,0
AP00565,A,63502.0,8.6,558.0,0.168,22800.0,0
AP00566,B,38307.0,2.4,587.0,0.257,67800.0,1
AP00567,A,73845.0,5.7,614.0,0.166,97800.0,0
AP00568,A,62453.0,2.7,538.0,0.025,46100.0,0
AP00569,A,73252.0,0.0,746.0,0.178,93700.0,0
AP00570,A,61022.0,2.7,767.0,0.215,70400.0,0
AP00571,B,42838.0,8.8,692.0,0.21,16600.0,0
AP00572,A,43173.0,6.9,746.0,0.11,15400.0,0
AP00573,B,28195.0,1.5,582.0,0.327,34100.0,0
AP00574,B,35962.0,2.4,614.0,0.384,50100.0,0
AP00575,A,56044.0,9.4,823.0,0.233,57600.0,0
AP00576,A,69331.0,1.9,777.0,0.145,38900.0,0
AP00577,A,85961.0,8.3,701.0,0.276,24100.0,1
AP00578,A,46277.0,18.0,607.0,0.234,15700.0,0
AP00579,B,23396.0,0.4,595.0,0.126,39900.0,0
AP00580,A,41191.0,3.6,666.0,0.438,15400.0,0
AP00581,B,55802.0,23.5,393.0,0.111,66500.0,0
AP00582,B,34019.0,2.2,666.0,0.119,47500.0,0
AP00583,A,52972.0,10.9,732.0,0.155,29900.0,0
AP00584,A,31619.0,0.2,821.0,0.236,8100.0,1
AP00585,A,58024.0,2.5,772.0,0.045,79300.0,0
AP00586,B,42313.0,1.7,757.0,0.325,17600.0,1
AP00587,B,43218.0,0.9,760.0,0.061,19200.0,0
AP00588,B,18906.0,0.8,572.0,0.251,5400.0,0
AP00589,A,72720.0,0.3,660.0,0.109,106100.0,0
AP00590,A,39218.0,5.5,564.0,0.409,37000.0,0
AP00591,A,62202.0,0.7,700.0,0.154,64000.0,0
AP00592,A,71969.0,9.2,850.0,0.014,56700.0,1
AP00593,B,31139.0,1.6,676.0,0.076,13400.0,1
AP00594,A,46456.0,11.4,730.0,0.364,20300.0,0
AP00595,A,65716.0,0.4,721.0,0.152,63100.0,1
AP00596,A,59511.0,0.1,765.0,0.336,48100.0,0
AP00597,A,57076.0,6.3,639.0,0.119,64800.0,1
AP00598,B,75306.0,10.9,580.0,0.476,67900.0,0
AP00599,A,65276.0,3.4,738.0,0.417,46000.0,0
AP00600,A,44759.0,3.9,760.0,0.251,65600.0,0
AP00601,B,43090.0,5.6,721.0,0.163,67300.0,0
AP00602,B,56848.0,0.8,572.0,0.178,56500.0,0
AP00603,A,81357.0,3.6,763.0,0.21,122300.0,0
AP00604,A,85518.0,10.8,718.0,0.154,101100.0,1
AP00605,A,46194.0,8.5,661.0,0.223,59800.0,0
AP00606,A,80881.0,1.5,843.0,0.215,31400.0,1
AP00607,A,74887.0,19.2,797.0,0.416,29900.0,0
AP00608,A,60802.0,2.5,738.0,0.622,71600.0,0
AP00609,B,50029.0,0.9,698.0,0.029,71500.0,0
AP00610,A,76173.0,3.4,601.0,0.295,46100.0,1
AP00611,B,65865.0,7.3,676.0,0.128,108200.0,0
AP00612,A,42521.0,14.3,695.0,0.254,36300.0,0
AP00613,B,50535.0,1.7,805.0,0.169,27400.0,1
AP00614,A,58882.0,6.4,766.0,0.311,56900.0,1
AP00615,A,57687.0,4.5,602.0,0.111,21700.0,0
AP00616,B,40214.0,4.0,670.0,0.236,18100.0,0
AP00617,A,75999.0,2.8,663.0,0.179,89600.0,0
AP00618,A,43275.0,14.0,635.0,0.373,70000.0,0
AP00619,B,63857.0,1.4,656.0,0.241,31200.0,0
AP00620,A,65463.0,9.4,728.0,0.528,107900.0,0
AP00621,A,36195.0,7.1,766.0,0.344,19700.0,1
AP00622,A,76823.0,3.8,613.0,0.148,114700.0,0
AP00623,B,66074.0,1.8,626.0,0.158,104000.0,0
AP00624,A,64316.0,16.2,659.0,0.044,36700.0,0
AP00625,A,67406.0,10.7,595.0,0.178,71900.0,0
AP00626,A,93651.0,6.6,608.0,0.467,129300.0,0
AP00627,B,66448.0,3.2,605.0,0.184,103800.0,0
AP00628,A,55059.0,15.6,593.0,0.136,38400.0,1
AP00629,A,92442.0,18.3,645.0,0.302,46800.0,0
AP00630,A,52493.0,12.3,693.0,0.309,70600.0,0
AP00631,A,52081.0,20.5,798.0,0.138,79800.0,1
AP00632,B,39741.0,0.8,611.0,0.125,63100.0,0
AP00633,A,80710.0,27.5,701.0,0.289,125300.0,0
AP00634,A,66295.0,26.1,702.0,0.271,68200.0,0
AP00635,B,40356.0,1.9,719.0,0.154,30600.0,0
AP00636,A,64411.0,12.3,657.0,0.306,39400.0,1
AP00637,A,59046.0,0.5,666.0,0.436,58300.0,1
AP00638,A,47469.0,2.9,730.0,0.202,76400.0,0
AP00639,A,47553.0,0.8,666.0,0.103,72900.0,1
AP00640,B,40801.0,0.8,722.0,0.098,32300.0,0
AP00641,A,63673.0,1.7,704.0,0.075,54500.0,0
AP00642,B,31589.0,8.4,679.0,0.093,53000.0,1
AP00643,A,47936.0,0.5,594.0,0.353,74700.0,0
AP00644,B,48575.0,20.6,610.0,0.301,80500.0,0
AP00645,A,43302.0,0.9,673.0,0.153,52000.0,0
AP00646,B,57427.0,2.6,663.0,0.244,57000.0,0
AP00647,A,39529.0,22.8,755.0,0.127,60700.0,0
AP00648,A,75228.0,3.6,645.0,0.149,63100.0,0
AP00649,A,87100.0,2.9,581.0,0.157,108300.0,0
AP00650,B,48054.0,1.1,670.0,0.34,28100.0,0
AP00651,A,74402.0,4.0,596.0,0.161,31700.0,0
AP00652,A,23620.0,5.2,806.0,0.234,18200.0,1
AP00653,B,29890.0,0.9,480.0,0.137,47700.0,0
AP00654,A,31978.0,2.2,611.0,0.239,16300.0,0
AP00655,A,64565.0,2.1,688.0,0.122,59000.0,1
AP00656,B,41576.0,6.9,667.0,0.193,12200.0,1
AP00657,A,47821.0,7.4,675.0,0.138,40500.0,0
AP00658,A,78327.0,19.4,654.0,0.216,125800.0,1
AP00659,A,67842.0,2.7,825.0,0.194,79200.0,1
AP00660,A,52203.0,0.1,724.0,0.054,82000.0,0
AP00661,A,52394.0,0.6,705.0,0.376,77200.0,0
AP00662,A,35357.0,1.7,770.0,0.437,22000.0,0
AP00663,A,58221.0,4.3,660.0,0.108,59500.0,0
AP00664,A,99240.0,35.7,738.0,0.375,76400.0,1
AP00665,A,48880.0,4.7,640.0,0.158,66900.0,0
AP00666,A,69018.0,5.1,646.0,0.231,55900.0,0
AP00667,B,64815.0,14.3,704.0,0.084,72800.0,1
AP00668,B,18319.0,0.7,686.0,0.294,32100.0,0
AP00669,A,69364.0,22.4,733.0,0.272,49200.0,1
AP00670,A,57388.0,14.8,635.0,0.062,86100.0,0
AP00671,A,29811.0,3.8,757.0,0.302,48100.0,1
AP00672,A,52398.0,3.1,634.0,0.149,92700.0,1
AP00673,A,82894.0,0.2,701.0,0.085,31500.0,1
AP00674,B,32952.0,2.1,618.0,0.216,15600.0,1
AP00675,A,72737.0,0.9,768.0,0.238,29000.0,0
AP00676,B,16971.0,8.4,692.0,0.204,30100.0,1
AP00677,A,28343.0,0.5,584.0,0.09,29100.0,0
AP00678,A,69135.0,4.4,456.0,0.046,122400.0,0
AP00679,B,49370.0,0.6,767.0,0.023,15600.0,0
AP00680,B,39078.0,3.3,776.0,0.155,38100.0,0
AP00681,A,54961.0,1.4,596.0,0.215,39000.0,0
AP00682,A,66713.0,4.0,592.0,0.383,99500.0,1
AP00683,A,51014.0,4.6,689.0,0.475,51100.0,1
AP00684,B,51684.0,7.7,523.0,0.266,82100.0,0
AP00685,A,57939.0,3.2,697.0,0.365,88000.0,0
AP00686,A,19621.0,4.5,666.0,0.561,24600.0,0
AP00687,B,65937.0,7.3,603.0,0.395,102400.0,0
AP00688,A,50946.0,0.4,604.0,0.358,82400.0,0
AP00689,A,46679.0,6.8,638.0,0.388,25200.0,0
AP00690,B,28345.0,10.2,653.0,0.249,28100.0,0
AP00691,A,52882.0,9.8,727.0,0.304,81800.0,0
AP00692,A,71178.0,3.0,795.0,0.153,80300.0,1
AP00693,A,81031.0,0.0,690.0,0.279,111600.0,0
AP00694,A,64127.0,20.0,746.0,0.397,35000.0,0
AP00695,A,34041.0,3.2,718.0,0.11,29700.0,0
AP00696,A,48571.0,2.3,850.0,0.123,27700.0,0
AP00697,B,57633.0,1.0,580.0,0.243,57500.0,0
AP00698,A,56991.0,5.1,789.0,0.26,71900.0,1
AP00699,A,47239.0,4.2,686.0,0.113,15400.0,1
AP00700,A,59994.0,6.4,706.0,0.472,93500.0,0
AP00701,A,70555.0,24.6,738.0,0.079,75800.0,1
AP00702,B,55841.0,3.1,727.0,0.331,99100.0,0
AP00703,A,73096.0,6.8,640.0,0.208,104700.0,0
AP00704,B,34030.0,11.9,686.0,0.176,31800.0,0
AP00705,A,56727.0,17.2,620.0,0.114,11600.0,1
AP00706,A,57133.0,3.2,492.0,0.08,26100.0,0
AP00707,A,61230.0,19.3,843.0,0.331,93700.0,1
AP00708,A,24336.0,10.2,700.0,0.127,32400.0,0
AP00709,A,57418.0,22.4,684.0,0.163,97100.0,0
AP00710,A,37758.0,3.4,629.0,0.117,34200.0,1
AP00711,B,70234.0,2.7,522.0,0.161,115100.0,0
AP00712,A,89320.0,6.0,715.0,0.135,20000.0,0
AP00713,A,91542.0,4.7,777.0,0.178,23700.0,0
AP00714,B,49304.0,4.2,590.0,0.084,52600.0,0
AP00715,A,53002.0,21.6,698.0,0.501,60500.0,1
AP00716,A,78717.0,13.7,610.0,0.25,115300.0,0
AP00717,A,58079.0,11.8,643.0,0.333,96800.0,0
AP00718,A,72533.0,11.1,689.0,0.22,43100.0,0
AP00719,A,45600.0,3.8,552.0,0.332,38000.0,0
AP00720,A,51209.0,4.9,651.0,0.283,91800.0,0
AP00721,A,69936.0,1.6,690.0,0.27,96800.0,0
AP00722,B,13649.0,1.7,595.0,0.108,11300.0,1
AP00723,B,31618.0,2.0,550.0,0.137,47700.0,0
AP00724,A,101774.0,3.4,589.0,0.169,38200.0,0
AP00725,A,110711.0,4.3,746.0,0.292,197800.0,0
AP00726,A,38866.0,0.6,510.0,0.156,30800.0,0
AP00727,B,53172.0,4.9,688.0,0.364,81200.0,0
AP00728,B,58044.0,0.2,532.0,0.251,84600.0,0
AP00729,A,59212.0,4.5,754.0,0.35,28900.0,0
AP00730,A,52185.0,4.8,731.0,0.06,32800.0,1
AP00731,A,60500.0,11.6,566.0,0.164,71200.0,0
AP00732,A,78860.0,1.6,731.0,0.181,20600.0,0
AP00733,B,36545.0,2.4,512.0,0.235,32000.0,0
AP00734,A,66327.0,2.3,672.0,0.196,110800.0,1
AP00735,A,61755.0,11.5,689.0,0.19,36700.0,0
AP00736,A,63817.0,13.9,704.0,0.13,37100.0,1
AP00737,A,63970.0,14.4,745.0,0.092,105000.0,0
AP00738,B,70156.0,0.3,658.0,0.067,52900.0,0
AP00739,A,61810.0,8.5,770.0,0.265,89000.0,1
AP00740,A,70666.0,11.0,711.0,0.279,34100.0,0
AP00741,A,38419.0,0.4,648.0,0.288,48900.0,0
AP00742,B,57546.0,1.1,609.0,0.256,54400.0,0
AP00743,B,43481.0,14.5,699.0,0.371,57800.0,0
AP00744,A,64994.0,7.5,747.0,0.041,99300.0,1
AP00745,B,28293.0,1.1,506.0,0.249,22700.0,0
AP00746,A,85776.0,11.5,664.0,0.441,43800.0,0
AP00747,B,44182.0,8.2,651.0,0.289,51600.0,0
AP00748,A,12000.0,21.0,556.0,0.204,20800.0,0
AP00749,B,48906.0,5.4,697.0,0.198,79800.0,0
AP00750,A,72523.0,28.1,652.0,0.157,64900.0,1
AP00751,A,68582.0,2.4,739.0,0.21,68400.0,0
AP00752,A,83833.0,5.9,733.0,0.115,74200.0,0
AP00753,A,72804.0,33.7,620.0,0.43,128300.0,0
AP00754,A,63972.0,2.6,722.0,0.364,72400.0,0
AP00755,A,26579.0,7.6,805.0,0.255,43900.0,0
AP00756,A,41923.0,1.1,660.0,0.17,15400.0,1
AP00757,A,64953.0,1.9,744.0,0.178,15600.0,0
AP00758,A,73818.0,3.5,850.0,0.402,104700.0,0
AP00759,A,43472.0,8.3,550.0,0.006,77800.0,1
AP00760,A,50867.0,6.7,672.0,0.287,71500.0,0
AP00761,A,70133.0,6.2,822.0,0.112,125300.0,0
AP00762,A,27758.0,5.6,677.0,0.123,13100.0,0
AP00763,A,27104.0,3.7,678.0,0.082,13700.0,1
AP00764,A,57671.0,2.0,613.0,0.185,37400.0,0
AP00765,A,66259.0,0.2,490.0,0.066,51500.0,0
AP00766,B,41222.0,3.5,773.0,0.391,26500.0,1
AP00767,A,20917.0,5.4,735.0,0.078,30800.0,0
AP00768,A,62183.0,2.6,781.0,0.152,87600.0,1
AP00769,B,32352.0,3.1,623.0,0.321,31200.0,0
AP00770,A,73419.0,14.2,615.0,0.099,38400.0,0
AP00771,B,48425.0,5.1,736.0,0.1,28600.0,0
AP00772,B,41821.0,5.1,676.0,0.319,18700.0,0
AP00773,A,73199.0,12.3,793.0,0.483,44000.0,0
AP00774,B,35656.0,4.6,645.0,0.043,38700.0,1
AP00775,A,76513.0,1.0,727.0,0.231,83500.0,0
AP00776,A,83927.0,6.6,814.0,0.144,68400.0,0
AP00777,A,68845.0,2.5,651.0,0.307,95700.0,0
AP00778,A,85469.0,5.5,675.0,0.399,91200.0,0
AP00779,B,19564.0,10.6,663.0,0.39,9200.0,0
AP00780,A,78100.0,1.3,657.0,0.281,30500.0,0
AP00781,A,66577.0,21.7,634.0,0.361,113000.0,0
AP00782,A,44204.0,4.1,657.0,0.19,71900.0,1
AP00783,A,60388.0,6.8,736.0,0.248,38600.0,1
AP00784,B,46675.0,2.6,719.0,0.334,56100.0,0
AP00785,A,51945.0,5.1,663.0,0.284,63500.0,0
AP00786,A,63333.0,4.6,709.0,0.153,82100.0,0
AP00787,B,40853.0,6.7,556.0,0.303,17400.0,1
AP00788,A,56132.0,18.1,647.0,0.367,54000.0,0
AP00789,A,64014.0,14.7,702.0,0.374,93400.0,0
AP00790,A,35633.0,0.4,705.0,0.133,29000.0,1
AP00791,B,72065.0,4.7,715.0,0.17,96100.0,0
AP00792,A,82353.0,11.3,647.0,0.175,31300.0,1
AP00793,B,28379.0,8.2,497.0,0.12,19700.0,0
AP00794,A,70254.0,5.2,654.0,0.014,51100.0,1
AP00795,A,52411.0,4.7,685.0,0.146,65700.0,1
AP00796,A,44423.0,10.9,678.0,0.22,37000.0,0
AP00797,A,60123.0,5.1,640.0,0.448,105800.0,0
AP00798,A,37948.0,4.0,738.0,0.295,50500.0,0
AP00799,B,69921.0,8.6,681.0,0.581,70000.0,0
AP00800,A,78592.0,2.0,562.0,0.235,52400.0,0
AP00801,B,66477.0,0.7,675.0,0.28,62300.0,0
AP00802,A,93805.0,4.1,669.0,0.14,74200.0,0
AP00803,B,37760.0,3.1,760.0,0.222,51000.0,0
AP00804,A,69462.0,3.4,709.0,0.356,50900.0,0
AP00805,B,45568.0,9.8,685.0,0.534,15100.0,0
AP00806,B,53613.0,19.3,476.0,0.174,45300.0,0
AP00807,B,47954.0,5.0,714.0,0.398,78700.0,0
AP00808,A,62522.0,0.8,643.0,0.047,82700.0,0
AP00809,A,59010.0,5.7,735.0,0.208,91600.0,0
AP00810,B,61350.0,0.7,511.0,0.131,95500.0,0
AP00811,B,20874.0,5.5,708.0,0.091,21000.0,0
AP00812,A,88695.0,0.9,518.0,0.237,29300.0,0
AP00813,B,44561.0,0.5,615.0,0.133,35100.0,0
AP00814,A,77562.0,6.1,694.0,0.146,81900.0,0
AP00815,A,63302.0,1.1,605.0,0.25,98800.0,0
AP00816,B,23782.0,5.2,559.0,0.244,21300.0,0
AP00817,A,100888.0,2.5,670.0,0.437,50600.0,1
AP00818,A,23096.0,8.7,664.0,0.362,29300.0,0
AP00819,A,49656.0,0.2,613.0,0.34,22900.0,0
AP00820,A,29514.0,2.7,672.0,0.12,8000.0,0
AP00821,A,56204.0,1.6,579.0,0.265,16500.0,0
AP00822,A,57707.0,2.1,751.0,0.111,87400.0,1
AP00823,B,57508.0,0.1,619.0,0.056,24000.0,1
AP00824,A,67968.0,3.8,663.0,0.379,18800.0,1
AP00825,A,93803.0,5.6,607.0,0.422,49600.0,0
AP00826,B,47332.0,5.9,636.0,0.241,76000.0,0
AP00827,A,53938.0,9.6,624.0,0.324,57500.0,0
AP00828,A,70335.0,0.8,759.0,0.23,108800.0,0
AP00829,A,91552.0,0.1,734.0,0.056,39200.0,0
AP00830,A,64881.0,4.6,634.0,0.087,33800.0,1
AP00831,B,54568.0,3.5,660.0,0.191,61200.0,1
AP00832,A,70756.0,0.2,812.0,0.158,81500.0,0
AP00833,A,34965.0,22.9,730.0,0.131,43300.0,1
AP00834,A,47305.0,1.2,755.0,0.066,61700.0,1
AP00835,A,67791.0,11.3,648.0,0.169,36800.0,1
AP00836,A,71517.0,1.5,740.0,0.502,128400.0,0
AP00837,A,45403.0,20.2,592.0,0.093,77000.0,0
AP00838,B,26448.0,14.0,527.0,0.245,24400.0,0
AP00839,A,59592.0,6.6,754.0,0.284,46600.0,0
AP00840,A,59080.0,0.8,669.0,0.216,38900.0,0
AP00841,A,74144.0,2.9,717.0,0.15,37200.0,1
AP00842,A,63672.0,13.0,659.0,0.235,74700.0,0
AP00843,A,64732.0,7.2,666.0,0.244,15800.0,1
AP00844,A,36532.0,5.6,703.0,0.182,24700.0,0
AP00845,A,42975.0,2.6,717.0,0.087,19100.0,0
AP00846,A,67501.0,5.6,696.0,0.041,108300.0,0
AP00847,A,33316.0,5.2,719.0,0.236,56800.0,0
AP00848,A,66565.0,3.2,613.0,0.461,65000.0,0
AP00849,A,49957.0,1.0,581.0,0.151,32300.0,0
AP00850,A,47254.0,13.7,717.0,0.089,32900.0,0
AP00851,B,50979.0,19.8,686.0,0.263,65900.0,0
AP00852,A,49659.0,8.7,567.0,0.31,23600.0,0
AP00853,A,46415.0,11.1,589.0,0.309,47300.0,0
AP00854,A,49671.0,5.1,738.0,0.118,37300.0,0
AP00855,B,72689.0,0.0,743.0,0.213,97000.0,1
AP00856,A,110767.0,1.5,850.0,0.196,116700.0,1
AP00857,A,23869.0,10.0,664.0,0.176,35000.0,0
AP00858,B,49583.0,0.7,599.0,0.145,25200.0,0
AP00859,B,12000.0,0.3,615.0,0.233,15800.0,0
AP00860,A,78686.0,2.2,587.0,0.049,70900.0,0
AP00861,A,55062.0,0.5,756.0,0.099,11900.0,1
AP00862,A,17534.0,8.4,620.0,0.118,19100.0,1
AP00863,A,85344.0,0.6,628.0,0.154,76800.0,0
AP00864,A,42173.0,17.9,699.0,0.213,43500.0,1
AP00865,A,60571.0,4.5,649.0,0.174,52700.0,0
AP00866,A,37189.0,4.6,721.0,0.37,33500.0,1
AP00867,A,42059.0,25.1,738.0,0.087,75700.0,1
AP00868,A,52750.0,0.9,741.0,0.02,28700.0,1
AP00869,A,76940.0,5.5,683.0,0.201,123300.0,0
AP00870,A,76674.0,10.1,624.0,0.103,80800.0,0
AP00871,A,50913.0,12.4,684.0,0.047,68100.0,0
AP00872,A,70568.0,1.5,607.0,0.069,117500.0,1
AP00873,A,54930.0,7.7,577.0,0.254,16800.0,0
AP00874,B,61408.0,0.2,708.0,0.178,52700.0,0
AP00875,A,64340.0,1.7,756.0,0.183,101200.0,0
AP00876,A,72655.0,1.7,585.0,0.066,95900.0,0
AP00877,A,50561.0,2.5,767.0,0.123,81000.0,0
AP00878,A,59193.0,1.1,680.0,0.58,36000.0,0
AP00879,A,65444.0,1.5,660.0,0.343,100000.0,0
AP00880,B,30382.0,6.8,619.0,0.202,48600.0,1
AP00881,B,54843.0,0.5,668.0,0.102,53400.0,0
AP00882,A,92322.0,3.9,583.0,0.398,120200.0,1
AP00883,A,53283.0,7.8,717.0,0.175,19300.0,0
AP00884,A,75066.0,18.7,651.0,0.185,56600.0,1
AP00885,A,65162.0,0.3,609.0,0.216,24100.0,0
AP00886,A,83358.0,11.0,535.0,0.079,122000.0,0
AP00887,A,22451.0,1.8,615.0,0.206,10100.0,0
AP00888,A,98184.0,5.2,615.0,0.452,114000.0,0
AP00889,A,57689.0,0.4,686.0,0.301,36000.0,0
AP00890,A,39472.0,6.0,746.0,0.286,42600.0,0
AP00891,A,63802.0,1.3,714.0,0.328,84400.0,0
AP00892,B,33502.0,2.7,570.0,0.254,38600.0,1
AP00893,A,70533.0,6.7,807.0,0.094,108000.0,1
AP00894,A,39460.0,31.3,641.0,0.13,62000.0,0
AP00895,A,53203.0,4.0,688.0,0.246,28800.0,1
AP00896,B,58823.0,0.9,613.0,0.266,30800.0,0
AP00897,A,36368.0,4.5,733.0,0.409,44000.0,1
AP00898,A,58248.0,9.3,720.0,0.236,81600.0,0
AP00899,A,56204.0,1.5,685.0,0.285,81400.0,0
AP00900,A,100225.0,0.6,730.0,0.401,140900.0,0
AP00901,A,56245.0,13.5,706.0,0.413,98300.0,0
AP00902,A,84958.0,3.6,639.0,0.144,91600.0,0
AP00903,B,45172.0,13.0,595.0,0.213,62400.0,0
AP00904,B,43673.0,3.8,769.0,0.153,46600.0,0
AP00905,A,79418.0,17.4,641.0,0.341,92400.0,0
AP00906,A,72592.0,1.5,738.0,0.142,21500.0,0
AP00907,A,30549.0,5.2,652.0,0.215,24900.0,0
AP00908,B,48736.0,4.9,761.0,0.237,73200.0,0
AP00909,A,72949.0,10.3,850.0,0.374,24100.0,1
AP00910,A,50473.0,0.2,749.0,0.252,22700.0,0
AP00911,A,65385.0,9.8,650.0,0.201,55800.0,0
AP00912,B,40500.0,1.0,773.0,0.25,18200.0,1
AP00913,B,44749.0,7.1,561.0,0.18,23600.0,0
AP00914,A,50983.0,3.7,713.0,0.204,14200.0,1
AP00915,A,49439.0,19.4,623.0,0.401,12800.0,0
AP00916,A,56579.0,3.5,735.0,0.134,83200.0,0
AP00917,B,52495.0,0.5,724.0,0.271,27200.0,0
AP00918,B,42452.0,4.2,701.0,0.143,24300.0,1
AP00919,A,34701.0,2.7,778.0,0.295,49300.0,1
AP00920,B,60797.0,4.3,519.0,0.256,76800.0,0
AP00921,A,59907.0,3.8,596.0,0.168,14200.0,0
AP00922,A,42904.0,2.3,732.0,0.237,42300.0,1
AP00923,A,76654.0,9.1,829.0,0.066,135200.0,1
AP00924,A,96029.0,1.7,720.0,0.273,131500.0,0
AP00925,A,85096.0,8.4,677.0,0.501,119600.0,0
AP00926,A,36991.0,2.0,783.0,0.181,37600.0,0
AP00927,A,84168.0,1.3,588.0,0.139,82900.0,0
AP00928,A,65313.0,1.7,683.0,0.364,33800.0,0
AP00929,B,39047.0,0.3,689.0,0.045,41000.0,0
AP00930,B,24606.0,0.2,627.0,0.078,8500.0,0
AP00931,A,61279.0,7.5,693.0,0.326,100000.0,0
AP00932,A,86213.0,13.4,754.0,0.447,62600.0,1
AP00933,B,34921.0,3.8,715.0,0.371,40300.0,1
AP00934,A,53997.0,9.3,685.0,0.175,15800.0,1
AP00935,A,49426.0,7.6,604.0,0.283,46600.0,0
AP00936,A,53957.0,5.2,581.0,0.065,53100.0,0
AP00937,B,45892.0,8.1,571.0,0.206,78500.0,0
AP00938,A,94736.0,14.2,652.0,0.227,164500.0,0
AP00939,A,42495.0,4.7,635.0,0.049,69400.0,1
AP00940,A,61353.0,1.1,850.0,0.145,45600.0,0
AP00941,A,54509.0,9.1,675.0,0.174,33900.0,0
AP00942,A,47938.0,23.8,679.0,0.23,71700.0,0
AP00943,B,12000.0,10.0,657.0,0.096,3400.0,0
AP00944,B,56550.0,6.9,566.0,0.239,77900.0,0
AP00945,A,36074.0,3.5,648.0,0.315,53000.0,0
AP00946,A,42891.0,6.8,731.0,0.274,50200.0,0
AP00947,A,82714.0,27.5,638.0,0.129,111000.0,1
AP00948,B,24771.0,5.9,752.0,0.159,33900.0,1
AP00949,A,70698.0,8.3,644.0,0.322,54600.0,0
AP00950,B,67732.0,10.5,624.0,0.145,38100.0,0
AP00951,A,54595.0,0.6,792.0,0.335,82600.0,0
AP00952,A,69571.0,10.7,767.0,0.114,32700.0,0
AP00953,B,39496.0,11.2,491.0,0.369,22600.0,0
AP00954,A,41580.0,5.3,699.0,0.035,34300.0,0
AP00955,A,61388.0,2.7,741.0,0.212,26300.0,0
AP00956,A,77533.0,0.8,660.0,0.27,111600.0,1
AP00957,A,42998.0,2.5,613.0,0.138,72200.0,0
AP00958,B,66271.0,0.6,678.0,0.351,56700.0,0
AP00959,A,73902.0,0.6,770.0,0.257,53300.0,0
AP00960,A,45990.0,7.9,709.0,0.122,60200.0,1
AP00961,A,61515.0,1.3,673.0,0.342,41200.0,1
AP00962,A,60638.0,9.9,610.0,0.351,27900.0,0
AP00963,A,72684.0,1.0,646.0,0.31,20100.0,0
AP00964,A,73268.0,1.2,665.0,0.026,81200.0,0
AP00965,A,38158.0,19.0,708.0,0.013,41800.0,1
AP00966,A,37351.0,7.3,749.0,0.227,55400.0,0
AP00967,A,79738.0,3.5,694.0,0.46,48200.0,1
AP00968,A,63402.0,9.1,718.0,0.142,102100.0,1
AP00969,A,68824.0,16.3,599.0,0.258,91900.0,0
AP00970,A,67338.0,0.4,698.0,0.47,18200.0,1
AP00971,A,88687.0,0.6,772.0,0.337,26900.0,1
AP00972,B,36408.0,3.0,667.0,0.253,28100.0,0
AP00973,B,48474.0,3.3,609.0,0.281,82300.0,0
AP00974,A,46797.0,6.1,737.0,0.085,29900.0,0
AP00975,A,74354.0,6.4,794.0,0.057,89100.0,0
AP00976,B,28054.0,1.3,582.0,0.225,20200.0,0
AP00977,A,36750.0,17.2,655.0,0.367,50500.0,1
AP00978,B,45716.0,8.4,554.0,0.295,41100.0,0
AP00979,A,56447.0,1.3,543.0,0.256,95200.0,0
AP00980,A,56212.0,6.2,695.0,0.352,20900.0,0
AP00981,A,62146.0,17.7,637.0,0.488,14800.0,1
AP00982,A,42655.0,4.6,769.0,0.556,33800.0,0
AP00983,B,55713.0,2.8,618.0,0.162,51700.0,0
AP00984,A,73097.0,12.1,833.0,0.484,127100.0,0
AP00985,B,73953.0,0.7,772.0,0.321,19200.0,0
AP00986,A,51278.0,3.0,826.0,0.411,65000.0,0
AP00987,A,35476.0,2.9,759.0,0.154,8600.0,0
AP00988,A,102617.0,6.5,638.0,0.032,46400.0,1
AP00989,A,80955.0,8.3,669.0,0.041,42000.0,1
AP00990,A,67788.0,10.1,758.0,0.276,51700.0,1
AP00991,A,43056.0,5.3,717.0,0.156,11500.0,1
AP00992,A,51022.0,0.2,645.0,0.321,25000.0,0
AP00993,A,65703.0,0.4,673.0,0.113,43700.0,0
AP00994,B,56268.0,17.6,530.0,0.096,83800.0,0
AP00995,B,47160.0,6.0,692.0,0.45,30300.0,1
AP00996,B,58375.0,0.2,752.0,0.178,61800.0,0
AP00997,B,21713.0,5.1,552.0,0.15,11000.0,0
AP00998,A,43089.0,1.3,740.0,0.325,10700.0,1
AP00999,B,25748.0,1.9,759.0,0.247,29000.0,1
AP01000,A,47372.0,2.2,787.0,0.175,57500.0,1
AP01001,B,39786.0,12.5,642.0,0.055,66600.0,1
AP01002,B,53359.0,0.9,631.0,0.357,34800.0,1
AP01003,A,56253.0,22.4,648.0,0.373,82500.0,1
AP01004,A,66986.0,0.1,727.0,0.125,112000.0,0
AP01005,A,65387.0,0.4,822.0,0.341,24900.0,1
AP01006,A,87730.0,7.9,746.0,0.074,17900.0,0
AP01007,A,57892.0,14.8,710.0,0.336,26300.0,0
AP01008,A,43407.0,14.1,689.0,0.376,12900.0,1
AP01009,A,61179.0,0.3,565.0,0.183,60800.0,0
AP01010,B,41164.0,10.9,458.0,0.097,38200.0,0
AP01011,B,51522.0,10.6,550.0,0.22,16400.0,0
AP01012,A,62254.0,2.6,712.0,0.18,15400.0,0
AP01013,A,55046.0,18.0,648.0,0.05,11400.0,1
AP01014,A,68570.0,11.7,687.0,0.31,20400.0,0
AP01015,A,65946.0,2.2,643.0,0.064,18300.0,0
AP01016,A,47018.0,1.9,555.0,0.285,56800.0,1
AP01017,A,57348.0,2.7,674.0,0.268,33300.0,0
AP01018,A,78079.0,6.7,644.0,0.3,105100.0,0
AP01019,A,80802.0,8.2,602.0,0.089,67100.0,0
AP01020,A,77744.0,0.2,675.0,0.161,106100.0,0
AP01021,A,76680.0,1.7,667.0,0.254,49300.0,0
AP01022,A,55499.0,13.4,700.0,0.397,73700.0,0
AP01023,A,54953.0,0.5,690.0,0.136,78300.0,0
AP01024,A,77857.0,5.3,701.0,0.201,41500.0,0
AP01025,B,27938.0,1.2,646.0,0.056,19300.0,0
AP01026,A,60377.0,1.2,637.0,0.04,52000.0,0
AP01027,A,28529.0,11.5,681.0,0.193,26100.0,1
AP01028,A,54686.0,2.4,688.0,0.127,81000.0,0
AP01029,B,46714.0,1.7,628.0,0.106,16500.0,0
AP01030,A,40076.0,11.4,692.0,0.281,8700.0,1
AP01031,A,71658.0,3.4,640.0,0.339,95100.0,0
AP01032,B,21371.0,0.7,760.0,0.22,26300.0,0
AP01033,A,54905.0,0.6,686.0,0.09,58000.0,0
AP01034,A,56847.0,0.4,746.0,0.273,40400.0,0
AP01035,A,48383.0,7.7,839.0,0.192,35700.0,1
AP01036,B,15505.0,1.6,606.0,0.155,6200.0,0
AP01037,A,52671.0,1.1,599.0,0.076,30200.0,0
AP01038,A,64892.0,3.5,623.0,0.134,98100.0,0
AP01039,B,52824.0,1.8,597.0,0.167,32500.0,0
AP01040,A,53041.0,4.7,572.0,0.147,54100.0,0
AP01041,A,55690.0,13.6,655.0,0.125,91900.0,1
AP01042,A,55984.0,0.0,703.0,0.287,58000.0,1
AP01043,A,51081.0,1.2,653.0,0.366,44500.0,1
AP01044,A,63948.0,7.2,628.0,0.179,48000.0,0
AP01045,A,88976.0,10.6,684.0,0.107,112500.0,0
AP01046,A,59071.0,3.7,661.0,0.374,34600.0,0
AP01047,A,58955.0,1.2,651.0,0.054,11900.0,0
AP01048,B,42703.0,4.6,591.0,0.44,17700.0,0
AP01049,B,44431.0,2.3,513.0,0.128,38700.0,0
AP01050,A,89942.0,10.6,671.0,0.574,94300.0,1
AP01051,A,71268.0,9.5,775.0,0.041,118700.0,0
AP01052,A,73873.0,8.1,748.0,0.326,38800.0,0
AP01053,A,48873.0,0.7,689.0,0.5,30100.0,0
AP01054,A,58723.0,7.4,674.0,0.405,102700.0,0
AP01055,B,51642.0,3.6,703.0,0.182,64800.0,1
AP01056,A,63539.0,2.7,704.0,0.157,63600.0,0
AP01057,A,46294.0,0.8,597.0,0.26,33600.0,0
AP01058,A,47653.0,27.7,634.0,0.369,40000.0,0
AP01059,A,70539.0,2.9,765.0,0.282,37800.0,1
AP01060,B,15463.0,3.0,675.0,0.307,3900.0,0
AP01061,B,23978.0,10.4,732.0,0.19,10200.0,0
AP01062,A,63065.0,1.0,736.0,0.16,44000.0,0
AP01063,B,30940.0,6.8,779.0,0.111,29200.0,0
AP01064,A,50041.0,2.5,655.0,0.382,24100.0,0
AP01065,A,65680.0,27.8,697.0,0.154,99500.0,1
AP01066,A,35751.0,6.2,745.0,0.4,34000.0,1
AP01067,B,52144.0,1.2,596.0,0.242,20300.0,0
AP01068,A,41756.0,7.5,783.0,0.284,65100.0,0
AP01069,A,39341.0,4.7,723.0,0.128,59500.0,0
AP01070,A,55846.0,2.7,644.0,0.244,25200.0,0
AP01071,A,103291.0,2.0,729.0,0.508,59900.0,0
AP01072,B,24859.0,3.9,722.0,0.097,19900.0,0
AP01073,A,39160.0,7.1,683.0,0.401,61200.0,1
AP01074,A,69597.0,40.0,627.0,0.157,27700.0,1
AP01075,A,65493.0,1.9,636.0,0.069,55500.0,0
AP01076,B,12300.0,12.1,484.0,0.309,15700.0,0
AP01077,A,39056.0,3.2,628.0,0.423,28800.0,0
AP01078,A,33312.0,1.2,814.0,0.206,50300.0,0
AP01079,A,55883.0,23.1,743.0,0.186,91600.0,1
AP01080,B,46005.0,1.2,530.0,0.457,41500.0,0
AP01081,B,46785.0,0.7,490.0,0.095,66500.0,0
AP01082,A,80599.0,22.4,695.0,0.289,73600.0,0
AP01083,B,53661.0,1.4,672.0,0.244,59300.0,0
AP01084,A,46892.0,9.6,679.0,0.218,75500.0,0
AP01085,A,59130.0,12.9,753.0,0.228,72200.0,0
AP01086,A,76273.0,3.1,735.0,0.472,97500.0,0
AP01087,A,69855.0,1.1,614.0,0.14,36600.0,0
AP01088,A,54015.0,8.2,743.0,0.131,43800.0,1
AP01089,A,43437.0,15.0,760.0,0.216,16800.0,1
AP01090,A,77031.0,0.9,640.0,0.068,97200.0,0
AP01091,A,78217.0,2.1,734.0,0.37,129500.0,0
AP01092,A,109343.0,22.0,646.0,0.407,74100.0,0
AP01093,B,12000.0,3.1,630.0,0.084,9100.0,0
AP01094,B,56048.0,2.1,627.0,0.043,89900.0,0
AP01095,A,40116.0,0.8,770.0,0.338,59600.0,1
AP01096,A,51870.0,7.1,624.0,0.523,26600.0,0
AP01097,A,49515.0,18.1,505.0,0.533,77800.0,0
AP01098,A,53283.0,19.8,761.0,0.209,95100.0,0
AP01099,B,36879.0,3.8,778.0,0.326,48100.0,0
AP01100,A,51876.0,24.7,715.0,0.137,74000.0,1
AP01101,B,36684.0,9.0,643.0,0.151,50200.0,1
AP01102,A,53525.0,4.4,724.0,0.114,11700.0,0
AP01103,A,73110.0,1.3,765.0,0.164,50800.0,0
AP01104,B,37987.0,3.6,669.0,0.235,24400.0,0
AP01105,A,61438.0,11.0,746.0,0.297,89100.0,0
AP01106,B,37384.0,2.3,592.0,0.096,53200.0,0
AP01107,A,67024.0,6.9,757.0,0.122,31600.0,0
AP01108,A,64196.0,11.9,651.0,0.216,42400.0,1
AP01109,B,27935.0,9.7,555.0,0.313,40000.0,0
AP01110,A,62572.0,4.0,552.0,0.146,82100.0,0
AP01111,A,71582.0,3.1,658.0,0.08,30400.0,0
AP01112,A,47325.0,2.3,668.0,0.39,48900.0,0
AP01113,A,81663.0,19.4,608.0,0.058,109600.0,1
AP01114,A,89186.0,15.4,760.0,0.432,122100.0,0
AP01115,B,16663.0,7.4,754.0,0.157,6200.0,1
AP01116,B,37086.0,29.5,429.0,0.312,42800.0,0
AP01117,A,33382.0,0.8,731.0,0.209,37400.0,1
AP01118,A,53766.0,1.0,631.0,0.077,92000.0,0
AP01119,B,41926.0,2.4,637.0,0.219,46000.0,0
AP01120,A,76075.0,8.8,740.0,0.127,18200.0,0
AP01121,B,17676.0,6.5,780.0,0.155,16900.0,0
AP01122,A,56122.0,3.9,794.0,0.048,61000.0,0
AP01123,B,41182.0,0.9,742.0,0.288,20200.0,0
AP01124,A,49661.0,14.8,759.0,0.09,13900.0,1
AP01125,B,60698.0,2.0,611.0,0.217,79500.0,0
AP01126,B,37697.0,9.5,710.0,0.19,26800.0,1
AP01127,B,45916.0,8.1,571.0,0.013,34500.0,1
AP01128,A,66382.0,13.6,686.0,0.215,105300.0,0
AP01129,A,51650.0,2.9,713.0,0.212,51200.0,0
AP01130,A,44750.0,4.5,644.0,0.212,19500.0,0
AP01131,A,28848.0,0.5,689.0,0.166,37500.0,0
AP01132,A,33846.0,9.9,716.0,0.298,21100.0,0
AP01133,A,68785.0,1.1,562.0,0.324,41300.0,0
AP01134,A,54627.0,2.4,653.0,0.088,98300.0,0
AP01135,B,45506.0,4.1,779.0,0.363,77100.0,0
AP01136,A,42733.0,6.9,760.0,0.071,47400.0,1
AP01137,A,55823.0,21.6,699.0,0.45,23200.0,1
AP01138,A,56686.0,9.1,688.0,0.162,61000.0,0
AP01139,B,40006.0,6.8,732.0,0.15,25300.0,0
AP01140,A,32162.0,3.6,720.0,0.105,40000.0,0
AP01141,A,69240.0,7.6,668.0,0.212,108400.0,1
AP01142,B,41418.0,0.2,701.0,0.389,66400.0,0
AP01143,A,45024.0,3.3,670.0,0.101,37100.0,1
AP01144,A,59688.0,17.5,686.0,0.128,37000.0,1
AP01145,A,73159.0,4.1,731.0,0.232,81700.0,0
AP01146,A,93767.0,3.5,722.0,0.274,46900.0,0
AP01147,B,29257.0,4.0,747.0,0.217,9200.0,1
AP01148,A,72351.0,8.8,703.0,0.406,60800.0,0
AP01149,A,98830.0,11.2,686.0,0.446,122400.0,1
AP01150,A,62642.0,8.4,559.0,0.184,77300.0,0
AP01151,A,87350.0,4.9,604.0,0.216,133200.0,0
AP01152,A,15872.0,8.8,756.0,0.131,27000.0,0
AP01153,A,87028.0,7.8,713.0,0.125,49200.0,0
AP01154,B,63859.0,1.7,707.0,0.204,110200.0,1
AP01155,A,28378.0,0.8,755.0,0.082,10700.0,0
AP01156,A,75226.0,16.6,568.0,0.133,98000.0,0
AP01157,A,79986.0,1.8,786.0,0.213,91700.0,0
AP01158,B,28219.0,1.7,850.0,0.474,14100.0,1
AP01159,A,82633.0,4.9,794.0,0.179,26300.0,1
AP01160,A,60948.0,12.3,661.0,0.169,48500.0,0
AP01161,B,32079.0,7.9,594.0,0.456,6400.0,0
AP01162,A,53341.0,1.4,710.0,0.493,67400.0,0
AP01163,B,41477.0,0.3,625.0,0.204,13700.0,0
AP01164,A,68637.0,4.2,761.0,0.265,97500.0,1
AP01165,A,52983.0,3.5,746.0,0.04,53400.0,0
AP01166,B,32059.0,2.2,623.0,0.05,17700.0,1
AP01167,A,76948.0,12.8,676.0,0.071,129200.0,1
AP01168,B,42220.0,1.7,757.0,0.307,34100.0,0
AP01169,A,101961.0,7.1,811.0,0.3,60900.0,1
AP01170,A,99552.0,9.6,687.0,0.147,151400.0,0
AP01171,A,41211.0,10.5,762.0,0.167,71600.0,1
AP01172,B,44917.0,7.5,621.0,0.154,66700.0,0
AP01173,A,38362.0,8.5,631.0,0.293,38000.0,0
AP01174,B,23097.0,0.9,511.0,0.164,19800.0,0
AP01175,B,38071.0,0.9,647.0,0.2,65800.0,0
AP01176,A,43950.0,4.7,724.0,0.326,11600.0,1
AP01177,A,42982.0,17.5,707.0,0.165,56800.0,0
AP01178,B,60477.0,3.2,446.0,0.268,61800.0,0
AP01179,A,75617.0,1.3,741.0,0.298,35600.0,0
AP01180,A,55199.0,3.6,818.0,0.193,33200.0,1
AP01181,A,55163.0,1.1,734.0,0.111,79900.0,0
AP01182,A,77701.0,4.1,626.0,0.22,24200.0,0
AP01183,A,69812.0,0.8,769.0,0.076,78200.0,1
AP01184,A,69535.0,7.4,615.0,0.345,47900.0,0
AP01185,B,38506.0,14.9,710.0,0.157,29000.0,0
AP01186,B,31180.0,2.1,554.0,0.102,38900.0,0
AP01187,A,65281.0,0.1,754.0,0.17,103500.0,0
AP01188,A,50269.0,17.0,789.0,0.266,78900.0,1
AP01189,A,79623.0,11.9,594.0,0.117,116700.0,0
AP01190,B,51576.0,5.0,637.0,0.418,10400.0,0
AP01191,A,43009.0,3.1,639.0,0.162,18600.0,0
AP01192,A,85129.0,5.2,555.0,0.22,90200.0,0
AP01193,B,36579.0,5.0,550.0,0.161,56000.0,0
AP01194,A,82166.0,13.6,668.0,0.327,62000.0,1
AP01195,A,65101.0,5.7,589.0,0.152,52900.0,0
AP01196,A,46056.0,11.2,526.0,0.352,45900.0,0
AP01197,A,41686.0,1.9,581.0,0.043,64000.0,0
AP01198,B,42410.0,20.7,571.0,0.092,75400.0,0
AP01199,A,61047.0,24.9,578.0,0.436,24400.0,1
AP01200,A,48900.0,10.1,685.0,0.247,83200.0,0
AP01201,A,71435.0,12.2,701.0,0.439,86400.0,0
AP01202,A,36684.0,5.2,734.0,0.396,54300.0,1
AP01203,A,61342.0,6.2,679.0,0.366,87800.0,0
AP01204,B,47888.0,10.5,761.0,0.093,22100.0,0
AP01205,B,57584.0,2.5,533.0,0.074,92300.0,0
AP01206,B,27152.0,18.0,618.0,0.058,30300.0,0
AP01207,A,39101.0,3.6,686.0,0.084,64500.0,0
AP01208,A,17241.0,10.3,774.0,0.307,5200.0,1
AP01209,A,50596.0,1.2,603.0,0.129,40000.0,0
AP01210,B,59281.0,19.8,815.0,0.074,90800.0,1
AP01211,B,29360.0,0.6,569.0,0.326,18900.0,0
AP01212,A,52850.0,0.4,571.0,0.197,51400.0,0
AP01213,A,87567.0,11.9,572.0,0.134,141100.0,0
AP01214,B,49888.0,3.1,718.0,0.413,44600.0,0
AP01215,B,41752.0,6.9,671.0,0.487,29000.0,1
AP01216,A,84917.0,7.9,523.0,0.337,34900.0,1
AP01217,B,58168.0,3.2,595.0,0.296,60900.0,1
AP01218,B,37183.0,1.0,714.0,0.033,56100.0,0
AP01219,A,72952.0,10.7,775.0,0.065,76900.0,1
AP01220,A,78618.0,8.0,672.0,0.307,63300.0,0
AP01221,B,36088.0,2.6,725.0,0.444,23300.0,0
AP01222,A,57115.0,6.0,637.0,0.43,55500.0,0
AP01223,A,33653.0,0.2,647.0,0.104,44100.0,0
AP01224,B,37136.0,17.9,565.0,0.521,9100.0,0
AP01225,A,67698.0,3.4,708.0,0.138,21800.0,1
AP01226,A,38369.0,2.8,650.0,0.336,31000.0,1
AP01227,B,38612.0,5.8,762.0,0.065,32900.0,0
AP01228,A,74276.0,13.6,812.0,0.264,46500.0,1
AP01229,B,35529.0,7.8,580.0,0.367,26300.0,0
AP01230,B,43467.0,2.5,674.0,0.078,45700.0,1
AP01231,A,74845.0,0.0,715.0,0.105,83800.0,0
AP01232,A,35250.0,1.2,656.0,0.378,53400.0,0
AP01233,A,56110.0,20.1,658.0,0.335,52200.0,0
AP01234,B,44699.0,7.9,712.0,0.162,42500.0,0
AP01235,A,77727.0,1.3,651.0,0.047,104300.0,0
AP01236,A,86490.0,1.6,735.0,0.313,80600.0,0
AP01237,B,47084.0,0.3,597.0,0.53,18000.0,0
AP01238,A,60279.0,6.9,662.0,0.287,63300.0,0
AP01239,A,74165.0,1.7,792.0,0.292,53500.0,0
AP01240,B,77175.0,5.7,603.0,0.394,30600.0,1
AP01241,A,91426.0,6.2,638.0,0.25,31500.0,1
AP01242,A,44851.0,18.5,646.0,0.153,68900.0,0
AP01243,A,54835.0,2.6,717.0,0.241,22800.0,0
AP01244,A,42733.0,5.9,640.0,0.252,25400.0,0
AP01245,A,75989.0,4.1,695.0,0.119,74800.0,1
AP01246,B,39221.0,4.7,520.0,0.212,63500.0,0
AP01247,A,82490.0,27.1,826.0,0.357,62600.0,0
AP01248,A,78095.0,2.9,755.0,0.131,81000.0,0
AP01249,A,70114.0,4.6,590.0,0.243,120500.0,0
AP01250,A,22865.0,2.9,809.0,0.065,8400.0,0
AP01251,B,27089.0,0.4,655.0,0.24,42500.0,1
AP01252,A,74766.0,4.7,619.0,0.206,40200.0,1
AP01253,A,36264.0,5.7,703.0,0.34,60800.0,0
AP01254,A,57190.0,5.4,618.0,0.176,28700.0,0
AP01255,B,76611.0,4.1,716.0,0.099,57700.0,0
AP01256,A,77271.0,8.5,624.0,0.339,39700.0,1
AP01257,A,66474.0,4.7,653.0,0.345,92900.0,0
AP01258,A,66329.0,2.7,512.0,0.261,64600.0,0
AP01259,A,53621.0,0.2,776.0,0.166,43300.0,0
AP01260,B,47160.0,0.3,510.0,0.571,30300.0,0
AP01261,B,44344.0,3.0,720.0,0.03,41400.0,0
AP01262,A,74392.0,11.9,714.0,0.138,83500.0,1
AP01263,A,58255.0,0.5,680.0,0.132,41600.0,0
AP01264,A,79822.0,2.3,781.0,0.301,127500.0,0
AP01265,B,37702.0,10.1,573.0,0.196,67400.0,0
AP01266,A,82787.0,5.4,661.0,0.172,117000.0,0
AP01267,B,33921.0,0.7,455.0,0.079,10600.0,0
AP01268,A,81502.0,7.3,662.0,0.26,74900.0,0
AP01269,A,62925.0,5.2,652.0,0.14,61500.0,0
AP01270,A,76635.0,0.9,717.0,0.162,40000.0,1
AP01271,A,88003.0,26.7,692.0,0.303,56500.0,1
AP01272,B,41206.0,3.5,512.0,0.263,49100.0,0
AP01273,A,62856.0,2.7,544.0,0.27,30300.0,1
AP01274,A,58409.0,2.9,626.0,0.386,58700.0,0
AP01275,A,65135.0,3.7,693.0,0.067,75500.0,0
AP01276,A,32628.0,12.5,735.0,0.268,45700.0,0
AP01277,A,58383.0,1.4,732.0,0.175,83500.0,0
AP01278,A,56994.0,12.1,647.0,0.111,56700.0,0
AP01279,A,47443.0,14.4,719.0,0.192,47500.0,0
AP01280,A,57964.0,0.9,598.0,0.435,28300.0,0
AP01281,A,33990.0,0.5,717.0,0.09,40900.0,0
AP01282,A,86287.0,3.2,816.0,0.007,111500.0,0
AP01283,A,69370.0,1.7,670.0,0.057,35200.0,0
AP01284,A,94925.0,25.3,614.0,0.415,108000.0,0
AP01285,B,26352.0,16.3,677.0,0.277,11200.0,0
AP01286,B,43278.0,7.1,594.0,0.251,24200.0,0
AP01287,A,66432.0,4.2,686.0,0.184,80500.0,0
AP01288,A,31746.0,0.5,724.0,0.041,43300.0,0
AP01289,B,50205.0,3.0,647.0,0.426,38000.0,0
AP01290,A,48903.0,10.9,736.0,0.179,58600.0,0
AP01291,A,55456.0,1.3,636.0,0.038,92700.0,0
AP01292,A,65917.0,1.7,633.0,0.272,26100.0,0
AP01293,A,62211.0,1.1,706.0,0.167,76300.0,0
AP01294,B,56138.0,10.4,698.0,0.062,16500.0,0
AP01295,A,72630.0,14.4,702.0,0.489,94100.0,0
AP01296,B,73928.0,5.6,604.0,0.387,94700.0,0
AP01297,A,78817.0,10.3,682.0,0.248,83100.0,1
AP01298,B,28910.0,8.2,638.0,0.347,29300.0,0
AP01299,A,62918.0,3.1,719.0,0.092,94500.0,0
AP01300,B,44633.0,3.3,611.0,0.227,12700.0,1
AP01301,A,46649.0,2.8,686.0,0.232,16100.0,0
AP01302,A,84739.0,5.3,753.0,0.122,93900.0,1
AP01303,A,51461.0,12.2,725.0,0.405,68500.0,0
AP01304,A,49908.0,12.4,766.0,0.639,41900.0,0
AP01305,A,51363.0,11.9,669.0,0.233,45000.0,0
AP01306,A,55799.0,0.7,669.0,0.428,15400.0,0
AP01307,A,86989.0,5.2,653.0,0.047,130300.0,0
AP01308,B,43364.0,2.6,578.0,0.502,57900.0,0
AP01309,B,39109.0,0.5,650.0,0.235,44400.0,0
AP01310,A,71644.0,4.4,755.0,0.338,80200.0,1
AP01311,A,32964.0,0.5,684.0,0.378,48900.0,0
AP01312,A,54820.0,0.6,796.0,0.241,57500.0,0
AP01313,A,81442.0,18.3,720.0,0.255,89600.0,0
AP01314,A,61335.0,1.0,544.0,0.24,79700.0,0
AP01315,A,52772.0,3.7,733.0,0.113,50600.0,1
AP01316,A,48670.0,11.8,654.0,0.064,86000.0,0
AP01317,A,44990.0,2.6,694.0,0.261,39800.0,0
AP01318,A,50775.0,4.8,636.0,0.049,70900.0,1
AP01319,B,30703.0,14.2,679.0,0.135,12600.0,0
AP01320,A,83381.0,0.5,832.0,0.253,114400.0,0
AP01321,B,34462.0,2.7,660.0,0.396,37800.0,0
AP01322,A,51188.0,35.5,663.0,0.25,75700.0,1
AP01323,A,48227.0,1.9,635.0,0.264,47800.0,1
AP01324,A,73588.0,7.1,662.0,0.111,17900.0,0
AP01325,A,28929.0,3.2,644.0,0.429,23200.0,0
AP01326,B,58197.0,0.8,662.0,0.266,32200.0,0
AP01327,B,31989.0,0.3,689.0,0.341,30800.0,0
AP01328,A,41427.0,8.9,580.0,0.152,11900.0,0
AP01329,B,35667.0,2.0,586.0,0.218,29300.0,0
AP01330,A,67335.0,0.7,684.0,0.066,53400.0,1
AP01331,A,31722.0,0.7,670.0,0.246,19100.0,1
AP01332,A,44862.0,0.7,744.0,0.361,65000.0,0
AP01333,A,49577.0,7.9,636.0,0.371,20700.0,0
AP01334,A,62535.0,0.2,630.0,0.278,27200.0,0
AP01335,A,36691.0,2.2,682.0,0.217,60000.0,0
AP01336,A,80366.0,0.1,638.0,0.044,140100.0,0
AP01337,A,55559.0,11.5,653.0,0.108,87500.0,0
AP01338,A,56396.0,2.9,746.0,0.52,71800.0,1
AP01339,A,54563.0,6.7,599.0,0.071,32300.0,0
AP01340,A,49022.0,2.7,777.0,0.137,29600.0,0
AP01341,A,43545.0,6.0,785.0,0.086,71500.0,1
AP01342,A,81356.0,2.3,667.0,0.205,90000.0,1
AP01343,A,64552.0,5.9,736.0,0.154,44700.0,1
AP01344,A,58977.0,4.3,617.0,0.195,80200.0,0
AP01345,A,78595.0,8.6,672.0,0.122,63700.0,1
AP01346,A,48262.0,3.9,660.0,0.385,48500.0,0
AP01347,A,72067.0,1.1,633.0,0.187,21900.0,0
AP01348,A,61266.0,1.0,759.0,0.13,95700.0,0
AP01349,A,45060.0,1.8,718.0,0.065,69600.0,0
AP01350,A,74334.0,3.7,759.0,0.306,66300.0,0
AP01351,B,42713.0,11.4,664.0,0.35,56800.0,0
AP01352,A,72375.0,2.2,684.0,0.394,93800.0,0
AP01353,A,45104.0,14.1,662.0,0.219,80200.0,0
AP01354,A,68048.0,7.4,586.0,0.176,21000.0,0
AP01355,A,85281.0,23.7,768.0,0.217,128200.0,1
AP01356,B,32918.0,1.3,671.0,0.142,43400.0,0
AP01357,A,50066.0,20.2,719.0,0.204,52200.0,1
AP01358,A,60227.0,15.4,799.0,0.39,24300.0,0
AP01359,A,54201.0,33.7,656.0,0.281,82800.0,0
AP01360,A,39906.0,15.0,805.0,0.033,44500.0,0
AP01361,A,41066.0,7.2,566.0,0.141,22900.0,0
AP01362,A,61452.0,15.3,792.0,0.056,44100.0,1
AP01363,A,70191.0,3.0,751.0,0.168,126100.0,0
AP01364,B,22442.0,4.2,562.0,0.128,31200.0,0
AP01365,A,59353.0,3.5,605.0,0.338,57400.0,0
AP01366,B,44980.0,6.6,577.0,0.47,66300.0,0
AP01367,A,62542.0,10.3,653.0,0.153,44200.0,0
AP01368,A,42816.0,40.0,779.0,0.361,57200.0,1
AP01369,A,78911.0,7.7,724.0,0.054,37900.0,0
AP01370,A,39012.0,3.3,704.0,0.196,9400.0,0
AP01371,B,65652.0,4.0,771.0,0.271,30700.0,1
AP01372,B,27151.0,1.4,676.0,0.14,9400.0,0
AP01373,A,24372.0,2.5,614.0,0.45,21000.0,1
AP01374,A,65058.0,4.9,638.0,0.153,38800.0,1
AP01375,B,60112.0,3.4,686.0,0.032,102300.0,0
AP01376,B,56384.0,10.9,737.0,0.221,49700.0,1
AP01377,A,46877.0,3.3,619.0,0.068,80100.0,1
AP01378,B,61731.0,6.9,636.0,0.363,57500.0,0
AP01379,B,41346.0,13.9,588.0,0.185,72500.0,0
AP01380,B,54220.0,3.7,583.0,0.293,66000.0,0
AP01381,A,69925.0,2.0,624.0,0.213,57100.0,0
AP01382,A,48638.0,3.5,571.0,0.285,42500.0,0
AP01383,A,44026.0,10.9,639.0,0.283,22900.0,0
AP01384,A,52026.0,7.5,611.0,0.093,23200.0,0
AP01385,B,63726.0,11.0,593.0,0.169,15200.0,0
AP01386,A,61446.0,1.3,624.0,0.297,77000.0,0
AP01387,A,58524.0,15.1,584.0,0.078,36500.0,0
AP01388,A,61566.0,5.6,786.0,0.261,69600.0,0
AP01389,A,37176.0,6.3,544.0,0.202,66400.0,1
AP01390,A,12086.0,1.3,746.0,0.186,7400.0,0
AP01391,B,16715.0,2.6,717.0,0.225,11900.0,0
AP01392,A,85453.0,9.8,649.0,0.073,55900.0,1
AP01393,A,35281.0,2.7,603.0,0.241,48000.0,0
AP01394,A,48547.0,4.4,622.0,0.143,78000.0,0
AP01395,A,65608.0,4.2,658.0,0.08,86200.0,0
AP01396,A,77142.0,0.1,543.0,0.418,46100.0,0
AP01397,A,71748.0,7.8,760.0,0.207,111200.0,0
AP01398,B,12000.0,4.6,682.0,0.154,12100.0,0
AP01399,A,59330.0,18.6,686.0,0.206,79800.0,1
AP01400,A,67592.0,6.0,684.0,0.131,69300.0,0
AP01401,A,67542.0,3.4,765.0,0.164,79400.0,1
AP01402,A,52646.0,8.5,687.0,0.188,66300.0,0
AP01403,B,49618.0,9.3,579.0,0.274,48800.0,0
AP01404,B,73081.0,2.4,505.0,0.247,90600.0,0
AP01405,B,69719.0,1.1,527.0,0.283,77800.0,0
AP01406,B,44771.0,7.1,642.0,0.1,49200.0,0
AP01407,A,78441.0,12.0,613.0,0.038,107800.0,0
AP01408,A,41657.0,13.2,641.0,0.225,54900.0,0
AP01409,B,39408.0,1.5,723.0,0.284,33800.0,0
AP01410,B,55918.0,2.3,502.0,0.269,64300.0,0
AP01411,B,25392.0,7.4,504.0,0.37,29900.0,0
AP01412,A,73229.0,7.0,838.0,0.236,105200.0,1
AP01413,B,47591.0,4.7,653.0,0.04,58600.0,0
AP01414,A,63289.0,1.8,635.0,0.256,53900.0,0
AP01415,A,31627.0,14.2,654.0,0.115,20100.0,1
AP01416,A,87509.0,1.1,780.0,0.199,135900.0,0
AP01417,A,70729.0,0.4,622.0,0.307,100500.0,0
AP01418,A,59760.0,3.6,687.0,0.173,65100.0,0
AP01419,A,67543.0,8.0,605.0,0.101,43700.0,0
AP01420,A,65993.0,3.0,701.0,0.189,103100.0,0
AP01421,A,85156.0,6.4,627.0,0.111,147700.0,0
AP01422,A,63988.0,0.9,850.0,0.036,101600.0,0
AP01423,B,46958.0,1.4,721.0,0.144,71200.0,0
AP01424,A,55704.0,1.4,651.0,0.057,36400.0,0
AP01425,A,82823.0,15.7,747.0,0.392,108200.0,0
AP01426,B,40315.0,3.9,543.0,0.194,14600.0,1
AP01427,A,52796.0,5.7,643.0,0.557,76300.0,0
AP01428,A,70953.0,16.4,723.0,0.156,91500.0,0
AP01429,A,62257.0,4.8,583.0,0.277,25000.0,0
AP01430,A,70940.0,2.6,792.0,0.251,77100.0,0
AP01431,B,37791.0,2.6,651.0,0.181,45600.0,0
AP01432,A,44394.0,6.2,608.0,0.236,55000.0,0
AP01433,B,49132.0,2.0,663.0,0.179,60100.0,1
AP01434,B,31807.0,2.2,623.0,0.163,19300.0,0
AP01435,A,66397.0,3.8,726.0,0.052,36500.0,1
AP01436,B,48169.0,3.1,656.0,0.185,19400.0,0
AP01437,A,54718.0,13.8,703.0,0.198,21700.0,0
AP01438,A,64458.0,13.6,649.0,0.25,110600.0,0
AP01439,A,50398.0,8.2,683.0,0.265,30700.0,0
AP01440,A,49205.0,10.5,639.0,0.193,36000.0,0
AP01441,A,58890.0,1.9,671.0,0.096,81600.0,1
AP01442,A,34637.0,3.0,639.0,0.189,9100.0,0
AP01443,B,29452.0,3.7,694.0,0.088,38400.0,0
AP01444,A,84232.0,1.7,638.0,0.163,21400.0,0
AP01445,A,58384.0,14.1,506.0,0.099,64800.0,0
AP01446,B,48380.0,13.3,717.0,0.416,24800.0,0
AP01447,A,62357.0,9.4,748.0,0.082,66100.0,0
AP01448,B,38958.0,0.5,534.0,0.098,53400.0,0
AP01449,B,31957.0,1.5,609.0,0.203,43900.0,0
AP01450,A,72842.0,9.8,690.0,0.123,30200.0,1
AP01451,A,39040.0,31.5,778.0,0.166,41800.0,0
AP01452,A,81460.0,10.5,572.0,0.357,75500.0,0
AP01453,A,43135.0,2.2,714.0,0.29,46300.0,0
AP01454,A,63787.0,3.9,566.0,0.268,86200.0,0
AP01455,A,105166.0,20.6,715.0,0.446,21700.0,0
AP01456,A,61625.0,3.9,671.0,0.046,87900.0,0
AP01457,B,49218.0,5.7,590.0,0.161,25800.0,0
AP01458,A,54104.0,5.4,670.0,0.067,36200.0,0
AP01459,B,37336.0,3.7,668.0,0.152,42200.0,0
AP01460,B,42459.0,2.3,643.0,0.193,21600.0,0
AP01461,A,67565.0,10.4,585.0,0.013,63500.0,1
AP01462,A,45185.0,7.3,702.0,0.394,42200.0,1
AP01463,A,44076.0,8.5,704.0,0.24,13000.0,0
AP01464,A,66122.0,11.8,634.0,0.47,92100.0,0
AP01465,B,24552.0,1.9,602.0,0.356,19300.0,0
AP01466,A,45383.0,17.9,686.0,0.319,70300.0,1
AP01467,A,71508.0,2.1,694.0,0.164,103900.0,0
AP01468,A,49408.0,7.1,768.0,0.174,58500.0,0
AP01469,A,44605.0,0.5,624.0,0.422,12900.0,0
AP01470,A,40749.0,7.6,702.0,0.323,41600.0,0
AP01471,A,62814.0,2.6,752.0,0.2,100000.0,0
AP01472,A,53830.0,4.1,647.0,0.291,44600.0,0
AP01473,A,62862.0,4.2,775.0,0.334,77000.0,1
AP01474,B,38014.0,7.5,667.0,0.242,42500.0,1
AP01475,A,92761.0,1.0,568.0,0.116,98200.0,0
AP01476,A,52560.0,17.4,608.0,0.087,92300.0,0
AP01477,A,25826.0,0.9,692.0,0.366,15900.0,0
AP01478,A,62276.0,2.0,759.0,0.296,91500.0,1
AP01479,B,63693.0,9.0,534.0,0.246,49300.0,0
AP01480,B,68684.0,7.0,714.0,0.2,39900.0,1
AP01481,A,32033.0,3.5,684.0,0.316,34500.0,0
AP01482,A,80118.0,0.8,730.0,0.02,45900.0,1
AP01483,A,59684.0,6.2,615.0,0.183,81900.0,0
AP01484,A,59482.0,0.9,677.0,0.201,12100.0,1
AP01485,A,32446.0,4.1,620.0,0.127,35700.0,1
AP01486,A,68545.0,17.6,718.0,0.27,102300.0,0
AP01487,B,52018.0,1.3,706.0,0.034,88700.0,0
AP01488,B,77267.0,23.9,651.0,0.21,116800.0,0
AP01489,B,41141.0,6.1,718.0,0.199,26200.0,0
AP01490,A,38559.0,2.2,672.0,0.433,19900.0,0
AP01491,A,62491.0,3.8,737.0,0.309,63500.0,0
AP01492,A,44215.0,5.4,633.0,0.158,25800.0,0
AP01493,A,67522.0,13.0,687.0,0.519,82800.0,1
AP01494,A,41249.0,1.6,598.0,0.358,15000.0,0
AP01495,A,57975.0,16.3,742.0,0.187,91700.0,0
AP01496,B,51615.0,5.6,600.0,0.304,16900.0,0
AP01497,A,59638.0,1.5,704.0,0.22,79000.0,0
AP01498,A,51225.0,5.2,796.0,0.27,16300.0,1
AP01499,A,46029.0,0.3,797.0,0.318,82500.0,0
AP01500,A,59196.0,25.7,667.0,0.35,48000.0,1
AP01501,A,50084.0,0.0,692.0,0.087,70800.0,0
AP01502,B,17856.0,2.0,709.0,0.11,10500.0,0
AP01503,A,55475.0,12.1,761.0,0.542,75200.0,0
AP01504,A,20918.0,7.8,638.0,0.143,14600.0,0
AP01505,A,59154.0,7.9,739.0,0.204,33100.0,0
AP01506,A,84540.0,40.0,626.0,0.485,115100.0,0
AP01507,B,29015.0,7.3,632.0,0.081,35800.0,0
AP01508,B,42651.0,2.9,555.0,0.081,9200.0,0
AP01509,A,68203.0,2.3,564.0,0.278,99500.0,0
AP01510,A,52037.0,0.1,658.0,0.182,51800.0,0
AP01511,A,36935.0,7.0,721.0,0.377,22200.0,0
AP01512,B,35823.0,4.3,681.0,0.393,49500.0,0
AP01513,B,70534.0,3.8,491.0,0.407,62300.0,0
AP01514,A,70130.0,9.6,847.0,0.332,28100.0,1
AP01515,A,67646.0,0.6,594.0,0.22,69700.0,0
AP01516,A,67129.0,7.6,635.0,0.213,97300.0,0
AP01517,A,59754.0,1.6,632.0,0.071,24600.0,1
AP01518,B,29341.0,1.9,583.0,0.044,14900.0,0
AP01519,A,60451.0,3.9,652.0,0.19,44400.0,0
AP01520,A,65926.0,2.6,671.0,0.22,105300.0,1
AP01521,A,43777.0,3.0,627.0,0.343,69900.0,0
AP01522,A,49279.0,4.2,632.0,0.167,48700.0,0
AP01523,B,28146.0,5.9,630.0,0.017,36800.0,0
AP01524,A,54350.0,6.0,850.0,0.173,59300.0,1
AP01525,B,68185.0,5.7,675.0,0.069,101700.0,1
AP01526,A,62421.0,8.7,693.0,0.156,34200.0,0
AP01527,A,20501.0,9.2,567.0,0.269,23000.0,0
AP01528,B,47140.0,2.3,654.0,0.401,45100.0,0
AP01529,A,72761.0,1.2,740.0,0.162,117400.0,0
AP01530,A,71939.0,9.3,716.0,0.341,72600.0,1
AP01531,A,48739.0,5.4,672.0,0.186,19000.0,0
AP01532,A,40699.0,1.8,817.0,0.129,55900.0,0
AP01533,A,56597.0,31.0,850.0,0.108,82800.0,1
AP01534,A,60629.0,14.5,673.0,0.248,46400.0,0
AP01535,A,46927.0,40.0,613.0,0.378,84000.0,0
AP01536,B,23902.0,2.7,639.0,0.059,42900.0,0
AP01537,A,72207.0,0.9,749.0,0.383,46000.0,0
AP01538,A,70694.0,0.9,626.0,0.107,41800.0,1
AP01539,A,42313.0,14.9,683.0,0.12,46000.0,1
AP01540,A,22850.0,5.0,765.0,0.085,32900.0,1
AP01541,A,60378.0,5.0,716.0,0.243,47200.0,0
AP01542,A,48921.0,1.0,626.0,0.185,12100.0,0
AP01543,A,68060.0,2.0,751.0,0.586,91700.0,0
AP01544,A,88730.0,0.3,628.0,0.162,140600.0,0
AP01545,A,88714.0,9.9,797.0,0.273,22300.0,1
AP01546,A,65308.0,6.7,687.0,0.354,24000.0,0
AP01547,A,79523.0,9.3,553.0,0.218,25200.0,0
AP01548,B,12000.0,1.3,671.0,0.409,9900.0,0
AP01549,A,61176.0,0.1,744.0,0.173,68300.0,0
AP01550,A,65088.0,19.7,817.0,0.123,40600.0,1
AP01551,B,56602.0,9.9,591.0,0.08,92600.0,0
AP01552,A,59789.0,25.5,667.0,0.391,77600.0,0
AP01553,A,51801.0,2.5,850.0,0.317,90100.0,0
AP01554,A,47484.0,3.7,593.0,0.213,68100.0,0
AP01555,A,60547.0,6.0,762.0,0.28,12900.0,1
AP01556,A,49732.0,0.5,578.0,0.196,42700.0,0
AP01557,B,42257.0,2.6,608.0,0.254,64300.0,0
AP01558,B,12000.0,3.2,703.0,0.455,17400.0,1
AP01559,A,85697.0,5.7,746.0,0.395,51700.0,1
AP01560,A,81347.0,1.2,706.0,0.12,18500.0,0
AP01561,B,55862.0,0.6,641.0,0.092,57000.0,1
AP01562,A,79115.0,12.9,718.0,0.169,105600.0,0
AP01563,A,53583.0,0.5,637.0,0.12,45400.0,0
AP01564,B,50655.0,0.2,517.0,0.296,16100.0,1
AP01565,B,12000.0,2.2,432.0,0.455,4600.0,0
AP01566,B,18246.0,6.5,736.0,0.117,30600.0,0
AP01567,A,72130.0,12.3,594.0,0.179,107500.0,0
AP01568,B,34117.0,3.7,724.0,0.398,24400.0,0
AP01569,A,66247.0,1.1,601.0,0.249,103100.0,0
AP01570,A,67220.0,2.2,736.0,0.419,79700.0,0
AP01571,A,58086.0,11.0,571.0,0.112,77200.0,1
AP01572,A,67276.0,12.6,740.0,0.141,114100.0,0
AP01573,B,24023.0,0.5,579.0,0.121,15700.0,0
AP01574,B,29604.0,8.4,681.0,0.214,51300.0,0
AP01575,A,39864.0,5.4,778.0,0.195,42400.0,0
AP01576,A,71367.0,0.8,798.0,0.179,73000.0,1
AP01577,A,68788.0,27.2,667.0,0.222,116700.0,0
AP01578,A,72863.0,11.4,653.0,0.289,102600.0,0
AP01579,B,48973.0,1.1,660.0,0.451,69200.0,0
AP01580,B,62668.0,0.1,645.0,0.041,13700.0,1
AP01581,B,59519.0,1.1,713.0,0.15,105800.0,0
AP01582,B,72695.0,1.1,611.0,0.281,78600.0,1
AP01583,A,47852.0,4.9,811.0,0.183,36600.0,1
AP01584,A,85323.0,2.4,693.0,0.149,108200.0,0
AP01585,A,52752.0,4.5,656.0,0.158,43600.0,0
AP01586,A,77859.0,6.3,794.0,0.123,137400.0,1
AP01587,B,70835.0,0.5,736.0,0.091,48100.0,1
AP01588,A,66183.0,9.5,682.0,0.117,24400.0,1
AP01589,A,54533.0,16.5,727.0,0.348,17300.0,0
AP01590,A,76839.0,2.4,734.0,0.357,37200.0,0
AP01591,A,55935.0,3.3,597.0,0.269,23300.0,1
AP01592,B,51716.0,2.5,674.0,0.142,15000.0,0
AP01593,A,68676.0,4.8,600.0,0.252,65800.0,0
AP01594,A,40550.0,10.1,628.0,0.137,71400.0,0
AP01595,B,27201.0,2.4,678.0,0.112,44000.0,0
AP01596,B,33655.0,4.0,720.0,0.139,55900.0,0
AP01597,A,29008.0,3.3,711.0,0.194,8100.0,0
AP01598,A,73992.0,15.5,626.0,0.17,61200.0,0
AP01599,A,54179.0,7.1,649.0,0.155,50200.0,0
AP01600,B,64184.0,0.6,574.0,0.051,45800.0,0
AP01601,B,59682.0,3.6,602.0,0.184,77400.0,0
AP01602,A,71860.0,0.4,666.0,0.149,30400.0,0
AP01603,A,51108.0,9.7,756.0,0.275,79200.0,0
AP01604,A,58093.0,5.4,645.0,0.033,33700.0,1
AP01605,A,74773.0,3.3,647.0,0.103,36100.0,1
AP01606,A,73978.0,7.6,655.0,0.376,115200.0,0
AP01607,A,60273.0,10.2,644.0,0.395,49000.0,0
AP01608,A,48027.0,4.2,744.0,0.499,67700.0,1
AP01609,A,45044.0,1.5,581.0,0.209,66700.0,0
AP01610,A,51030.0,6.6,717.0,0.231,64900.0,1
AP01611,A,72781.0,12.7,554.0,0.38,117300.0,0
AP01612,A,71056.0,3.4,563.0,0.251,57900.0,0
AP01613,A,66413.0,2.1,686.0,0.273,106400.0,0
AP01614,A,84954.0,3.3,707.0,0.197,78700.0,1
AP01615,A,56158.0,2.7,676.0,0.126,68300.0,0
AP01616,A,54813.0,11.0,541.0,0.146,64300.0,0
AP01617,B,30934.0,1.7,558.0,0.153,55400.0,0
AP01618,A,93834.0,5.3,764.0,0.088,49800.0,0
AP01619,A,26317.0,8.0,626.0,0.222,43300.0,0
AP01620,A,66282.0,6.5,779.0,0.151,22900.0,1
AP01621,B,58247.0,7.8,754.0,0.116,27900.0,0
AP01622,B,37181.0,1.1,633.0,0.307,51100.0,0
AP01623,B,25549.0,2.8,633.0,0.169,17100.0,0
AP01624,A,81313.0,10.4,614.0,0.204,85400.0,0
AP01625,B,83362.0,0.1,587.0,0.075,32500.0,0
AP01626,A,46165.0,1.3,666.0,0.198,26800.0,0
AP01627,A,69908.0,7.2,733.0,0.176,82700.0,1
AP01628,A,55142.0,0.9,660.0,0.167,85600.0,0
AP01629,A,62227.0,26.6,730.0,0.072,51200.0,0
AP01630,A,64899.0,14.0,747.0,0.222,16900.0,1
AP01631,A,53322.0,6.1,793.0,0.287,92100.0,0
AP01632,A,72258.0,5.4,759.0,0.246,31400.0,0
AP01633,A,89204.0,6.4,690.0,0.348,130700.0,0
AP01634,B,38217.0,19.3,769.0,0.134,24200.0,0
AP01635,B,34626.0,1.5,607.0,0.358,22600.0,0
AP01636,A,28797.0,14.0,627.0,0.012,36500.0,0
AP01637,A,80028.0,22.2,602.0,0.115,78100.0,1
AP01638,B,61799.0,3.3,566.0,0.215,99000.0,0
AP01639,A,58346.0,7.0,624.0,0.183,83600.0,0
AP01640,A,53541.0,4.2,727.0,0.302,25300.0,1
AP01641,A,72813.0,7.3,791.0,0.412,75600.0,0
AP01642,A,47945.0,4.8,702.0,0.455,64100.0,0
AP01643,A,75174.0,4.9,648.0,0.438,18200.0,0
AP01644,A,43391.0,4.7,715.0,0.134,61500.0,1
AP01645,A,46101.0,8.0,797.0,0.495,73400.0,0
AP01646,A,61986.0,16.3,621.0,0.145,78200.0,0
AP01647,A,37054.0,3.9,625.0,0.406,8500.0,0
AP01648,A,61766.0,4.8,652.0,0.184,64000.0,0
AP01649,A,70753.0,0.8,742.0,0.112,82300.0,0
AP01650,A,39479.0,13.7,745.0,0.323,28500.0,1
AP01651,B,40843.0,2.9,799.0,0.245,69300.0,1
AP01652,B,54030.0,4.1,594.0,0.209,82500.0,0
AP01653,A,71064.0,0.2,751.0,0.053,26100.0,1
AP01654,B,31797.0,6.3,615.0,0.075,9500.0,0
AP01655,A,54076.0,4.2,678.0,0.064,15200.0,1
AP01656,A,52950.0,3.6,718.0,0.057,74200.0,0
AP01657,A,32944.0,0.2,737.0,0.075,13200.0,1
AP01658,A,50040.0,1.5,736.0,0.147,31700.0,1
AP01659,A,48787.0,0.5,588.0,0.101,33400.0,0
AP01660,A,89604.0,1.5,683.0,0.353,138100.0,0
AP01661,A,79043.0,7.0,647.0,0.238,70400.0,1
AP01662,A,38684.0,0.1,704.0,0.241,62400.0,0
AP01663,B,41389.0,8.1,705.0,0.062,58400.0,0
AP01664,A,65606.0,12.0,681.0,0.309,96600.0,0
AP01665,A,55431.0,1.4,705.0,0.477,22300.0,0
AP01666,A,69668.0,0.1,842.0,0.18,124400.0,0
AP01667,A,75231.0,17.7,818.0,0.093,83000.0,1
AP01668,A,52255.0,19.6,755.0,0.393,39600.0,1
AP01669,B,46080.0,3.8,653.0,0.083,14600.0,0
AP01670,A,64680.0,0.5,832.0,0.143,113300.0,0
AP01671,A,45263.0,1.7,643.0,0.24,44600.0,0
AP01672,A,65007.0,0.7,563.0,0.174,90000.0,0
AP01673,A,60531.0,2.2,674.0,0.364,64500.0,1
AP01674,B,69088.0,3.0,591.0,0.607,37100.0,0
AP01675,B,44853.0,6.3,657.0,0.051,55500.0,0
AP01676,A,67062.0,1.3,611.0,0.138,72400.0,0
AP01677,A,76685.0,8.0,659.0,0.23,117000.0,1
AP01678,A,67496.0,7.1,655.0,0.217,59100.0,1
AP01679,A,47497.0,4.0,713.0,0.107,75300.0,0
AP01680,A,74553.0,7.2,731.0,0.015,33600.0,0
AP01681,B,42092.0,1.3,682.0,0.287,67000.0,0
AP01682,B,72718.0,16.6,664.0,0.139,59200.0,0
AP01683,A,81549.0,0.6,739.0,0.439,110000.0,0
AP01684,A,46716.0,32.5,800.0,0.024,56900.0,0
AP01685,A,59582.0,2.3,670.0,0.195,102300.0,0
AP01686,A,51871.0,15.4,671.0,0.137,45000.0,0
AP01687,A,47212.0,8.2,720.0,0.207,37700.0,0
AP01688,A,95710.0,3.3,730.0,0.134,128900.0,0
AP01689,A,77764.0,1.3,689.0,0.224,69000.0,0
AP01690,B,57226.0,1.5,747.0,0.262,79300.0,0
AP01691,A,69131.0,7.4,620.0,0.031,38800.0,1
AP01692,A,52591.0,2.5,561.0,0.144,92300.0,0
AP01693,A,81288.0,1.4,645.0,0.19,143900.0,1
AP01694,B,52513.0,4.1,663.0,0.297,29400.0,0
AP01695,A,59024.0,4.9,681.0,0.285,13500.0,0
AP01696,A,64362.0,2.3,648.0,0.172,53400.0,0
AP01697,A,68425.0,6.9,620.0,0.349,28300.0,0
AP01698,A,62472.0,35.8,700.0,0.261,72400.0,0
AP01699,A,58271.0,7.7,720.0,0.08,12000.0,0
AP01700,B,30212.0,1.3,680.0,0.29,34600.0,0
AP01701,A,70573.0,6.2,659.0,0.031,96900.0,0
AP01702,A,42979.0,23.1,691.0,0.262,60700.0,1
AP01703,A,61941.0,3.7,647.0,0.205,25900.0,0
AP01704,B,55590.0,3.0,539.0,0.159,78100.0,1
AP01705,A,53800.0,10.1,648.0,0.131,29900.0,0
AP01706,B,43531.0,1.9,656.0,0.034,40400.0,0
AP01707,B,61559.0,2.3,548.0,0.084,78400.0,0
AP01708,A,55833.0,6.9,714.0,0.103,15400.0,0
AP01709,A,47646.0,24.9,750.0,0.245,53700.0,0
AP01710,A,71149.0,13.0,673.0,0.241,25300.0,1
AP01711,A,54111.0,10.7,676.0,0.042,81700.0,0
AP01712,A,62804.0,8.8,692.0,0.316,44500.0,1
AP01713,B,12000.0,4.7,617.0,0.287,6600.0,0
AP01714,A,35125.0,6.0,677.0,0.424,24600.0,0
AP01715,A,69588.0,6.4,627.0,0.203,60000.0,0
AP01716,A,49407.0,4.6,730.0,0.307,67100.0,0
AP01717,A,57706.0,3.1,691.0,0.178,88600.0,0
AP01718,A,60095.0,40.0,824.0,0.319,62100.0,1
AP01719,A,75584.0,13.6,631.0,0.182,97800.0,0
AP01720,A,74400.0,1.7,661.0,0.233,128500.0,0
AP01721,A,91677.0,9.8,684.0,0.195,76700.0,0
AP01722,A,64966.0,1.7,552.0,0.318,85100.0,0
AP01723,B,43636.0,27.4,596.0,0.352,43000.0,0
AP01724,A,53541.0,5.4,548.0,0.161,58000.0,0
AP01725,A,72982.0,11.2,642.0,0.285,31800.0,1
AP01726,A,88938.0,12.4,697.0,0.202,134100.0,0
AP01727,A,67726.0,0.4,696.0,0.269,115900.0,0
AP01728,A,52305.0,8.7,761.0,0.055,62400.0,1
AP01729,A,66610.0,4.3,703.0,0.068,67100.0,1
AP01730,A,66297.0,6.5,758.0,0.161,22900.0,1
AP01731,A,62546.0,0.7,725.0,0.111,60900.0,0
AP01732,B,49910.0,3.9,460.0,0.034,49900.0,0
AP01733,B,39496.0,16.6,587.0,0.23,33900.0,1
AP01734,A,52976.0,1.1,580.0,0.148,20700.0,0
AP01735,A,79698.0,26.6,733.0,0.216,113700.0,1
AP01736,A,65572.0,2.6,777.0,0.133,67100.0,0
AP01737,A,24874.0,7.4,784.0,0.022,42400.0,0
AP01738,B,54581.0,2.5,560.0,0.197,45900.0,0
AP01739,A,30948.0,9.7,689.0,0.172,35100.0,1
AP01740,A,95446.0,7.0,592.0,0.21,42500.0,1
AP01741,A,65201.0,15.0,740.0,0.437,52200.0,0
AP01742,A,41772.0,12.4,704.0,0.327,51100.0,1
AP01743,A,75412.0,2.2,669.0,0.04,58400.0,0
AP01744,B,27039.0,5.5,635.0,0.165,27500.0,0
AP01745,A,71439.0,11.6,592.0,0.241,108700.0,1
AP01746,A,62364.0,8.7,654.0,0.381,89200.0,1
AP01747,A,42166.0,4.9,745.0,0.415,49200.0,0
AP01748,B,74709.0,0.4,688.0,0.333,33400.0,0
AP01749,A,39486.0,1.7,626.0,0.519,57200.0,0
AP01750,A,84533.0,0.4,743.0,0.293,121700.0,0
AP01751,B,75784.0,3.9,699.0,0.225,75800.0,0
AP01752,B,42618.0,3.7,646.0,0.139,16800.0,1
AP01753,B,43334.0,0.0,521.0,0.085,71000.0,0
AP01754,B,45589.0,8.6,665.0,0.19,49300.0,0
AP01755,A,86396.0,0.5,678.0,0.333,28800.0,0
AP01756,A,40870.0,12.3,727.0,0.181,15700.0,1
AP01757,A,89675.0,7.4,611.0,0.149,76700.0,0
AP01758,A,64809.0,9.1,774.0,0.079,103700.0,1
AP01759,B,70984.0,9.2,661.0,0.253,86300.0,0
AP01760,A,60538.0,5.1,850.0,0.291,16600.0,0
AP01761,A,57486.0,11.4,541.0,0.37,89100.0,0
AP01762,A,86055.0,16.1,627.0,0.186,120500.0,1
AP01763,A,64524.0,1.9,582.0,0.32,57100.0,1
AP01764,A,31029.0,1.8,690.0,0.088,8100.0,0
AP01765,A,97185.0,5.8,716.0,0.171,54100.0,1
AP01766,B,45967.0,1.3,719.0,0.223,9700.0,0
AP01767,A,43698.0,1.3,700.0,0.129,48100.0,0
AP01768,A,56009.0,3.4,702.0,0.146,66500.0,0
AP01769,B,44764.0,1.4,520.0,0.061,75500.0,0
AP01770,B,44283.0,7.1,635.0,0.295,13700.0,0
AP01771,A,68627.0,0.4,606.0,0.199,27900.0,0
AP01772,B,43296.0,4.5,610.0,0.283,23800.0,0
AP01773,B,45190.0,1.6,558.0,0.108,59600.0,0
AP01774,A,48548.0,4.3,638.0,0.139,33800.0,1
AP01775,A,76238.0,12.9,611.0,0.092,81000.0,0
AP01776,B,42266.0,7.1,770.0,0.165,12200.0,1
AP01777,B,54231.0,1.4,665.0,0.388,33200.0,0
AP01778,A,48432.0,1.8,813.0,0.24,15800.0,0
AP01779,A,75254.0,1.8,538.0,0.174,68500.0,0
AP01780,B,40385.0,1.5,619.0,0.317,24600.0,0
AP01781,A,49224.0,5.8,692.0,0.161,48400.0,0
AP01782,A,84901.0,4.5,725.0,0.052,118100.0,0
AP01783,A,64077.0,4.5,704.0,0.193,74000.0,1
AP01784,A,46975.0,1.9,850.0,0.639,51700.0,1
AP01785,B,43498.0,0.9,514.0,0.391,63500.0,0
AP01786,A,79104.0,7.4,572.0,0.334,118600.0,0
AP01787,A,41408.0,3.0,726.0,0.055,22900.0,0
AP01788,A,85179.0,7.5,628.0,0.049,77400.0,0
AP01789,A,73518.0,20.1,697.0,0.123,117800.0,1
AP01790,B,24890.0,4.4,634.0,0.233,7900.0,0
AP01791,A,84814.0,11.1,832.0,0.25,39500.0,0
AP01792,A,91413.0,3.3,617.0,0.345,133800.0,0
AP01793,B,58497.0,0.9,605.0,0.189,87400.0,0
AP01794,A,64870.0,13.9,718.0,0.277,97000.0,0
AP01795,A,93075.0,20.4,700.0,0.099,75800.0,1
AP01796,B,31252.0,2.0,673.0,0.352,54800.0,0
AP01797,A,46397.0,0.8,615.0,0.286,41700.0,0
AP01798,B,30264.0,3.5,603.0,0.279,43300.0,1
AP01799,B,40406.0,3.6,585.0,0.452,25400.0,0
AP01800,A,55082.0,0.2,662.0,0.497,38300.0,0
AP01801,A,36781.0,18.4,600.0,0.053,64700.0,0
AP01802,A,77197.0,1.1,649.0,0.063,77200.0,0
AP01803,A,63411.0,8.3,670.0,0.393,36700.0,1
AP01804,A,63665.0,25.8,675.0,0.168,85300.0,0
AP01805,A,85741.0,7.9,587.0,0.074,142700.0,0
AP01806,A,52472.0,2.3,697.0,0.205,90400.0,0
AP01807,A,61040.0,7.1,767.0,0.119,106400.0,0
AP01808,A,66620.0,3.9,676.0,0.02,66700.0,0
AP01809,B,34202.0,0.5,604.0,0.437,42700.0,0
AP01810,B,48889.0,16.2,532.0,0.118,85400.0,0
AP01811,A,74933.0,1.9,656.0,0.088,49000.0,0
AP01812,A,61854.0,1.2,616.0,0.219,78000.0,0
AP01813,A,84471.0,12.0,602.0,0.3,45700.0,0
AP01814,A,49323.0,2.6,636.0,0.446,21100.0,1
AP01815,A,65407.0,0.7,674.0,0.322,45800.0,0
AP01816,B,51305.0,1.3,570.0,0.052,33400.0,0
AP01817,A,60003.0,21.9,668.0,0.207,63100.0,0
AP01818,A,50133.0,4.7,809.0,0.424,76500.0,0
AP01819,B,43517.0,3.9,655.0,0.217,32000.0,0
AP01820,A,74582.0,7.2,705.0,0.376,113800.0,0
AP01821,B,62267.0,3.9,749.0,0.337,35800.0,0
AP01822,A,93200.0,0.8,713.0,0.673,74000.0,0
AP01823,B,40570.0,10.2,632.0,0.203,68400.0,0
AP01824,B,57346.0,5.3,603.0,0.35,52700.0,0
AP01825,B,39938.0,0.9,579.0,0.279,10200.0,0
AP01826,B,56776.0,8.8,699.0,0.116,27200.0,1
AP01827,A,61497.0,10.3,624.0,0.301,107500.0,0
AP01828,B,56115.0,9.0,731.0,0.456,51500.0,0
AP01829,A,51045.0,18.4,693.0,0.296,14400.0,0
AP01830,A,57081.0,3.5,693.0,0.283,44600.0,0
AP01831,A,33981.0,33.3,699.0,0.268,33500.0,1
AP01832,A,87257.0,0.7,637.0,0.251,28300.0,0
AP01833,A,42674.0,15.3,603.0,0.31,11400.0,1
AP01834,A,50612.0,3.1,835.0,0.232,83900.0,0
AP01835,B,35726.0,0.0,672.0,0.428,28700.0,1
AP01836,A,34397.0,2.3,750.0,0.283,13700.0,0
AP01837,B,40515.0,5.4,446.0,0.138,11000.0,0
AP01838,A,77910.0,4.8,740.0,0.37,126900.0,0
AP01839,A,56697.0,3.0,759.0,0.308,83400.0,1
AP01840,B,50270.0,1.1,553.0,0.254,87800.0,0
AP01841,B,21767.0,3.3,593.0,0.481,12700.0,0
AP01842,B,37398.0,6.5,619.0,0.232,28500.0,0
AP01843,A,85570.0,4.5,748.0,0.248,25700.0,0
AP01844,A,62921.0,3.3,580.0,0.063,42100.0,0
AP01845,B,17337.0,3.6,605.0,0.108,4300.0,0
AP01846,A,46581.0,18.2,715.0,0.059,28700.0,1
AP01847,B,30390.0,5.2,820.0,0.017,49000.0,0
AP01848,B,72200.0,3.0,537.0,0.09,19100.0,0
AP01849,A,40349.0,1.0,768.0,0.353,51600.0,1
AP01850,B,76828.0,1.6,584.0,0.425,99500.0,0
AP01851,A,32097.0,0.3,685.0,0.053,54100.0,1
AP01852,B,50926.0,8.2,691.0,0.069,89200.0,1
AP01853,A,64662.0,5.5,701.0,0.248,91500.0,0
AP01854,A,100432.0,6.7,850.0,0.326,31700.0,1
AP01855,A,59916.0,0.4,698.0,0.477,62500.0,0
AP01856,A,54585.0,0.3,620.0,0.169,54100.0,0
AP01857,A,49929.0,0.2,574.0,0.087,77500.0,0
AP01858,A,76523.0,1.1,765.0,0.266,123700.0,1
AP01859,B,40562.0,0.3,634.0,0.067,20200.0,0
AP01860,B,12000.0,2.5,716.0,0.136,7900.0,1
AP01861,A,66204.0,1.8,787.0,0.243,105900.0,0
AP01862,B,55068.0,4.6,505.0,0.129,72800.0,0
AP01863,A,46622.0,2.3,636.0,0.371,18900.0,0
AP01864,A,79971.0,0.2,639.0,0.041,30100.0,0
AP01865,B,38913.0,5.4,640.0,0.102,67500.0,1
AP01866,A,54401.0,2.0,688.0,0.372,79600.0,0
AP01867,A,71025.0,2.9,725.0,0.53,91100.0,0
AP01868,B,38128.0,8.1,736.0,0.132,59000.0,0
AP01869,A,51425.0,11.0,648.0,0.343,58500.0,0
AP01870,A,57704.0,6.0,709.0,0.156,59900.0,1
AP01871,B,40885.0,7.5,629.0,0.202,50500.0,0
AP01872,A,59478.0,4.7,734.0,0.476,30000.0,0
AP01873,B,47443.0,0.5,690.0,0.176,67200.0,0
AP01874,A,54858.0,7.3,495.0,0.084,46300.0,0
AP01875,B,79496.0,3.7,770.0,0.389,87700.0,0
AP01876,B,38006.0,3.7,605.0,0.072,56000.0,0
AP01877,A,39028.0,17.5,576.0,0.248,63500.0,0
AP01878,A,45310.0,8.9,691.0,0.518,26300.0,0
AP01879,A,72955.0,17.3,730.0,0.076,83300.0,0
AP01880,A,53300.0,2.8,698.0,0.375,52100.0,1
AP01881,A,47442.0,20.5,738.0,0.348,64200.0,0
AP01882,A,73219.0,7.5,683.0,0.176,110800.0,1
AP01883,A,71621.0,14.6,764.0,0.068,106600.0,1
AP01884,B,48028.0,5.5,535.0,0.336,63800.0,0
AP01885,A,51284.0,15.4,655.0,0.102,30800.0,1
AP01886,A,73301.0,6.9,623.0,0.31,48900.0,0
AP01887,A,68245.0,7.9,564.0,0.369,97800.0,0
AP01888,A,47697.0,0.1,679.0,0.173,76900.0,0
AP01889,B,67568.0,4.5,682.0,0.393,36500.0,0
AP01890,A,61497.0,0.9,674.0,0.242,78200.0,1
AP01891,A,81073.0,2.7,620.0,0.252,24700.0,1
AP01892,A,47140.0,3.7,659.0,0.062,40400.0,1
AP01893,A,77124.0,25.4,757.0,0.221,123700.0,1
AP01894,B,37206.0,0.9,681.0,0.164,13600.0,0
AP01895,A,44713.0,9.0,773.0,0.191,40100.0,1
AP01896,A,80070.0,2.4,719.0,0.239,96400.0,1
AP01897,A,77588.0,1.8,658.0,0.136,58200.0,0
AP01898,A,39383.0,10.7,844.0,0.236,31700.0,1
AP01899,B,61545.0,3.3,580.0,0.183,96400.0,1
AP01900,A,42331.0,1.7,572.0,0.173,60800.0,0
AP01901,A,46230.0,27.8,644.0,0.092,42500.0,0
AP01902,B,24502.0,2.6,705.0,0.289,18700.0,0
AP01903,B,65315.0,0.8,730.0,0.08,35400.0,0
AP01904,A,72009.0,7.4,707.0,0.146,105600.0,1
AP01905,B,48223.0,8.9,497.0,0.225,75100.0,0
AP01906,A,85479.0,3.1,788.0,0.138,63200.0,0
AP01907,A,68960.0,4.4,715.0,0.206,36100.0,0
AP01908,B,46237.0,5.3,544.0,0.196,62500.0,0
AP01909,B,34793.0,2.7,549.0,0.076,30400.0,0
AP01910,A,65329.0,7.7,809.0,0.137,50800.0,1
AP01911,A,17664.0,6.2,779.0,0.408,4500.0,0
AP01912,A,54205.0,7.7,630.0,0.089,29700.0,1
AP01913,A,43457.0,8.8,775.0,0.071,65000.0,0
AP01914,A,63588.0,19.7,709.0,0.251,84700.0,0
AP01915,B,13581.0,6.7,640.0,0.137,5600.0,0
AP01916,B,52482.0,11.6,669.0,0.342,66800.0,0
AP01917,B,51984.0,2.0,680.0,0.182,78400.0,0
AP01918,B,61931.0,11.0,648.0,0.192,25400.0,0
AP01919,A,58604.0,0.3,779.0,0.166,96300.0,0
AP01920,B,22311.0,10.8,512.0,0.241,8900.0,0
AP01921,A,78832.0,15.0,595.0,0.127,39100.0,0
AP01922,B,60700.0,6.3,697.0,0.036,83800.0,0
AP01923,A,61827.0,0.2,708.0,0.194,28600.0,0
AP01924,A,67141.0,7.6,641.0,0.184,90800.0,0
AP01925,B,35657.0,3.2,656.0,0.042,46400.0,0
AP01926,A,61119.0,3.1,740.0,0.22,64300.0,1
AP01927,A,80008.0,1.0,652.0,0.131,77900.0,0
AP01928,A,80692.0,8.2,604.0,0.206,127100.0,0
AP01929,B,35460.0,1.0,692.0,0.476,54300.0,0
AP01930,A,57149.0,13.7,808.0,0.095,31800.0,1
AP01931,B,65301.0,3.3,611.0,0.246,74400.0,0
AP01932,A,84960.0,3.7,723.0,0.1,134000.0,0
AP01933,A,71126.0,6.5,731.0,0.039,32800.0,0
AP01934,A,54632.0,2.2,716.0,0.132,77200.0,0
AP01935,A,24167.0,3.5,606.0,0.267,12500.0,0
AP01936,B,26984.0,0.6,580.0,0.05,29900.0,0
AP01937,B,42322.0,0.6,638.0,0.31,57800.0,0
AP01938,A,83759.0,2.7,638.0,0.226,103600.0,0
AP01939,B,66905.0,17.9,758.0,0.018,119000.0,1
AP01940,A,48978.0,10.9,637.0,0.128,76500.0,1
AP01941,A,57157.0,12.5,618.0,0.095,35100.0,0
AP01942,B,39336.0,2.0,571.0,0.538,16100.0,0
AP01943,B,60802.0,2.2,658.0,0.066,86600.0,0
AP01944,A,38443.0,15.8,756.0,0.27,20400.0,0
AP01945,B,47977.0,1.1,659.0,0.215,55900.0,0
AP01946,A,40403.0,3.7,808.0,0.179,70800.0,0
AP01947,A,31733.0,4.2,641.0,0.194,27900.0,0
AP01948,B,39419.0,9.5,614.0,0.074,30300.0,0
AP01949,A,104448.0,1.4,661.0,0.168,143000.0,1
AP01950,A,89454.0,16.9,547.0,0.464,142600.0,0
AP01951,A,62768.0,5.9,750.0,0.414,51700.0,0
AP01952,A,55377.0,20.0,713.0,0.282,71700.0,1
AP01953,B,38870.0,3.0,544.0,0.054,21300.0,0
AP01954,B,44514.0,1.1,718.0,0.171,48200.0,0
AP01955,A,36239.0,6.5,726.0,0.268,24200.0,1
AP01956,A,29029.0,15.5,667.0,0.174,9400.0,0
AP01957,B,45955.0,6.3,630.0,0.254,56500.0,0
AP01958,B,45790.0,6.0,548.0,0.373,28400.0,0
AP01959,B,44536.0,0.3,819.0,0.143,11400.0,1
AP01960,A,66199.0,4.7,682.0,0.394,113700.0,1
AP01961,A,88119.0,3.0,640.0,0.19,89200.0,0
AP01962,A,51186.0,1.9,654.0,0.39,54200.0,0
AP01963,A,70808.0,12.1,644.0,0.198,78400.0,0
AP01964,A,89477.0,11.3,578.0,0.225,142100.0,0
AP01965,A,80087.0,1.7,612.0,0.3,113500.0,0
AP01966,A,53845.0,0.1,703.0,0.379,19300.0,0
AP01967,A,77862.0,0.1,747.0,0.255,116700.0,1
AP01968,A,50207.0,5.1,606.0,0.201,48200.0,0
AP01969,A,36694.0,2.2,718.0,0.366,9100.0,0
AP01970,A,71292.0,5.6,661.0,0.279,128100.0,0
AP01971,A,86856.0,8.4,846.0,0.292,35700.0,1
AP01972,B,12000.0,3.7,683.0,0.332,3500.0,1
AP01973,B,31712.0,9.6,708.0,0.471,46400.0,0
AP01974,A,77455.0,14.6,715.0,0.371,103600.0,1
AP01975,B,36249.0,13.9,772.0,0.395,31300.0,1
AP01976,A,53816.0,0.8,676.0,0.143,41300.0,0
AP01977,B,24313.0,1.5,649.0,0.304,27900.0,1
AP01978,A,80081.0,5.7,807.0,0.362,109600.0,1
AP01979,A,77791.0,20.0,790.0,0.108,33800.0,1
AP01980,B,29782.0,12.0,580.0,0.244,30300.0,0
AP01981,A,31142.0,0.4,618.0,0.049,22000.0,0
AP01982,A,35439.0,0.7,691.0,0.138,43000.0,0
AP01983,B,44327.0,5.8,745.0,0.048,54100.0,1
AP01984,A,76324.0,3.6,698.0,0.352,68700.0,0
AP01985,B,57497.0,6.9,809.0,0.525,76000.0,1
AP01986,A,57594.0,0.8,689.0,0.056,90600.0,1
AP01987,A,69034.0,0.2,597.0,0.4,21200.0,0
AP01988,A,52323.0,0.6,612.0,0.073,65900.0,0
AP01989,A,56418.0,0.8,729.0,0.162,46700.0,0
AP01990,B,41065.0,7.2,641.0,0.116,31400.0,0
AP01991,A,66610.0,9.8,770.0,0.02,65600.0,1
AP01992,A,54522.0,5.6,617.0,0.02,14500.0,1
AP01993,A,79025.0,3.3,656.0,0.252,61200.0,0
AP01994,A,74880.0,12.5,678.0,0.29,73100.0,0
AP01995,B,47794.0,3.8,720.0,0.055,60800.0,0
AP01996,A,94873.0,10.5,672.0,0.106,23700.0,1
AP01997,A,41907.0,4.1,636.0,0.048,21700.0,0
AP01998,B,52330.0,2.9,753.0,0.101,29600.0,0
AP01999,A,81403.0,1.8,613.0,0.259,41100.0,0
AP02000,A,84954.0,2.7,683.0,0.209,104100.0,1
AP02001,A,22456.0,7.1,690.0,0.096,15200.0,0
AP02002,A,79942.0,17.3,671.0,0.233,84000.0,0
AP02003,B,57130.0,3.5,559.0,0.069,101600.0,0
AP02004,B,52576.0,8.8,527.0,0.393,83500.0,0
AP02005,A,22096.0,10.9,651.0,0.187,8400.0,0
AP02006,A,49860.0,11.6,841.0,0.318,73200.0,0
AP02007,A,60227.0,1.6,791.0,0.055,30400.0,0
AP02008,A,53997.0,4.6,731.0,0.183,88400.0,0
AP02009,A,86070.0,40.0,671.0,0.128,134000.0,1
AP02010,A,49812.0,16.1,798.0,0.129,22100.0,1
AP02011,A,84064.0,4.0,714.0,0.185,55200.0,1
AP02012,B,29312.0,0.7,618.0,0.148,11400.0,0
AP02013,A,35875.0,6.7,681.0,0.2,29300.0,1
AP02014,B,35296.0,4.7,561.0,0.245,59000.0,0
AP02015,A,53569.0,7.3,712.0,0.44,64000.0,1
AP02016,B,40528.0,6.5,552.0,0.051,55700.0,0
AP02017,A,79857.0,2.5,540.0,0.312,96900.0,0
AP02018,B,55987.0,29.9,672.0,0.256,98500.0,0
AP02019,A,78349.0,5.7,696.0,0.061,25200.0,0
AP02020,A,33685.0,1.6,750.0,0.117,30900.0,1
AP02021,B,56455.0,3.3,649.0,0.178,19000.0,0
AP02022,A,55935.0,4.7,760.0,0.319,32800.0,1
AP02023,A,70251.0,6.2,727.0,0.23,115800.0,0
AP02024,A,55499.0,1.8,689.0,0.377,45500.0,0
AP02025,A,43828.0,4.7,678.0,0.042,18800.0,0
AP02026,A,69602.0,1.1,558.0,0.068,118100.0,0
AP02027,A,96793.0,31.8,583.0,0.227,158500.0,0
AP02028,A,60139.0,7.4,835.0,0.378,46900.0,0
AP02029,A,48932.0,10.8,629.0,0.252,43700.0,0
AP02030,A,46782.0,9.5,642.0,0.152,52900.0,0
AP02031,B,42233.0,13.6,707.0,0.257,50700.0,0
AP02032,A,61274.0,1.2,710.0,0.122,94600.0,0
AP02033,A,73019.0,18.1,550.0,0.128,76300.0,1
AP02034,B,39406.0,7.5,784.0,0.451,45000.0,0
AP02035,A,81389.0,2.8,569.0,0.344,54200.0,0
AP02036,A,45405.0,23.4,660.0,0.167,69300.0,1
AP02037,A,79209.0,19.8,748.0,0.12,37400.0,1
AP02038,A,77189.0,1.5,720.0,0.178,126400.0,1
AP02039,A,70806.0,4.9,652.0,0.044,34300.0,0
AP02040,B,61392.0,1.3,604.0,0.182,34200.0,0
AP02041,A,51897.0,4.5,589.0,0.317,29800.0,0
AP02042,B,43684.0,1.8,677.0,0.383,24100.0,0
AP02043,B,46182.0,4.5,755.0,0.146,53400.0,0
AP02044,A,75650.0,1.2,850.0,0.149,17300.0,0
AP02045,A,50244.0,0.6,641.0,0.165,49400.0,0
AP02046,A,69080.0,7.2,616.0,0.269,103800.0,0
AP02047,A,42308.0,21.0,705.0,0.419,72500.0,0
AP02048,A,59804.0,11.7,707.0,0.15,79000.0,0
AP02049,B,70419.0,0.5,520.0,0.152,56300.0,0
AP02050,A,59944.0,3.6,730.0,0.43,38000.0,0
AP02051,B,48733.0,2.1,577.0,0.208,78000.0,0
AP02052,A,58690.0,0.1,826.0,0.359,43300.0,0
AP02053,A,58050.0,10.3,739.0,0.249,52400.0,0
AP02054,A,24735.0,12.1,622.0,0.394,43600.0,0
AP02055,B,40887.0,0.6,564.0,0.178,57300.0,1
AP02056,A,50781.0,18.6,704.0,0.135,80400.0,0
AP02057,A,57595.0,9.0,676.0,0.092,30300.0,0
AP02058,B,43984.0,9.1,622.0,0.303,60200.0,0
AP02059,A,79986.0,5.1,740.0,0.165,113000.0,0
AP02060,A,45722.0,8.9,712.0,0.155,26700.0,0
AP02061,A,71078.0,2.7,695.0,0.107,80900.0,0
AP02062,A,83210.0,12.4,760.0,0.568,117000.0,1
AP02063,A,91619.0,21.3,639.0,0.125,163400.0,0
AP02064,A,83388.0,3.2,607.0,0.096,75200.0,1
AP02065,B,32943.0,1.5,715.0,0.225,20500.0,0
AP02066,A,40452.0,0.7,620.0,0.23,44100.0,1
AP02067,A,85234.0,2.0,655.0,0.139,62000.0,1
AP02068,B,31954.0,0.7,687.0,0.385,13100.0,0
AP02069,A,77104.0,0.4,687.0,0.159,78200.0,0
AP02070,A,76479.0,3.4,643.0,0.345,118600.0,0
AP02071,A,63427.0,5.8,743.0,0.068,87500.0,0
AP02072,A,52797.0,3.0,760.0,0.301,78200.0,1
AP02073,A,81503.0,5.6,733.0,0.521,114000.0,0
AP02074,A,84968.0,7.2,580.0,0.11,146100.0,0
AP02075,A,43424.0,3.2,705.0,0.394,74900.0,0
AP02076,A,78527.0,10.0,712.0,0.176,64400.0,1
AP02077,A,66534.0,6.3,613.0,0.427,94500.0,0
AP02078,B,51054.0,5.1,746.0,0.355,13400.0,0
AP02079,A,67070.0,2.7,633.0,0.346,29000.0,0
AP02080,A,82109.0,22.6,584.0,0.24,86700.0,1
AP02081,A,80571.0,2.5,721.0,0.27,81300.0,0
AP02082,A,78104.0,2.7,655.0,0.316,115200.0,0
AP02083,A,37451.0,12.8,840.0,0.409,43100.0,0
AP02084,B,50103.0,2.7,550.0,0.486,57800.0,1
AP02085,A,63109.0,1.7,654.0,0.446,107700.0,0
AP02086,B,19239.0,3.7,675.0,0.234,10400.0,1
AP02087,B,38669.0,8.5,641.0,0.223,11500.0,0
AP02088,A,37729.0,20.7,681.0,0.078,15900.0,0
AP02089,B,39330.0,5.0,722.0,0.036,37400.0,1
AP02090,B,66104.0,1.2,676.0,0.112,106400.0,0
AP02091,A,53274.0,11.4,800.0,0.1,90500.0,1
AP02092,A,78763.0,6.3,635.0,0.186,24700.0,1
AP02093,A,70381.0,2.7,807.0,0.353,103200.0,1
AP02094,B,38257.0,2.3,648.0,0.231,32500.0,0
AP02095,A,38133.0,3.9,749.0,0.24,59100.0,0
AP02096,A,73239.0,1.9,691.0,0.309,52600.0,0
AP02097,A,64742.0,7.3,789.0,0.318,54300.0,0
AP02098,B,32871.0,0.5,562.0,0.237,23900.0,0
AP02099,B,25192.0,0.2,507.0,0.322,10200.0,0
AP02100,A,81969.0,2.1,655.0,0.171,20900.0,1
AP02101,B,61045.0,7.2,670.0,0.386,88700.0,0
AP02102,A,74544.0,1.2,735.0,0.096,99300.0,0
AP02103,A,86868.0,3.9,755.0,0.274,89000.0,1
AP02104,A,65684.0,1.4,678.0,0.351,26500.0,0
AP02105,A,80185.0,4.6,689.0,0.062,33900.0,1
AP02106,A,66510.0,19.7,681.0,0.256,100200.0,0
AP02107,A,71777.0,17.2,546.0,0.198,76200.0,0
AP02108,B,76807.0,0.1,679.0,0.022,23600.0,1
AP02109,A,76305.0,14.2,606.0,0.172,110500.0,0
AP02110,A,84350.0,6.9,693.0,0.115,86800.0,0
AP02111,A,61046.0,4.3,651.0,0.208,90100.0,0
AP02112,A,76650.0,0.4,656.0,0.027,37800.0,0
AP02113,B,24196.0,15.5,608.0,0.084,15800.0,1
AP02114,B,55886.0,5.9,560.0,0.351,28300.0,0
AP02115,B,40585.0,3.3,588.0,0.098,61800.0,0
AP02116,A,86003.0,31.5,802.0,0.356,43100.0,1
AP02117,A,53914.0,0.8,803.0,0.116,56200.0,0
AP02118,A,30892.0,0.7,818.0,0.121,12900.0,0
AP02119,B,58037.0,9.4,526.0,0.134,49800.0,0
AP02120,A,51145.0,20.9,723.0,0.348,43000.0,0
AP02121,A,96272.0,1.6,829.0,0.293,85100.0,1
AP02122,A,61855.0,5.1,691.0,0.218,17000.0,0
AP02123,A,62502.0,5.5,757.0,0.15,64100.0,1
AP02124,A,51436.0,2.3,734.0,0.108,19300.0,0
AP02125,A,67029.0,5.1,707.0,0.198,24200.0,1
AP02126,A,52600.0,3.2,634.0,0.144,62000.0,0
AP02127,A,46611.0,6.3,715.0,0.152,61000.0,1
AP02128,B,62295.0,6.2,703.0,0.135,72300.0,0
AP02129,A,48254.0,1.6,718.0,0.045,12400.0,0
AP02130,B,73295.0,1.7,597.0,0.06,17800.0,0
AP02131,A,41966.0,3.3,709.0,0.135,45300.0,0
AP02132,A,61322.0,2.8,669.0,0.263,30000.0,0
AP02133,A,50437.0,3.1,689.0,0.153,82100.0,0
AP02134,B,58541.0,9.2,684.0,0.069,72700.0,0
AP02135,A,92036.0,4.7,747.0,0.158,86700.0,0
AP02136,A,25453.0,17.1,670.0,0.131,41200.0,1
AP02137,A,88340.0,5.6,683.0,0.113,127100.0,0
AP02138,A,37671.0,3.8,689.0,0.271,19100.0,1
AP02139,A,64226.0,9.1,581.0,0.131,26400.0,1
AP02140,A,102625.0,0.6,796.0,0.04,178600.0,0
AP02141,A,25033.0,3.0,814.0,0.35,40100.0,1
AP02142,A,38389.0,6.0,648.0,0.124,65800.0,0
AP02143,A,85806.0,4.8,850.0,0.158,22000.0,0
AP02144,A,65691.0,7.5,699.0,0.121,61300.0,1
AP02145,A,52987.0,1.4,663.0,0.164,75500.0,0
AP02146,A,62069.0,23.5,715.0,0.317,53700.0,0
AP02147,B,15643.0,12.4,723.0,0.158,14800.0,0
AP02148,A,64795.0,17.1,656.0,0.203,37500.0,0
AP02149,A,89012.0,1.7,723.0,0.055,96000.0,0
AP02150,B,55965.0,2.4,587.0,0.322,39700.0,0
AP02151,A,65092.0,3.2,747.0,0.117,18500.0,0
AP02152,B,62293.0,2.5,699.0,0.431,22900.0,0
AP02153,A,97714.0,0.4,589.0,0.213,71000.0,0
AP02154,B,55077.0,4.6,614.0,0.191,75400.0,0
AP02155,A,67942.0,2.3,604.0,0.33,76300.0,1
AP02156,B,33140.0,3.0,696.0,0.264,29700.0,0
AP02157,B,54460.0,1.1,617.0,0.395,74500.0,0
AP02158,A,55577.0,2.9,612.0,0.136,20300.0,0
AP02159,B,32544.0,0.7,595.0,0.195,46400.0,0
AP02160,A,32103.0,4.7,609.0,0.033,41800.0,0
AP02161,B,47607.0,8.3,648.0,0.347,43500.0,0
AP02162,A,49747.0,1.3,628.0,0.548,32000.0,0
AP02163,B,33836.0,3.5,729.0,0.218,9000.0,1
AP02164,B,61607.0,1.5,661.0,0.12,42800.0,0
AP02165,A,53283.0,7.6,746.0,0.33,24000.0,1
AP02166,A,59686.0,7.6,849.0,0.457,76300.0,0
AP02167,A,74290.0,2.2,621.0,0.355,86400.0,0
AP02168,B,28526.0,13.3,508.0,0.495,21300.0,0
AP02169,A,60615.0,7.3,653.0,0.247,25800.0,1
AP02170,B,64997.0,9.6,655.0,0.275,91400.0,1
AP02171,A,95664.0,1.0,553.0,0.207,118500.0,0
AP02172,B,53674.0,0.0,757.0,0.262,87300.0,0
AP02173,B,40744.0,3.7,727.0,0.095,62700.0,1
AP02174,A,33965.0,1.9,804.0,0.218,32600.0,0
AP02175,A,70272.0,2.4,697.0,0.505,61100.0,0
AP02176,A,57988.0,2.5,753.0,0.453,64800.0,0
AP02177,A,96299.0,6.9,770.0,0.253,82700.0,0
AP02178,A,56733.0,4.3,657.0,0.137,50200.0,0
AP02179,B,44363.0,0.4,566.0,0.217,38000.0,0
AP02180,B,24201.0,2.4,554.0,0.311,35900.0,0
AP02181,A,91678.0,0.3,674.0,0.116,66000.0,0
AP02182,B,71871.0,6.8,755.0,0.096,96600.0,0
AP02183,A,90220.0,4.7,611.0,0.146,127300.0,0
AP02184,B,21277.0,2.9,667.0,0.223,15100.0,0
AP02185,B,60911.0,7.1,673.0,0.298,31600.0,0
AP02186,A,57168.0,6.0,697.0,0.175,99600.0,0
AP02187,B,55305.0,1.4,433.0,0.252,71500.0,0
AP02188,A,56573.0,22.4,663.0,0.019,25300.0,0
AP02189,A,21532.0,1.5,759.0,0.116,25200.0,0
AP02190,B,58563.0,9.0,627.0,0.354,100700.0,0
AP02191,A,63736.0,2.4,774.0,0.07,84900.0,0
AP02192,A,45889.0,31.6,693.0,0.183,48700.0,0
AP02193,A,61510.0,7.2,773.0,0.072,87600.0,0
AP02194,B,44318.0,7.9,482.0,0.295,62500.0,0
AP02195,B,43116.0,20.5,537.0,0.196,49300.0,0
AP02196,A,55805.0,1.0,451.0,0.175,71900.0,0
AP02197,B,33499.0,6.4,569.0,0.043,30300.0,0
AP02198,A,48624.0,1.7,765.0,0.419,39700.0,0
AP02199,A,59924.0,2.5,598.0,0.257,94700.0,0
AP02200,A,52896.0,3.1,624.0,0.291,26000.0,0
AP02201,A,58463.0,5.4,685.0,0.119,101300.0,1
AP02202,A,75490.0,1.5,619.0,0.033,29000.0,1
AP02203,A,72832.0,4.6,784.0,0.319,99400.0,1
AP02204,A,49767.0,5.4,816.0,0.341,65400.0,1
AP02205,A,60347.0,15.9,710.0,0.373,106900.0,0
AP02206,B,57713.0,1.5,628.0,0.071,43400.0,0
AP02207,A,55431.0,0.5,676.0,0.146,56100.0,0
AP02208,A,61969.0,18.4,598.0,0.064,46800.0,0
AP02209,A,49937.0,3.7,584.0,0.422,11500.0,0
AP02210,A,49690.0,21.4,640.0,0.166,75900.0,1
AP02211,A,63382.0,17.9,683.0,0.155,45300.0,0
AP02212,B,51067.0,12.1,730.0,0.272,45200.0,0
AP02213,B,67737.0,1.0,514.0,0.16,15900.0,0
AP02214,B,17732.0,1.1,813.0,0.392,20400.0,0
AP02215,A,46412.0,1.3,829.0,0.162,24200.0,0
AP02216,B,76607.0,0.3,610.0,0.207,101400.0,0
AP02217,A,54188.0,6.3,764.0,0.056,57200.0,1
AP02218,A,59767.0,6.5,759.0,0.263,95000.0,0
AP02219,A,64569.0,10.2,523.0,0.068,62200.0,0
AP02220,B,81231.0,7.3,640.0,0.073,122500.0,0
AP02221,B,46024.0,8.5,570.0,0.282,33900.0,0
AP02222,A,87657.0,0.7,693.0,0.419,44800.0,0
AP02223,A,78418.0,1.7,747.0,0.05,57300.0,0
AP02224,B,38488.0,1.8,682.0,0.106,47200.0,1
AP02225,B,31878.0,4.9,572.0,0.491,18200.0,0
AP02226,A,68282.0,34.1,619.0,0.301,20200.0,0
AP02227,A,58027.0,0.0,659.0,0.417,40800.0,0
AP02228,A,64046.0,9.0,626.0,0.309,92400.0,0
AP02229,A,109187.0,6.1,769.0,0.261,108100.0,0
AP02230,A,79917.0,4.6,720.0,0.421,69200.0,0
AP02231,A,80775.0,14.2,783.0,0.192,109900.0,0
AP02232,A,55645.0,19.2,704.0,0.171,80400.0,0
AP02233,A,73042.0,20.1,618.0,0.072,77300.0,0
AP02234,A,102032.0,0.6,683.0,0.313,43900.0,1
AP02235,A,70002.0,4.5,622.0,0.489,118300.0,1
AP02236,B,49030.0,5.1,689.0,0.222,47900.0,0
AP02237,A,84520.0,2.7,577.0,0.185,55900.0,0
AP02238,B,42393.0,6.9,772.0,0.412,55700.0,0
AP02239,B,55575.0,1.3,630.0,0.086,49000.0,0
AP02240,A,66556.0,3.9,615.0,0.214,84300.0,0
AP02241,A,71216.0,5.8,647.0,0.397,61900.0,0
AP02242,A,51565.0,7.7,688.0,0.118,11000.0,0
AP02243,A,108625.0,0.7,678.0,0.129,111100.0,0
AP02244,A,67841.0,5.9,669.0,0.16,16700.0,0
AP02245,B,51302.0,4.5,604.0,0.443,53900.0,0
AP02246,A,86778.0,4.9,745.0,0.095,93700.0,1
AP02247,B,46753.0,3.1,644.0,0.346,71800.0,0
AP02248,B,42998.0,6.1,677.0,0.153,40600.0,1
AP02249,A,48871.0,4.7,628.0,0.128,73100.0,1
AP02250,A,62901.0,0.3,494.0,0.08,78500.0,0
AP02251,A,55738.0,12.7,628.0,0.149,37400.0,0
AP02252,B,46161.0,3.5,691.0,0.312,16700.0,0
AP02253,A,60299.0,5.7,712.0,0.28,44300.0,0
AP02254,B,30947.0,1.5,603.0,0.41,38200.0,0
AP02255,A,57375.0,4.6,745.0,0.027,67500.0,1
AP02256,B,41138.0,2.2,604.0,0.191,62900.0,0
AP02257,A,53574.0,12.2,653.0,0.373,36100.0,1
AP02258,A,78841.0,9.3,771.0,0.12,75800.0,0
AP02259,A,74216.0,7.9,706.0,0.079,127500.0,0
AP02260,A,65033.0,0.8,677.0,0.56,61800.0,0
AP02261,B,46909.0,3.4,679.0,0.273,46000.0,0
AP02262,A,71505.0,1.8,797.0,0.157,32200.0,1
AP02263,A,40235.0,9.1,582.0,0.025,38300.0,0
AP02264,A,65720.0,11.2,760.0,0.144,60700.0,1
AP02265,B,16511.0,0.3,644.0,0.144,15100.0,0
AP02266,A,52228.0,0.7,605.0,0.103,75000.0,1
AP02267,A,48046.0,5.0,641.0,0.159,75400.0,0
AP02268,B,45937.0,0.5,633.0,0.16,25600.0,0
AP02269,A,98226.0,6.7,679.0,0.192,75400.0,1
AP02270,A,57866.0,2.5,765.0,0.161,31300.0,1
AP02271,B,45469.0,8.3,706.0,0.197,42300.0,0
AP02272,A,79174.0,2.4,599.0,0.053,105300.0,1
AP02273,A,69778.0,18.5,502.0,0.126,48400.0,0
AP02274,B,38154.0,11.9,691.0,0.313,38300.0,0
AP02275,B,81918.0,3.1,553.0,0.393,88000.0,0
AP02276,A,43553.0,1.3,716.0,0.263,62500.0,0
AP02277,A,120379.0,19.2,790.0,0.103,178700.0,1
AP02278,A,61754.0,14.9,785.0,0.35,19900.0,0
AP02279,B,30705.0,0.3,643.0,0.301,44100.0,0
AP02280,A,65282.0,3.5,616.0,0.291,30000.0,0
AP02281,A,79710.0,4.2,791.0,0.126,53300.0,1
AP02282,A,41813.0,9.3,630.0,0.107,39200.0,0
AP02283,A,67403.0,6.4,812.0,0.571,109000.0,0
AP02284,A,61986.0,24.1,764.0,0.081,48700.0,1
AP02285,B,56737.0,0.8,692.0,0.064,62100.0,0
AP02286,A,65491.0,9.8,749.0,0.058,42200.0,1
AP02287,B,80979.0,2.3,738.0,0.265,49100.0,1
AP02288,A,47435.0,21.4,685.0,0.312,52600.0,0
AP02289,A,20188.0,17.8,600.0,0.225,35700.0,0
AP02290,A,79475.0,5.2,758.0,0.023,124000.0,0
AP02291,B,53097.0,2.2,678.0,0.254,69600.0,0
AP02292,A,55476.0,1.6,738.0,0.051,87200.0,0
AP02293,A,91323.0,2.0,676.0,0.412,39200.0,0
AP02294,B,48348.0,5.6,567.0,0.126,78000.0,0
AP02295,A,73085.0,13.2,652.0,0.189,46200.0,0
AP02296,A,58816.0,4.7,602.0,0.246,23400.0,0
AP02297,B,40997.0,8.4,548.0,0.147,36100.0,0
AP02298,A,62982.0,3.8,677.0,0.086,33900.0,0
AP02299,B,39918.0,7.1,659.0,0.226,41100.0,0
AP02300,A,85885.0,6.8,663.0,0.381,68600.0,0
AP02301,B,25689.0,10.9,626.0,0.465,45700.0,0
AP02302,A,39274.0,3.2,719.0,0.159,49700.0,1
AP02303,B,47765.0,5.3,668.0,0.044,19500.0,1
AP02304,A,71809.0,0.6,623.0,0.095,39400.0,0
AP02305,A,43181.0,0.3,634.0,0.209,52300.0,0
AP02306,A,76092.0,8.2,685.0,0.178,99600.0,0
AP02307,A,75731.0,11.4,589.0,0.131,131400.0,0
AP02308,A,99213.0,2.0,669.0,0.156,64300.0,1
AP02309,A,51362.0,3.5,671.0,0.182,59500.0,0
AP02310,B,73725.0,2.9,672.0,0.129,18700.0,0
AP02311,A,33564.0,11.1,665.0,0.315,51700.0,0
AP02312,A,55222.0,0.5,629.0,0.204,12900.0,0
AP02313,A,64281.0,1.1,699.0,0.544,68000.0,0
AP02314,A,69518.0,6.2,802.0,0.189,108400.0,0
AP02315,B,40708.0,4.2,496.0,0.358,19000.0,0
AP02316,A,60892.0,3.5,620.0,0.273,15100.0,0
AP02317,A,51860.0,14.8,683.0,0.432,64400.0,0
AP02318,A,54758.0,0.1,732.0,0.013,37400.0,1
AP02319,B,38188.0,3.5,654.0,0.304,54100.0,0
AP02320,A,72130.0,1.7,587.0,0.159,73300.0,0
AP02321,A,73530.0,12.2,642.0,0.13,28300.0,1
AP02322,A,79673.0,22.1,625.0,0.438,126300.0,0
AP02323,A,83008.0,17.1,613.0,0.296,69500.0,0
AP02324,A,31311.0,3.1,703.0,0.177,23300.0,0
AP02325,B,41101.0,10.0,616.0,0.335,11000.0,0
AP02326,A,59669.0,4.1,630.0,0.329,66300.0,1
AP02327,A,51334.0,18.6,802.0,0.347,37700.0,0
AP02328,A,80549.0,6.9,674.0,0.12,126000.0,0
AP02329,B,61730.0,6.0,559.0,0.5,97900.0,0
AP02330,A,60607.0,3.6,667.0,0.212,36100.0,0
AP02331,A,64552.0,7.8,707.0,0.1,58400.0,0
AP02332,B,24702.0,3.5,694.0,0.161,9400.0,0
AP02333,B,32171.0,3.2,589.0,0.306,20100.0,0
AP02334,B,37851.0,1.1,598.0,0.214,35300.0,0
AP02335,B,40763.0,8.3,574.0,0.344,37500.0,0
AP02336,A,70572.0,0.3,622.0,0.037,103900.0,0
AP02337,A,86971.0,13.1,740.0,0.152,39900.0,0
AP02338,A,68845.0,0.2,747.0,0.035,17000.0,0
AP02339,A,75388.0,6.2,749.0,0.26,119400.0,1
AP02340,A,53055.0,5.7,598.0,0.196,54700.0,0
AP02341,A,46248.0,9.7,792.0,0.2,71300.0,0
AP02342,A,62305.0,4.2,720.0,0.198,86800.0,0
AP02343,A,16678.0,2.5,621.0,0.228,12700.0,0
AP02344,A,69508.0,5.1,670.0,0.196,82800.0,1
AP02345,A,79215.0,0.1,681.0,0.055,132500.0,1
AP02346,B,16575.0,2.9,703.0,0.32,12700.0,0
AP02347,B,44621.0,2.8,592.0,0.303,60200.0,0
AP02348,A,81220.0,2.1,582.0,0.286,29500.0,0
AP02349,B,28501.0,20.3,647.0,0.055,45400.0,0
AP02350,A,79372.0,7.7,726.0,0.222,101800.0,0
AP02351,B,35096.0,1.2,705.0,0.37,55800.0,0
AP02352,B,33883.0,4.5,634.0,0.087,30200.0,1
AP02353,A,78645.0,6.2,753.0,0.099,105100.0,0
AP02354,A,70982.0,1.4,692.0,0.277,72300.0,0
AP02355,A,66801.0,17.2,667.0,0.068,112400.0,0
AP02356,A,67224.0,1.1,568.0,0.135,44000.0,0
AP02357,A,63638.0,3.5,610.0,0.229,67700.0,0
AP02358,B,41269.0,0.1,539.0,0.181,29000.0,0
AP02359,A,34678.0,2.3,691.0,0.417,37300.0,1
AP02360,A,57868.0,6.6,717.0,0.196,13000.0,0
AP02361,B,43034.0,4.1,651.0,0.135,20100.0,0
AP02362,A,47943.0,3.0,518.0,0.144,60100.0,0
AP02363,A,60663.0,1.9,644.0,0.187,71700.0,0
AP02364,B,68904.0,3.1,701.0,0.29,99600.0,0
AP02365,B,56066.0,0.6,663.0,0.091,88500.0,0
AP02366,A,77353.0,3.7,786.0,0.054,61700.0,0
AP02367,A,87502.0,2.4,781.0,0.161,95600.0,1
AP02368,A,71124.0,25.0,711.0,0.18,41800.0,1
AP02369,B,31766.0,0.6,576.0,0.323,36200.0,0
AP02370,B,35129.0,3.2,627.0,0.252,33200.0,0
AP02371,A,72276.0,1.5,676.0,0.086,125600.0,0
AP02372,A,86761.0,6.2,765.0,0.153,43900.0,1
AP02373,A,25565.0,11.1,575.0,0.09,18600.0,0
AP02374,A,68864.0,2.9,745.0,0.548,58700.0,0
AP02375,A,31032.0,11.1,713.0,0.048,44000.0,0
AP02376,A,74782.0,3.2,668.0,0.144,131600.0,1
AP02377,A,70133.0,0.0,579.0,0.294,32600.0,0
AP02378,A,71066.0,0.1,710.0,0.076,102200.0,0
AP02379,B,39359.0,4.4,561.0,0.504,37900.0,0
AP02380,B,33961.0,0.1,603.0,0.175,44300.0,0
AP02381,A,51355.0,2.2,678.0,0.435,14800.0,0
AP02382,B,54360.0,23.7,791.0,0.085,25100.0,1
AP02383,A,83122.0,11.4,685.0,0.138,86000.0,0
AP02384,A,60480.0,5.6,634.0,0.344,35100.0,1
AP02385,B,70399.0,1.1,540.0,0.258,69700.0,0
AP02386,B,71536.0,3.1,648.0,0.207,26400.0,0
AP02387,A,82429.0,5.1,686.0,0.169,128400.0,0
AP02388,B,41786.0,0.2,759.0,0.045,62800.0,0
AP02389,B,58890.0,0.8,604.0,0.05,81200.0,0
AP02390,B,65403.0,0.2,755.0,0.056,47500.0,1
AP02391,A,47670.0,2.5,790.0,0.273,57800.0,0
AP02392,A,58157.0,26.8,722.0,0.173,38500.0,1
AP02393,A,84406.0,2.0,788.0,0.351,51000.0,0
AP02394,A,76112.0,3.0,716.0,0.272,123000.0,0
AP02395,A,86968.0,4.3,805.0,0.171,148900.0,0
AP02396,A,88031.0,7.2,561.0,0.176,80100.0,0
AP02397,A,47083.0,18.1,576.0,0.458,42200.0,0
AP02398,B,44432.0,2.5,613.0,0.269,53900.0,0
AP02399,A,88244.0,18.7,723.0,0.239,128300.0,0
AP02400,B,30797.0,1.9,590.0,0.082,39900.0,0
AP02401,A,38158.0,2.9,660.0,0.089,37000.0,1
AP02402,A,37989.0,3.9,654.0,0.426,12300.0,0
AP02403,A,70519.0,19.8,733.0,0.317,98100.0,0
AP02404,B,74106.0,6.0,761.0,0.072,130100.0,0
AP02405,A,45385.0,1.5,611.0,0.112,31100.0,0
AP02406,A,69006.0,0.9,645.0,0.303,32100.0,0
AP02407,A,48917.0,13.3,628.0,0.047,65900.0,0
AP02408,B,58439.0,7.3,573.0,0.038,28200.0,0
AP02409,B,67941.0,3.6,745.0,0.32,29600.0,1
AP02410,B,51921.0,4.7,638.0,0.338,75900.0,0
AP02411,A,73392.0,0.8,646.0,0.337,56800.0,0
AP02412,A,78597.0,5.6,659.0,0.247,118400.0,1
AP02413,B,45058.0,5.3,532.0,0.3,48000.0,0
AP02414,B,52420.0,4.1,651.0,0.057,85400.0,1
AP02415,B,58602.0,1.7,676.0,0.043,102400.0,0
AP02416,A,34118.0,5.5,730.0,0.163,48600.0,0
AP02417,A,54890.0,7.0,725.0,0.319,59900.0,1
AP02418,A,79553.0,5.6,616.0,0.271,139000.0,0
AP02419,B,58745.0,9.3,601.0,0.178,90900.0,0
AP02420,B,18188.0,0.7,594.0,0.293,22600.0,0
AP02421,A,59793.0,10.5,634.0,0.137,28200.0,0
AP02422,B,28164.0,0.5,726.0,0.166,43700.0,0
AP02423,A,76613.0,0.7,659.0,0.053,72300.0,1
AP02424,A,80225.0,1.0,651.0,0.295,97600.0,0
AP02425,A,42321.0,0.9,615.0,0.249,11200.0,0
AP02426,A,34666.0,2.8,624.0,0.619,54100.0,0
AP02427,A,65009.0,4.7,719.0,0.198,26400.0,1
AP02428,A,74614.0,2.6,632.0,0.276,24400.0,0
AP02429,A,43135.0,6.3,611.0,0.127,66200.0,1
AP02430,A,56545.0,3.3,695.0,0.158,34300.0,0
AP02431,A,49036.0,3.8,781.0,0.103,80400.0,1
AP02432,B,34764.0,21.5,652.0,0.305,37400.0,1
AP02433,A,39743.0,15.0,604.0,0.298,44000.0,0
AP02434,A,64764.0,4.6,781.0,0.239,84200.0,0
AP02435,A,55955.0,0.0,540.0,0.232,19900.0,0
AP02436,A,50822.0,19.6,664.0,0.096,76400.0,0
AP02437,A,17520.0,0.9,777.0,0.135,18200.0,0
AP02438,A,92375.0,5.5,678.0,0.319,66100.0,0
AP02439,A,46113.0,3.4,643.0,0.28,17200.0,0
AP02440,B,47246.0,13.6,780.0,0.197,53400.0,1
AP02441,B,47344.0,4.7,664.0,0.069,19300.0,0
AP02442,A,68826.0,2.9,636.0,0.1,110000.0,0
AP02443,B,42073.0,10.0,619.0,0.146,74000.0,0
AP02444,A,63916.0,7.0,651.0,0.428,39100.0,0
AP02445,A,59063.0,7.5,718.0,0.314,69100.0,0
AP02446,A,78071.0,1.2,706.0,0.42,24800.0,0
AP02447,A,43452.0,1.0,639.0,0.146,25000.0,0
AP02448,A,51130.0,6.0,680.0,0.187,37600.0,0
AP02449,B,41573.0,8.3,734.0,0.3,38100.0,0
AP02450,B,40044.0,9.3,800.0,0.366,16000.0,0
AP02451,A,36940.0,8.6,685.0,0.334,43600.0,0
AP02452,B,38605.0,0.3,707.0,0.331,49500.0,0
AP02453,A,50995.0,5.9,694.0,0.208,52200.0,0
AP02454,A,67596.0,9.7,829.0,0.284,114300.0,0
AP02455,B,24256.0,7.3,508.0,0.413,6900.0,0
AP02456,A,64656.0,28.1,785.0,0.237,60600.0,1
AP02457,B,47076.0,7.8,715.0,0.183,72600.0,0
AP02458,B,26912.0,0.0,514.0,0.121,39000.0,0
AP02459,B,28602.0,2.3,601.0,0.058,30100.0,0
AP02460,A,58499.0,11.6,711.0,0.222,58600.0,0
AP02461,A,33736.0,5.6,694.0,0.241,55300.0,0
AP02462,A,56102.0,4.9,726.0,0.299,31500.0,1
AP02463,B,54557.0,6.2,660.0,0.414,82300.0,1
AP02464,B,67404.0,4.4,559.0,0.247,57700.0,1
AP02465,A,74839.0,5.0,592.0,0.052,58400.0,1
AP02466,B,65001.0,6.5,657.0,0.02,26000.0,1
AP02467,A,70263.0,0.6,710.0,0.541,93600.0,0
AP02468,A,81131.0,0.2,642.0,0.123,130500.0,0
AP02469,B,30006.0,3.4,724.0,0.414,33100.0,1
AP02470,A,69554.0,3.5,671.0,0.19,43600.0,1
AP02471,A,61741.0,1.7,796.0,0.225,105800.0,0
AP02472,A,60466.0,1.0,688.0,0.071,99100.0,0
AP02473,B,34452.0,2.2,715.0,0.402,43500.0,0
AP02474,A,71585.0,13.3,632.0,0.166,63900.0,0
AP02475,A,81863.0,0.2,798.0,0.304,79200.0,0
AP02476,A,79792.0,6.2,669.0,0.044,124300.0,1
AP02477,A,60653.0,24.1,642.0,0.122,47800.0,1
AP02478,A,73095.0,0.5,713.0,0.259,43300.0,0
AP02479,B,56337.0,0.9,558.0,0.198,66500.0,0
AP02480,A,93438.0,26.0,672.0,0.441,53500.0,0
AP02481,B,43483.0,0.1,628.0,0.152,12200.0,0
AP02482,A,64550.0,9.7,574.0,0.275,87800.0,1
AP02483,A,63733.0,5.0,725.0,0.212,88700.0,0
AP02484,B,55248.0,2.8,649.0,0.319,71300.0,0
AP02485,B,45977.0,1.2,660.0,0.231,56300.0,0
AP02486,A,53569.0,3.4,718.0,0.27,77800.0,0
AP02487,B,43482.0,12.4,691.0,0.207,14700.0,0
AP02488,A,50206.0,3.8,734.0,0.226,32900.0,0
AP02489,A,48324.0,1.1,763.0,0.167,77500.0,1
AP02490,A,68184.0,10.9,677.0,0.061,112200.0,0
AP02491,A,52231.0,13.8,663.0,0.313,90600.0,0
AP02492,A,57886.0,30.5,762.0,0.024,13200.0,1
AP02493,A,26412.0,12.7,608.0,0.075,19600.0,0
AP02494,A,75726.0,7.6,622.0,0.311,110800.0,1
AP02495,A,61968.0,5.8,598.0,0.432,38200.0,0
AP02496,A,59884.0,4.8,632.0,0.169,100700.0,0
AP02497,A,70022.0,5.0,774.0,0.397,50100.0,1
AP02498,A,65679.0,1.8,783.0,0.182,67100.0,1
AP02499,A,50049.0,1.5,656.0,0.05,47800.0,0
AP02500,B,57826.0,0.2,485.0,0.185,51800.0,0
AP02501,A,54321.0,8.6,634.0,0.102,91500.0,0
AP02502,A,78794.0,9.8,701.0,0.268,55200.0,1
AP02503,A,93498.0,1.8,798.0,0.181,77400.0,1
AP02504,A,51400.0,11.6,673.0,0.076,55900.0,0
AP02505,A,63668.0,1.3,754.0,0.409,44400.0,0
AP02506,B,57200.0,6.0,575.0,0.16,21100.0,1
AP02507,B,43579.0,8.3,658.0,0.15,72800.0,0
AP02508,A,56304.0,19.2,769.0,0.281,85400.0,0
AP02509,A,43157.0,5.3,780.0,0.256,47700.0,0
AP02510,B,69768.0,4.2,787.0,0.206,58600.0,1
AP02511,B,32691.0,2.5,642.0,0.2,24000.0,0
AP02512,A,46787.0,1.4,774.0,0.166,17800.0,1
AP02513,B,48220.0,4.2,732.0,0.124,56000.0,0
AP02514,A,65403.0,2.2,702.0,0.281,111900.0,0
AP02515,B,28856.0,1.4,644.0,0.22,36500.0,0
AP02516,A,91506.0,20.1,792.0,0.267,76700.0,1
AP02517,A,52510.0,12.3,622.0,0.403,18900.0,0
AP02518,A,57413.0,1.7,675.0,0.265,42600.0,0
AP02519,A,46973.0,1.7,656.0,0.162,25100.0,0
AP02520,A,64325.0,1.1,708.0,0.069,17700.0,0
AP02521,A,62846.0,6.4,701.0,0.138,37800.0,1
AP02522,A,74675.0,0.3,663.0,0.192,93900.0,0
AP02523,B,40186.0,5.6,601.0,0.06,62600.0,0
AP02524,A,36760.0,6.2,681.0,0.345,52800.0,0
AP02525,B,42392.0,11.9,767.0,0.3,57700.0,0
AP02526,A,86316.0,40.0,767.0,0.222,112800.0,1
AP02527,B,38850.0,2.4,641.0,0.222,41400.0,0
AP02528,A,59244.0,0.7,696.0,0.031,40300.0,0
AP02529,A,59683.0,2.0,668.0,0.114,45300.0,1
AP02530,A,59122.0,4.2,630.0,0.132,101300.0,0
AP02531,B,47032.0,1.3,619.0,0.195,53000.0,0
AP02532,A,33182.0,0.8,759.0,0.186,7200.0,0
AP02533,B,29075.0,1.5,637.0,0.412,20000.0,0
AP02534,A,50708.0,0.8,620.0,0.036,84900.0,0
AP02535,B,46576.0,0.6,694.0,0.263,51000.0,0
AP02536,B,35393.0,7.7,607.0,0.357,25400.0,0
AP02537,A,66031.0,3.0,625.0,0.443,17500.0,0
AP02538,A,84998.0,3.7,611.0,0.077,30900.0,0
AP02539,A,23602.0,9.0,589.0,0.288,34300.0,0
AP02540,A,88108.0,3.4,763.0,0.181,147700.0,1
AP02541,A,70123.0,6.7,700.0,0.069,64900.0,0
AP02542,A,49409.0,6.4,681.0,0.372,59100.0,0
AP02543,A,34760.0,2.8,631.0,0.08,12800.0,0
AP02544,A,81986.0,0.5,740.0,0.134,108600.0,1
AP02545,A,66488.0,13.8,657.0,0.087,115100.0,1
AP02546,A,72195.0,1.8,785.0,0.354,85300.0,0
AP02547,B,15494.0,3.3,493.0,0.158,21700.0,0
AP02548,A,48305.0,0.4,747.0,0.509,58900.0,1
AP02549,A,76963.0,8.9,726.0,0.451,115200.0,1
AP02550,A,45592.0,1.3,698.0,0.028,71300.0,0
AP02551,A,77493.0,13.2,667.0,0.112,92000.0,1
AP02552,A,33278.0,2.8,809.0,0.072,7000.0,0
AP02553,B,50707.0,1.8,617.0,0.203,69000.0,0
AP02554,B,42904.0,7.3,564.0,0.402,73800.0,0
AP02555,B,22011.0,3.1,635.0,0.366,28800.0,0
AP02556,B,65694.0,0.3,732.0,0.451,49100.0,0
AP02557,A,42409.0,15.2,729.0,0.476,10700.0,0
AP02558,A,73358.0,3.4,738.0,0.074,95200.0,0
AP02559,B,73151.0,1.2,617.0,0.268,51000.0,0
AP02560,A,99708.0,30.0,619.0,0.436,21900.0,0
AP02561,A,93672.0,1.2,625.0,0.184,116600.0,1
AP02562,A,72620.0,0.9,752.0,0.309,58800.0,0
AP02563,B,16284.0,4.8,610.0,0.209,9400.0,0
AP02564,A,30598.0,33.1,690.0,0.163,37900.0,0
AP02565,A,46830.0,6.0,704.0,0.12,56100.0,0
AP02566,A,56349.0,0.5,644.0,0.408,93700.0,0
AP02567,B,48871.0,10.1,582.0,0.167,47100.0,1
AP02568,A,38330.0,5.8,601.0,0.32,65900.0,0
AP02569,A,45972.0,3.2,661.0,0.289,29300.0,0
AP02570,A,47419.0,3.7,762.0,0.097,52000.0,1
AP02571,A,80285.0,7.5,681.0,0.27,130200.0,0
AP02572,B,51239.0,3.4,850.0,0.101,68400.0,0
AP02573,B,45087.0,1.9,665.0,0.27,54900.0,0
AP02574,B,27210.0,0.8,729.0,0.138,19000.0,0
AP02575,B,42410.0,4.2,574.0,0.357,44100.0,0
AP02576,A,49986.0,4.6,720.0,0.513,28600.0,0
AP02577,A,57460.0,2.7,730.0,0.193,13200.0,1
AP02578,A,32357.0,3.3,760.0,0.188,30100.0,0
AP02579,A,73526.0,5.1,710.0,0.079,108500.0,0
AP02580,A,78542.0,2.5,757.0,0.24,45300.0,0
AP02581,A,68231.0,2.4,707.0,0.197,105800.0,0
AP02582,A,70216.0,1.7,760.0,0.045,40300.0,0
AP02583,B,44388.0,1.7,604.0,0.098,39100.0,0
AP02584,B,50581.0,3.6,674.0,0.218,56000.0,0
AP02585,A,65498.0,2.7,794.0,0.219,55300.0,1
AP02586,B,34862.0,2.0,767.0,0.308,31300.0,0
AP02587,B,70916.0,8.0,718.0,0.329,78800.0,0
AP02588,B,25432.0,6.2,579.0,0.053,11000.0,0
AP02589,A,80357.0,2.7,763.0,0.054,18400.0,1
AP02590,B,33453.0,7.2,680.0,0.031,9500.0,0
AP02591,A,76453.0,1.7,696.0,0.043,53200.0,1
AP02592,A,65198.0,11.9,785.0,0.302,57500.0,1
AP02593,A,36336.0,4.4,730.0,0.067,50200.0,1
AP02594,A,49761.0,0.3,696.0,0.416,30400.0,0
AP02595,A,30786.0,4.0,781.0,0.256,9000.0,0
AP02596,A,55299.0,11.8,573.0,0.199,17200.0,0
AP02597,A,38471.0,1.2,647.0,0.237,63500.0,0
AP02598,A,63626.0,14.5,850.0,0.113,110800.0,1
AP02599,A,59025.0,4.6,743.0,0.36,96100.0,0
AP02600,A,28356.0,3.8,801.0,0.123,46600.0,0
AP02601,A,74583.0,6.6,632.0,0.198,33200.0,1
AP02602,A,75066.0,1.5,829.0,0.415,75700.0,1
AP02603,A,37952.0,1.9,601.0,0.09,25600.0,0
AP02604,B,12000.0,5.2,548.0,0.33,17000.0,0
AP02605,A,74305.0,0.8,714.0,0.211,78100.0,1
AP02606,B,60712.0,8.4,476.0,0.285,44900.0,0
AP02607,B,39060.0,2.2,592.0,0.319,21000.0,0
AP02608,B,59274.0,5.4,825.0,0.109,67900.0,1
AP02609,A,80436.0,5.3,745.0,0.217,73400.0,1
AP02610,A,65104.0,8.9,688.0,0.482,80300.0,1
AP02611,B,64836.0,8.6,702.0,0.332,56700.0,1
AP02612,A,70713.0,3.3,587.0,0.416,77800.0,1
AP02613,B,36510.0,7.6,482.0,0.191,20900.0,0
AP02614,A,66180.0,8.0,609.0,0.041,28400.0,0
AP02615,A,54096.0,7.0,615.0,0.135,77700.0,0
AP02616,B,25729.0,7.3,758.0,0.031,22500.0,0
AP02617,A,55385.0,0.3,583.0,0.18,94900.0,0
AP02618,A,51920.0,9.6,637.0,0.333,70200.0,1
AP02619,B,45243.0,0.3,734.0,0.091,46300.0,0
AP02620,A,64752.0,10.2,831.0,0.183,26000.0,1
AP02621,B,68458.0,2.9,594.0,0.212,59300.0,0
AP02622,A,61760.0,33.1,504.0,0.082,68500.0,1
AP02623,A,64770.0,5.5,734.0,0.093,74700.0,0
AP02624,A,88899.0,1.5,850.0,0.072,110700.0,1
AP02625,A,82625.0,0.7,708.0,0.162,22600.0,0
AP02626,A,51789.0,1.8,723.0,0.234,35400.0,0
AP02627,B,40784.0,3.5,591.0,0.174,23400.0,0
AP02628,A,56071.0,11.0,822.0,0.249,43700.0,0
AP02629,A,60074.0,11.4,842.0,0.198,85100.0,0
AP02630,A,57529.0,0.6,709.0,0.615,67400.0,0
AP02631,A,50922.0,1.6,549.0,0.475,30100.0,0
AP02632,B,55086.0,1.5,715.0,0.32,69400.0,0
AP02633,A,19065.0,5.2,571.0,0.271,9000.0,0
AP02634,A,65209.0,0.4,587.0,0.237,81900.0,0
AP02635,A,82231.0,4.4,760.0,0.132,87800.0,0
AP02636,A,46015.0,0.7,675.0,0.057,12300.0,0
AP02637,A,70492.0,3.8,662.0,0.158,116100.0,0
AP02638,B,58543.0,10.0,665.0,0.249,52000.0,0
AP02639,A,66553.0,3.0,747.0,0.264,52800.0,0
AP02640,B,59174.0,2.8,512.0,0.385,18100.0,1
AP02641,A,57680.0,2.6,795.0,0.093,22800.0,0
AP02642,A,59773.0,2.0,628.0,0.278,107200.0,0
AP02643,A,20420.0,7.6,737.0,0.157,28800.0,0
AP02644,A,65422.0,1.9,669.0,0.471,96700.0,0
AP02645,A,59288.0,0.5,678.0,0.627,70100.0,0
AP02646,A,18600.0,2.1,667.0,0.228,31600.0,0
AP02647,A,72939.0,16.3,762.0,0.238,16200.0,1
AP02648,A,61072.0,0.4,751.0,0.1,93600.0,0
AP02649,A,65198.0,5.5,691.0,0.206,97800.0,1
AP02650,A,67914.0,1.4,773.0,0.41,113900.0,0
AP02651,A,54403.0,6.8,594.0,0.338,17600.0,1
AP02652,B,50923.0,4.0,629.0,0.246,11800.0,0
AP02653,A,53889.0,1.7,594.0,0.299,34200.0,0
AP02654,B,44182.0,1.1,662.0,0.088,44100.0,0
AP02655,A,100205.0,2.4,574.0,0.218,140600.0,0
AP02656,A,93663.0,0.9,747.0,0.459,107400.0,0
AP02657,A,53119.0,1.3,680.0,0.193,62700.0,0
AP02658,A,54401.0,4.8,697.0,0.02,52500.0,0
AP02659,A,67197.0,2.3,627.0,0.461,68600.0,0
AP02660,B,39157.0,1.4,690.0,0.118,32300.0,0
AP02661,A,49531.0,14.7,605.0,0.074,25800.0,0
AP02662,A,44148.0,1.0,679.0,0.048,33700.0,1
AP02663,A,95227.0,9.3,701.0,0.304,41300.0,0
AP02664,B,37294.0,0.7,610.0,0.103,12400.0,0
AP02665,A,34494.0,0.4,684.0,0.27,52700.0,0
AP02666,A,30794.0,10.9,673.0,0.101,55100.0,0
AP02667,A,47147.0,2.2,695.0,0.029,54700.0,1
AP02668,B,28710.0,10.0,666.0,0.151,23100.0,0
AP02669,A,71074.0,0.7,629.0,0.342,117800.0,0
AP02670,A,55587.0,6.6,724.0,0.203,69000.0,0
AP02671,A,33350.0,4.4,766.0,0.247,44500.0,0
AP02672,A,65340.0,10.6,593.0,0.204,36200.0,0
AP02673,A,72013.0,4.0,634.0,0.1,109600.0,0
AP02674,B,31471.0,4.9,628.0,0.101,42900.0,0
AP02675,A,52852.0,8.9,614.0,0.252,80400.0,0
AP02676,A,71533.0,2.3,655.0,0.15,83800.0,0
AP02677,B,44422.0,6.4,658.0,0.251,20600.0,0
AP02678,B,40256.0,2.9,775.0,0.402,23800.0,0
AP02679,B,26445.0,4.9,608.0,0.24,46500.0,0
AP02680,A,38858.0,2.5,797.0,0.24,39200.0,1
AP02681,A,78315.0,1.1,678.0,0.369,106500.0,0
AP02682,A,69667.0,2.3,689.0,0.169,74800.0,1
AP02683,A,44058.0,2.7,679.0,0.146,40100.0,0
AP02684,B,46984.0,5.6,742.0,0.468,20800.0,0
AP02685,B,55223.0,9.5,698.0,0.367,31300.0,0
AP02686,B,47523.0,0.6,662.0,0.241,59100.0,0
AP02687,A,59019.0,2.1,701.0,0.194,94300.0,0
AP02688,A,90282.0,1.1,543.0,0.379,146600.0,0
AP02689,A,34291.0,7.5,658.0,0.021,39100.0,0
AP02690,A,58530.0,3.7,757.0,0.401,57800.0,1
AP02691,A,36501.0,7.4,712.0,0.146,29400.0,0
AP02692,A,60274.0,9.2,669.0,0.328,21300.0,0
AP02693,A,19368.0,16.2,748.0,0.269,7300.0,0
AP02694,A,33004.0,7.0,710.0,0.128,55300.0,0
AP02695,A,52029.0,3.9,637.0,0.204,70400.0,0
AP02696,A,63880.0,5.0,704.0,0.426,76200.0,0
AP02697,A,68096.0,1.8,742.0,0.321,17400.0,1
AP02698,A,68919.0,5.5,743.0,0.158,71000.0,1
AP02699,A,81624.0,4.1,678.0,0.348,54700.0,1
AP02700,A,73716.0,0.3,649.0,0.157,28100.0,0
AP02701,A,74423.0,4.3,685.0,0.162,99900.0,0
AP02702,B,45249.0,0.3,773.0,0.195,19100.0,1
AP02703,A,58707.0,25.6,711.0,0.174,30700.0,1
AP02704,A,117440.0,0.8,770.0,0.209,50800.0,1
AP02705,B,56459.0,15.0,821.0,0.221,72100.0,1
AP02706,A,76041.0,4.4,687.0,0.112,15400.0,0
AP02707,A,74477.0,10.8,677.0,0.415,91700.0,0
AP02708,B,34992.0,0.7,672.0,0.39,58800.0,0
AP02709,A,54352.0,2.2,613.0,0.359,80000.0,0
AP02710,A,95973.0,7.5,780.0,0.172,27900.0,1
AP02711,A,54842.0,4.2,671.0,0.247,42100.0,0
AP02712,A,60015.0,3.5,789.0,0.317,49700.0,0
AP02713,B,27148.0,0.1,673.0,0.078,33100.0,1
AP02714,A,24764.0,7.0,594.0,0.148,21200.0,0
AP02715,A,67848.0,2.3,708.0,0.407,63800.0,0
AP02716,A,31060.0,1.1,731.0,0.063,50400.0,0
AP02717,B,14302.0,4.7,691.0,0.413,18800.0,0
AP02718,A,59842.0,2.0,731.0,0.268,17300.0,1
AP02719,A,55241.0,9.1,630.0,0.007,95800.0,0
AP02720,B,36988.0,3.1,667.0,0.12,63800.0,0
AP02721,A,47895.0,8.0,709.0,0.412,72200.0,0
AP02722,B,70112.0,2.3,572.0,0.064,41000.0,0
AP02723,A,40473.0,2.9,515.0,0.033,29900.0,0
AP02724,B,65288.0,3.5,566.0,0.056,31000.0,0
AP02725,A,36911.0,1.4,590.0,0.177,36800.0,0
AP02726,A,73073.0,2.0,791.0,0.392,47200.0,0
AP02727,B,18920.0,3.7,704.0,0.282,23100.0,0
AP02728,A,73743.0,1.7,597.0,0.089,44400.0,0
AP02729,A,54129.0,13.7,585.0,0.394,69000.0,0
AP02730,A,56085.0,4.9,720.0,0.156,98300.0,1
AP02731,A,82381.0,0.0,781.0,0.224,54900.0,1
AP02732,B,42018.0,3.9,511.0,0.18,50300.0,0
AP02733,A,27858.0,9.8,710.0,0.107,17000.0,0
AP02734,B,28665.0,21.0,683.0,0.173,36300.0,0
AP02735,A,12000.0,4.6,809.0,0.142,6500.0,0
AP02736,A,66200.0,10.8,728.0,0.267,38600.0,0
AP02737,B,42647.0,0.3,659.0,0.057,47100.0,1
AP02738,A,36610.0,4.4,788.0,0.042,20900.0,0
AP02739,B,22780.0,0.7,679.0,0.562,15400.0,0
AP02740,A,55986.0,12.6,690.0,0.294,35400.0,0
AP02741,A,97113.0,0.1,679.0,0.405,94700.0,0
AP02742,A,53668.0,0.3,794.0,0.411,73900.0,0
AP02743,A,96002.0,3.6,735.0,0.269,159900.0,0
AP02744,A,86063.0,2.2,676.0,0.187,79400.0,0
AP02745,A,50592.0,7.3,778.0,0.226,59200.0,0
AP02746,B,57297.0,1.4,667.0,0.358,67600.0,1
AP02747,B,52305.0,1.8,556.0,0.244,36800.0,1
AP02748,A,59037.0,0.4,568.0,0.353,33100.0,0
AP02749,A,64308.0,3.4,665.0,0.305,55200.0,1
AP02750,A,56925.0,3.5,850.0,0.421,57500.0,0
AP02751,B,52182.0,15.1,683.0,0.301,78500.0,0
AP02752,A,54820.0,7.7,598.0,0.08,25600.0,0
AP02753,A,44351.0,3.3,760.0,0.211,17800.0,1
AP02754,A,34158.0,22.5,636.0,0.107,12200.0,1
AP02755,A,56228.0,3.1,756.0,0.11,54600.0,1
AP02756,A,93304.0,2.7,810.0,0.148,128500.0,1
AP02757,A,90318.0,1.7,667.0,0.226,47000.0,0
AP02758,A,60357.0,8.7,651.0,0.008,93600.0,0
AP02759,B,38264.0,7.9,609.0,0.217,31500.0,1
AP02760,A,70620.0,10.9,732.0,0.265,66900.0,1
AP02761,A,85754.0,22.2,798.0,0.255,36800.0,0
AP02762,A,67152.0,4.6,678.0,0.418,74300.0,0
AP02763,A,52931.0,12.1,725.0,0.456,91800.0,0
AP02764,A,54468.0,2.8,647.0,0.201,67200.0,0
AP02765,A,81725.0,1.1,612.0,0.178,108500.0,0
AP02766,A,108018.0,30.2,619.0,0.119,156800.0,1
AP02767,A,50270.0,6.6,622.0,0.25,45600.0,0
AP02768,B,48473.0,1.4,760.0,0.299,24600.0,1
AP02769,A,75964.0,3.7,756.0,0.073,17800.0,1
AP02770,B,46316.0,8.5,652.0,0.069,10000.0,1
AP02771,A,63953.0,1.8,683.0,0.299,59500.0,0
AP02772,A,83607.0,9.5,680.0,0.13,23900.0,0
AP02773,A,62681.0,6.0,779.0,0.103,95900.0,0
AP02774,A,37722.0,4.6,690.0,0.121,47900.0,0
AP02775,A,26319.0,1.0,571.0,0.1,16300.0,0
AP02776,B,24949.0,11.3,719.0,0.211,13700.0,1
AP02777,A,40731.0,2.1,561.0,0.083,45200.0,0
AP02778,A,66667.0,5.3,656.0,0.201,58300.0,1
AP02779,B,32267.0,6.5,596.0,0.33,45200.0,0
AP02780,A,55159.0,3.4,564.0,0.196,82600.0,0
AP02781,B,21560.0,5.1,687.0,0.235,21600.0,1
AP02782,B,44525.0,1.4,642.0,0.58,45000.0,0
AP02783,A,53477.0,9.8,725.0,0.433,41000.0,0
AP02784,A,72148.0,36.6,722.0,0.193,50600.0,0
AP02785,B,37574.0,8.5,687.0,0.401,66000.0,0
AP02786,A,58189.0,0.6,623.0,0.209,29800.0,0
AP02787,A,46021.0,5.9,699.0,0.523,64100.0,1
AP02788,B,67825.0,1.8,652.0,0.08,23000.0,0
AP02789,A,68002.0,5.4,757.0,0.102,17000.0,1
AP02790,A,72462.0,30.9,694.0,0.159,37800.0,1
AP02791,A,72416.0,7.6,621.0,0.118,63400.0,0
AP02792,A,87600.0,34.5,736.0,0.443,82400.0,1
AP02793,A,79617.0,5.1,711.0,0.117,96200.0,0
AP02794,B,47035.0,8.6,701.0,0.329,42700.0,0
AP02795,A,75273.0,1.9,613.0,0.104,32300.0,0
AP02796,A,46101.0,15.4,651.0,0.081,78900.0,1
AP02797,A,50592.0,1.4,771.0,0.302,20900.0,0
AP02798,A,59606.0,1.3,781.0,0.308,71300.0,1
AP02799,A,63196.0,0.6,666.0,0.152,39700.0,0
AP02800,B,41274.0,0.9,562.0,0.097,44100.0,1
AP02801,B,26281.0,0.4,505.0,0.012,15100.0,0
AP02802,B,17347.0,1.7,612.0,0.427,24800.0,0
AP02803,B,38386.0,4.0,580.0,0.234,40600.0,0
AP02804,A,32381.0,0.7,673.0,0.149,52100.0,0
AP02805,A,76544.0,2.4,714.0,0.202,61500.0,0
AP02806,A,72086.0,0.5,571.0,0.162,80400.0,1
AP02807,B,41014.0,0.3,560.0,0.307,48900.0,0
AP02808,A,70471.0,11.2,584.0,0.21,27200.0,0
AP02809,A,68624.0,6.9,752.0,0.328,117300.0,1
AP02810,A,62842.0,5.7,683.0,0.325,108100.0,0
AP02811,A,28512.0,4.2,654.0,0.336,44600.0,0
AP02812,A,39880.0,9.6,749.0,0.149,20100.0,1
AP02813,A,50747.0,0.7,691.0,0.262,20400.0,0
AP02814,A,90533.0,1.8,622.0,0.353,133800.0,0
AP02815,A,46117.0,0.7,753.0,0.259,63900.0,0
AP02816,A,55310.0,4.4,669.0,0.41,59200.0,0
AP02817,A,41587.0,2.8,709.0,0.239,36800.0,1
AP02818,A,52694.0,1.8,781.0,0.096,28900.0,1
AP02819,A,67690.0,13.5,587.0,0.201,24300.0,0
AP02820,B,50239.0,2.2,638.0,0.087,19100.0,1
AP02821,A,12000.0,0.1,751.0,0.267,9300.0,0
AP02822,B,48150.0,0.2,563.0,0.12,73400.0,0
AP02823,A,62163.0,15.8,558.0,0.209,55700.0,0
AP02824,A,50666.0,6.1,745.0,0.356,37700.0,0
AP02825,B,65643.0,1.4,581.0,0.233,20300.0,0
AP02826,A,78979.0,0.5,715.0,0.341,32100.0,0
AP02827,A,23863.0,5.6,692.0,0.124,11800.0,0
AP02828,A,58519.0,1.4,664.0,0.416,73700.0,1
AP02829,A,81449.0,7.3,569.0,0.048,44400.0,0
AP02830,A,49512.0,1.0,782.0,0.151,46400.0,0
AP02831,A,55895.0,0.2,599.0,0.308,59300.0,0
AP02832,A,78674.0,8.1,558.0,0.129,35800.0,0
AP02833,A,56714.0,0.8,744.0,0.327,67000.0,0
AP02834,B,34756.0,7.6,694.0,0.022,58900.0,0
AP02835,B,56566.0,18.8,672.0,0.245,85400.0,1
AP02836,A,37697.0,0.7,747.0,0.442,13700.0,0
AP02837,A,71490.0,3.5,620.0,0.419,50500.0,0
AP02838,A,30531.0,13.1,683.0,0.197,45100.0,0
AP02839,A,79542.0,6.7,663.0,0.228,137100.0,0
AP02840,A,31944.0,0.9,626.0,0.071,26200.0,1
AP02841,B,55749.0,1.3,742.0,0.179,48800.0,0
AP02842,A,35154.0,8.8,613.0,0.182,14200.0,0
AP02843,A,55845.0,1.0,676.0,0.45,30200.0,0
AP02844,A,79912.0,2.9,790.0,0.149,23700.0,0
AP02845,A,81712.0,1.3,681.0,0.21,103800.0,0
AP02846,A,84993.0,1.1,676.0,0.533,86800.0,0
AP02847,B,72317.0,2.5,833.0,0.486,23900.0,1
AP02848,B,34693.0,2.6,580.0,0.111,12000.0,0
AP02849,B,73978.0,1.0,585.0,0.214,131400.0,0
AP02850,B,12000.0,0.5,698.0,0.219,13300.0,0
AP02851,A,54345.0,7.7,730.0,0.387,81900.0,0
AP02852,A,81317.0,5.1,634.0,0.274,67100.0,0
AP02853,B,73980.0,12.1,726.0,0.307,90000.0,1
AP02854,A,82106.0,1.6,658.0,0.252,112000.0,0
AP02855,A,70120.0,15.4,744.0,0.3,126100.0,0
AP02856,A,73723.0,1.3,617.0,0.287,70400.0,0
AP02857,A,48389.0,0.7,609.0,0.505,45000.0,0
AP02858,A,54038.0,8.0,797.0,0.138,54600.0,0
AP02859,A,38284.0,4.7,673.0,0.212,20300.0,1
AP02860,A,56204.0,3.5,674.0,0.127,20500.0,1
AP02861,A,58357.0,14.1,596.0,0.091,26700.0,1
AP02862,B,39158.0,2.8,601.0,0.474,11400.0,0
AP02863,A,38869.0,0.2,791.0,0.333,12700.0,1
AP02864,A,119733.0,5.0,723.0,0.074,115900.0,0
AP02865,B,29538.0,5.7,547.0,0.441,37700.0,0
AP02866,A,84168.0,10.7,554.0,0.23,24100.0,0
AP02867,A,80235.0,7.7,745.0,0.486,138500.0,1
AP02868,A,16166.0,0.1,717.0,0.212,17900.0,1
AP02869,A,56803.0,9.3,769.0,0.466,39800.0,1
AP02870,A,88042.0,0.9,656.0,0.276,69900.0,0
AP02871,A,17884.0,2.7,725.0,0.156,7800.0,0
AP02872,A,75360.0,13.9,645.0,0.165,59300.0,1
AP02873,A,45039.0,1.4,583.0,0.349,65600.0,0
AP02874,A,53124.0,6.1,551.0,0.192,72700.0,0
AP02875,A,65552.0,30.4,737.0,0.137,68300.0,0
AP02876,A,27931.0,7.1,661.0,0.044,6700.0,0
AP02877,A,65037.0,5.8,679.0,0.261,42800.0,0
AP02878,A,49883.0,4.3,571.0,0.138,20000.0,0
AP02879,A,48024.0,2.7,804.0,0.144,47100.0,0
AP02880,B,42870.0,0.7,544.0,0.229,55300.0,0
AP02881,A,124645.0,3.4,558.0,0.254,96800.0,0
AP02882,A,67683.0,0.5,590.0,0.302,61600.0,0
AP02883,A,71467.0,3.4,642.0,0.403,40800.0,1
AP02884,A,60591.0,4.2,753.0,0.256,28100.0,0
AP02885,B,35787.0,12.1,601.0,0.118,26400.0,1
AP02886,A,66154.0,2.6,720.0,0.335,116500.0,0
AP02887,B,24825.0,4.6,600.0,0.142,22000.0,0
AP02888,A,64902.0,8.5,744.0,0.639,99100.0,0
AP02889,A,77524.0,30.7,682.0,0.305,62200.0,1
AP02890,B,41953.0,1.4,630.0,0.475,38500.0,0
AP02891,A,106850.0,1.5,628.0,0.182,126100.0,0
AP02892,B,51088.0,1.5,616.0,0.48,56100.0,0
AP02893,A,72010.0,8.7,623.0,0.183,102300.0,0
AP02894,A,71224.0,11.5,639.0,0.158,106300.0,0
AP02895,A,66260.0,10.6,624.0,0.249,37800.0,0
AP02896,B,52176.0,1.1,554.0,0.147,11700.0,0
AP02897,B,54530.0,0.1,633.0,0.124,77400.0,0
AP02898,A,57213.0,1.1,574.0,0.115,27800.0,0
AP02899,A,63228.0,2.4,651.0,0.578,27900.0,0
AP02900,A,39602.0,7.7,635.0,0.372,63700.0,0
AP02901,A,42239.0,1.6,564.0,0.383,66000.0,0
AP02902,B,50249.0,3.7,635.0,0.241,59700.0,0
AP02903,A,79996.0,14.7,694.0,0.24,66200.0,0
AP02904,A,51308.0,9.3,682.0,0.219,85100.0,0
AP02905,A,48831.0,5.3,788.0,0.151,32200.0,0
AP02906,B,45348.0,20.2,591.0,0.201,16100.0,0
AP02907,A,106005.0,22.7,729.0,0.409,74100.0,1
AP02908,B,49536.0,1.2,543.0,0.288,14000.0,0
AP02909,A,60198.0,14.2,614.0,0.046,87100.0,0
AP02910,A,79493.0,5.1,775.0,0.023,43800.0,0
AP02911,A,102702.0,5.4,600.0,0.075,44700.0,1
AP02912,A,82452.0,1.7,696.0,0.292,113200.0,0
AP02913,A,35659.0,1.4,726.0,0.404,29600.0,0
AP02914,A,59819.0,2.2,659.0,0.248,73200.0,1
AP02915,A,54073.0,0.0,636.0,0.119,20400.0,0
AP02916,A,55172.0,13.8,748.0,0.119,11900.0,1
AP02917,A,39420.0,1.7,766.0,0.14,20300.0,1
AP02918,B,33141.0,0.4,489.0,0.266,27200.0,0
AP02919,A,41797.0,0.7,776.0,0.648,12900.0,1
AP02920,A,67439.0,6.2,708.0,0.033,100900.0,0
AP02921,B,30607.0,4.2,551.0,0.01,16000.0,1
AP02922,B,24234.0,3.7,625.0,0.139,10600.0,0
AP02923,B,47955.0,3.5,706.0,0.007,31500.0,0
AP02924,A,52662.0,1.3,654.0,0.152,50000.0,0
AP02925,A,73044.0,4.6,713.0,0.213,84200.0,0
AP02926,A,70222.0,19.3,711.0,0.186,67800.0,0
AP02927,A,60103.0,6.2,631.0,0.236,59400.0,0
AP02928,A,12000.0,10.6,647.0,0.059,4500.0,0
AP02929,A,52374.0,5.7,731.0,0.316,84800.0,0
AP02930,A,47940.0,0.3,739.0,0.173,29000.0,0
AP02931,A,55243.0,8.3,810.0,0.131,97300.0,1
AP02932,A,39280.0,6.7,683.0,0.113,40400.0,0
AP02933,B,48181.0,3.1,635.0,0.265,22100.0,0
AP02934,A,49288.0,3.4,631.0,0.198,55800.0,0
AP02935,A,110267.0,1.1,827.0,0.273,112300.0,0
AP02936,B,26354.0,8.1,695.0,0.224,9600.0,0
AP02937,A,57797.0,4.1,720.0,0.261,85100.0,0
AP02938,B,32574.0,1.5,589.0,0.312,40600.0,0
AP02939,A,59136.0,5.5,740.0,0.251,42800.0,1
AP02940,A,64678.0,2.3,634.0,0.309,94500.0,0
AP02941,A,53969.0,6.0,665.0,0.208,84400.0,1
AP02942,B,54354.0,5.9,682.0,0.282,85500.0,0
AP02943,A,79806.0,4.8,711.0,0.088,59900.0,1
AP02944,A,76285.0,40.0,653.0,0.339,70600.0,1
AP02945,A,66855.0,5.8,672.0,0.297,55000.0,0
AP02946,A,85321.0,10.8,764.0,0.34,145600.0,0
AP02947,A,65327.0,4.0,603.0,0.065,17400.0,0
AP02948,A,43559.0,17.1,677.0,0.225,47400.0,0
AP02949,A,29731.0,5.4,768.0,0.179,20400.0,1
AP02950,B,29712.0,0.1,649.0,0.122,13300.0,0
AP02951,A,60143.0,1.8,615.0,0.457,60900.0,0
AP02952,A,68466.0,11.0,680.0,0.195,63700.0,0
AP02953,B,18053.0,7.6,720.0,0.394,31200.0,1
AP02954,A,50913.0,0.6,706.0,0.257,21300.0,0
AP02955,A,46736.0,1.9,672.0,0.212,52500.0,0
AP02956,B,37030.0,0.2,696.0,0.156,36100.0,1
AP02957,B,59043.0,12.2,756.0,0.154,75000.0,1
AP02958,A,52654.0,1.9,699.0,0.202,50000.0,0
AP02959,B,51105.0,1.2,608.0,0.339,17200.0,1
AP02960,A,86110.0,1.6,806.0,0.062,138100.0,0
AP02961,A,67068.0,6.9,715.0,0.423,74900.0,0
AP02962,A,60289.0,5.7,741.0,0.184,39100.0,0
AP02963,A,23753.0,16.2,732.0,0.182,12600.0,0
AP02964,B,43607.0,5.1,520.0,0.071,21600.0,0
AP02965,A,72903.0,0.1,749.0,0.133,67000.0,0
AP02966,A,63549.0,0.1,649.0,0.293,82900.0,0
AP02967,A,52884.0,0.1,763.0,0.155,87600.0,0
AP02968,A,38779.0,8.6,735.0,0.201,55000.0,0
AP02969,B,39858.0,3.1,552.0,0.437,65400.0,0
AP02970,A,59351.0,4.8,748.0,0.328,33600.0,0
AP02971,B,36805.0,2.4,797.0,0.19,61900.0,0
AP02972,B,27861.0,11.3,633.0,0.228,8500.0,0
AP02973,A,87296.0,4.8,617.0,0.052,151200.0,0
AP02974,A,61911.0,13.5,704.0,0.312,30900.0,1
AP02975,A,82701.0,0.4,783.0,0.074,20800.0,1
AP02976,A,43772.0,2.2,650.0,0.467,24700.0,0
AP02977,A,67535.0,8.1,551.0,0.436,42800.0,0
AP02978,B,40277.0,4.3,596.0,0.319,15400.0,0
AP02979,A,63349.0,14.9,724.0,0.165,69700.0,1
AP02980,A,34748.0,0.4,682.0,0.219,29400.0,0
AP02981,A,55321.0,1.7,576.0,0.124,11300.0,0
AP02982,A,70940.0,8.1,650.0,0.243,37300.0,1
AP02983,A,36031.0,4.7,654.0,0.189,23900.0,0
AP02984,B,54290.0,4.3,630.0,0.206,37900.0,0
AP02985,A,65523.0,9.3,656.0,0.247,101300.0,0
AP02986,A,44129.0,0.3,676.0,0.15,40500.0,1
AP02987,A,73564.0,3.1,654.0,0.032,111500.0,1
AP02988,A,40067.0,7.8,653.0,0.454,16600.0,0
AP02989,A,28154.0,2.2,778.0,0.363,15400.0,0
AP02990,A,47274.0,2.7,587.0,0.261,50700.0,1
AP02991,A,88207.0,2.3,647.0,0.41,121400.0,0
AP02992,B,63310.0,0.3,651.0,0.144,93000.0,0
AP02993,A,61183.0,10.0,697.0,0.126,79400.0,0
AP02994,A,65732.0,5.2,589.0,0.062,85400.0,1
AP02995,A,44154.0,6.8,717.0,0.063,44300.0,1
AP02996,A,80975.0,9.0,512.0,0.191,142700.0,0
AP02997,A,64485.0,0.2,651.0,0.397,70000.0,0
AP02998,A,69325.0,10.9,725.0,0.448,88000.0,0
AP02999,A,30955.0,8.1,592.0,0.157,10300.0,0
AP03000,B,41007.0,6.1,469.0,0.084,37300.0,0
AP03001,A,12000.0,21.9,691.0,0.072,20700.0,0
AP03002,B,40465.0,2.2,639.0,0.171,71000.0,0
AP03003,A,57167.0,8.7,850.0,0.468,31800.0,0
AP03004,B,69841.0,4.7,790.0,0.128,75100.0,0
AP03005,B,62167.0,0.7,735.0,0.319,103700.0,0
AP03006,A,56739.0,0.2,568.0,0.471,18100.0,1
AP03007,B,41984.0,6.4,704.0,0.258,15200.0,1
AP03008,A,69437.0,1.4,658.0,0.375,59000.0,0
AP03009,A,88883.0,9.9,690.0,0.102,58500.0,1
AP03010,B,56208.0,7.9,678.0,0.138,95800.0,0
AP03011,A,72604.0,17.3,618.0,0.257,40100.0,0
AP03012,A,56871.0,12.0,654.0,0.322,13100.0,1
AP03013,A,55293.0,2.8,722.0,0.086,36900.0,0
AP03014,A,76018.0,8.0,580.0,0.421,75800.0,0
AP03015,A,47079.0,9.9,680.0,0.359,71800.0,0
AP03016,A,42071.0,17.6,753.0,0.134,28500.0,1
AP03017,A,73325.0,7.1,660.0,0.199,94200.0,0
AP03018,B,43576.0,12.0,684.0,0.215,55100.0,0
AP03019,A,56587.0,12.7,694.0,0.113,27200.0,1
AP03020,B,42931.0,0.6,595.0,0.15,22700.0,0
AP03021,A,70292.0,12.3,717.0,0.287,52700.0,0
AP03022,A,54673.0,15.1,676.0,0.152,44800.0,0
AP03023,B,38550.0,0.2,684.0,0.209,29900.0,0
AP03024,A,68808.0,3.9,665.0,0.105,72000.0,0
AP03025,B,56502.0,3.1,447.0,0.107,62900.0,0
AP03026,A,84157.0,0.2,625.0,0.282,23700.0,1
AP03027,A,76797.0,4.3,781.0,0.202,95400.0,1
AP03028,A,57700.0,11.0,508.0,0.175,92500.0,0
AP03029,A,63487.0,8.7,726.0,0.227,46300.0,0
AP03030,A,50675.0,1.5,806.0,0.176,33500.0,1
AP03031,A,112727.0,2.4,696.0,0.073,175300.0,1
AP03032,A,57369.0,2.0,733.0,0.165,14800.0,0
AP03033,A,71379.0,5.8,714.0,0.245,67700.0,1
AP03034,A,85851.0,15.0,850.0,0.123,135000.0,1
AP03035,A,36823.0,2.9,755.0,0.484,31900.0,1
AP03036,A,46498.0,0.3,794.0,0.309,31900.0,0
AP03037,A,54266.0,6.7,650.0,0.099,18000.0,0
AP03038,A,43467.0,1.1,695.0,0.148,35100.0,0
AP03039,B,49364.0,3.0,541.0,0.285,48000.0,0
AP03040,A,52081.0,3.9,665.0,0.137,27800.0,0
AP03041,A,84671.0,0.3,644.0,0.112,30900.0,0
AP03042,B,31444.0,4.4,676.0,0.029,40600.0,0
AP03043,A,62029.0,2.9,626.0,0.138,96700.0,0
AP03044,B,67352.0,12.0,669.0,0.219,107000.0,0
AP03045,A,31494.0,4.9,698.0,0.12,51400.0,0
AP03046,A,73955.0,0.6,737.0,0.089,102700.0,1
AP03047,A,69088.0,13.1,641.0,0.267,36900.0,0
AP03048,B,16726.0,0.4,622.0,0.019,11800.0,0
AP03049,A,65146.0,8.4,850.0,0.073,55900.0,1
AP03050,A,57954.0,1.1,755.0,0.111,77900.0,0
AP03051,B,41858.0,12.2,646.0,0.183,34500.0,1
AP03052,A,43621.0,0.1,753.0,0.421,68200.0,1
AP03053,A,49262.0,3.5,781.0,0.36,55200.0,0
AP03054,B,12000.0,1.2,619.0,0.478,19300.0,0
AP03055,A,69741.0,9.5,655.0,0.025,30300.0,1
AP03056,A,68012.0,1.7,664.0,0.197,98900.0,0
AP03057,A,67242.0,4.0,713.0,0.172,45800.0,0
AP03058,A,58155.0,3.5,798.0,0.228,38300.0,1
AP03059,B,48279.0,0.9,673.0,0.47,18000.0,0
AP03060,A,98217.0,10.0,662.0,0.113,23800.0,1
AP03061,A,27920.0,4.9,735.0,0.395,28700.0,0
AP03062,B,67433.0,8.8,622.0,0.194,100500.0,1
AP03063,A,67817.0,5.8,665.0,0.158,99300.0,0
AP03064,A,62697.0,1.4,649.0,0.095,26100.0,1
AP03065,A,52290.0,0.9,564.0,0.499,63900.0,0
AP03066,A,57515.0,1.5,590.0,0.189,37900.0,0
AP03067,A,40104.0,6.6,623.0,0.355,17800.0,0
AP03068,A,36479.0,2.3,810.0,0.189,11400.0,0
AP03069,A,59449.0,7.6,704.0,0.492,13100.0,0
AP03070,B,72928.0,1.3,621.0,0.152,44600.0,1
AP03071,A,76573.0,16.3,710.0,0.369,121900.0,0
AP03072,B,44971.0,14.4,547.0,0.024,34300.0,1
AP03073,B,73538.0,6.7,693.0,0.309,92900.0,0
AP03074,A,33516.0,13.3,684.0,0.586,40300.0,1
AP03075,A,66369.0,10.1,749.0,0.157,65800.0,0
AP03076,A,65289.0,2.0,712.0,0.147,23100.0,1
AP03077,A,63482.0,23.7,646.0,0.155,87100.0,0
AP03078,A,69074.0,7.6,657.0,0.165,36500.0,1
AP03079,B,45993.0,4.7,606.0,0.208,57500.0,1
AP03080,A,77074.0,9.9,665.0,0.396,42800.0,0
AP03081,A,93710.0,12.1,780.0,0.411,131200.0,1
AP03082,A,61977.0,7.2,667.0,0.327,54700.0,0
AP03083,B,41080.0,1.2,761.0,0.164,66500.0,1
AP03084,A,32289.0,3.6,696.0,0.255,21100.0,0
AP03085,A,59140.0,4.4,685.0,0.266,73600.0,0
AP03086,B,41532.0,2.0,645.0,0.247,64100.0,0
AP03087,A,86594.0,4.0,670.0,0.408,97200.0,0
AP03088,B,57210.0,0.4,707.0,0.041,24500.0,1
AP03089,A,71271.0,6.7,648.0,0.342,118500.0,0
AP03090,B,43716.0,11.7,706.0,0.069,49100.0,1
AP03091,B,59700.0,3.3,760.0,0.185,33700.0,0
AP03092,B,34048.0,1.3,626.0,0.389,44000.0,0
AP03093,A,65110.0,4.7,715.0,0.095,104700.0,0
AP03094,A,81145.0,0.1,750.0,0.119,89900.0,0
AP03095,A,78717.0,11.7,756.0,0.185,100700.0,0
AP03096,B,44881.0,1.7,584.0,0.115,49200.0,0
AP03097,A,86148.0,31.1,767.0,0.215,84000.0,1
AP03098,A,52617.0,11.3,653.0,0.126,60900.0,0
AP03099,A,51492.0,1.9,563.0,0.282,56400.0,0
AP03100,B,50287.0,2.9,579.0,0.141,35000.0,0
AP03101,A,56756.0,13.2,677.0,0.153,12100.0,0
AP03102,A,36893.0,19.4,767.0,0.337,25800.0,0
AP03103,A,37704.0,1.4,660.0,0.221,37000.0,0
AP03104,B,30112.0,4.5,579.0,0.173,21900.0,0
AP03105,A,77902.0,21.1,787.0,0.097,31200.0,1
AP03106,A,88588.0,19.4,785.0,0.212,70800.0,1
AP03107,A,58498.0,0.0,633.0,0.069,97900.0,0
AP03108,A,53143.0,9.6,719.0,0.042,56300.0,0
AP03109,B,52073.0,8.3,626.0,0.06,85000.0,0
AP03110,A,53341.0,4.4,641.0,0.109,95300.0,1
AP03111,A,87823.0,5.5,641.0,0.254,117100.0,0
AP03112,A,65801.0,4.7,711.0,0.041,44300.0,1
AP03113,A,65852.0,1.0,748.0,0.192,34900.0,1
AP03114,A,57348.0,2.6,686.0,0.2,94000.0,0
AP03115,A,66926.0,3.3,719.0,0.344,26700.0,0
AP03116,A,53226.0,9.0,715.0,0.229,95700.0,0
AP03117,B,32050.0,2.8,568.0,0.411,34700.0,0
AP03118,A,59152.0,13.1,720.0,0.125,56600.0,1
AP03119,A,49883.0,3.8,627.0,0.095,50500.0,1
AP03120,A,67063.0,0.5,557.0,0.166,79100.0,0
AP03121,A,63124.0,13.2,656.0,0.545,99300.0,0
AP03122,A,56870.0,2.9,634.0,0.415,18900.0,0
AP03123,A,57996.0,5.0,545.0,0.209,46200.0,1
AP03124,A,57476.0,7.7,785.0,0.112,67200.0,0
AP03125,A,92889.0,6.2,639.0,0.106,149100.0,0
AP03126,B,46316.0,5.7,716.0,0.275,39100.0,1
AP03127,B,76057.0,2.4,634.0,0.03,121900.0,0
AP03128,A,56265.0,6.0,709.0,0.146,89200.0,0
AP03129,B,59513.0,5.2,655.0,0.128,24700.0,1
AP03130,A,57978.0,2.1,713.0,0.138,64300.0,0
AP03131,A,58873.0,4.2,677.0,0.117,19300.0,0
AP03132,B,28586.0,1.5,572.0,0.299,47800.0,0
AP03133,A,64547.0,7.8,685.0,0.516,110100.0,0
AP03134,A,68613.0,0.2,850.0,0.551,78100.0,1
AP03135,A,69566.0,12.2,785.0,0.187,59400.0,1
AP03136,B,53598.0,4.3,563.0,0.314,21700.0,0
AP03137,A,42374.0,0.7,678.0,0.068,55600.0,0
AP03138,A,14284.0,2.6,606.0,0.106,10600.0,0
AP03139,A,75995.0,8.9,806.0,0.306,37000.0,0
AP03140,A,81514.0,3.3,747.0,0.341,35400.0,0
AP03141,A,84968.0,18.9,676.0,0.041,147400.0,0
AP03142,A,64155.0,7.0,611.0,0.193,102000.0,0
AP03143,A,82242.0,17.5,620.0,0.225,101100.0,1
AP03144,A,60902.0,15.9,660.0,0.226,77500.0,0
AP03145,A,59395.0,17.3,657.0,0.052,57400.0,0
AP03146,B,28768.0,1.8,716.0,0.117,25200.0,0
AP03147,A,47492.0,5.2,674.0,0.366,24400.0,0
AP03148,B,37057.0,3.3,530.0,0.069,17500.0,0
AP03149,A,78088.0,3.0,703.0,0.123,99200.0,0
AP03150,A,91406.0,0.8,684.0,0.263,124300.0,0
AP03151,A,53134.0,2.2,734.0,0.057,82000.0,0
AP03152,A,68268.0,8.0,595.0,0.233,65800.0,0
AP03153,A,66529.0,1.4,741.0,0.172,64700.0,0
AP03154,A,47650.0,1.6,763.0,0.394,22700.0,0
AP03155,B,50803.0,25.8,608.0,0.276,17600.0,0
AP03156,A,48018.0,0.9,631.0,0.019,52800.0,1
AP03157,A,35713.0,15.8,631.0,0.161,55800.0,1
AP03158,B,54318.0,11.3,516.0,0.094,41800.0,0
AP03159,A,59007.0,8.1,711.0,0.124,32500.0,1
AP03160,A,58298.0,1.1,723.0,0.205,70000.0,0
AP03161,B,58036.0,2.3,735.0,0.061,85700.0,0
AP03162,A,70237.0,8.3,572.0,0.647,54100.0,0
AP03163,A,44792.0,4.0,667.0,0.08,47400.0,0
AP03164,B,41225.0,14.3,539.0,0.08,73400.0,0
AP03165,A,31482.0,0.1,651.0,0.173,21300.0,0
AP03166,A,62655.0,0.0,716.0,0.459,106800.0,0
AP03167,B,61387.0,3.2,642.0,0.149,46700.0,0
AP03168,A,47297.0,5.7,606.0,0.161,84900.0,0
AP03169,B,38933.0,0.5,721.0,0.126,50000.0,0
AP03170,B,34372.0,0.8,675.0,0.391,31400.0,0
AP03171,B,32336.0,7.2,558.0,0.354,9200.0,0
AP03172,A,75566.0,19.9,668.0,0.596,83700.0,0
AP03173,A,75324.0,3.5,819.0,0.208,54100.0,0
AP03174,B,63931.0,8.0,605.0,0.165,73400.0,1
AP03175,B,51599.0,7.1,584.0,0.221,61100.0,0
AP03176,A,79251.0,2.2,769.0,0.114,79300.0,0
AP03177,A,68273.0,1.3,694.0,0.058,98800.0,1
AP03178,A,44744.0,20.2,720.0,0.508,16700.0,0
AP03179,A,64522.0,6.1,615.0,0.268,21400.0,0
AP03180,A,71455.0,6.4,617.0,0.287,49300.0,0
AP03181,A,65146.0,17.6,584.0,0.122,54100.0,0
AP03182,A,64909.0,4.4,751.0,0.097,95000.0,0
AP03183,A,58862.0,21.4,589.0,0.177,73900.0,0
AP03184,A,59381.0,0.3,786.0,0.129,61700.0,0
AP03185,A,44724.0,6.0,590.0,0.112,63300.0,0
AP03186,A,35833.0,10.0,686.0,0.21,25600.0,0
AP03187,A,81703.0,0.6,701.0,0.049,18300.0,1
AP03188,B,63924.0,3.7,524.0,0.196,71300.0,0
AP03189,A,65493.0,2.3,545.0,0.113,34400.0,0
AP03190,A,34588.0,7.3,649.0,0.333,29000.0,0
AP03191,A,64346.0,8.9,799.0,0.273,41400.0,1
AP03192,B,37741.0,9.9,551.0,0.482,14300.0,0
AP03193,B,68110.0,0.7,663.0,0.203,17500.0,0
AP03194,A,43249.0,0.4,689.0,0.44,25100.0,0
AP03195,A,44201.0,4.2,671.0,0.289,43600.0,0
AP03196,A,78400.0,0.2,767.0,0.158,92300.0,0
AP03197,A,81882.0,10.1,713.0,0.045,136400.0,0
AP03198,B,60571.0,3.7,583.0,0.201,78800.0,0
AP03199,B,36900.0,1.4,724.0,0.143,37100.0,1
AP03200,A,77237.0,1.7,743.0,0.329,128300.0,0
AP03201,B,41051.0,0.3,719.0,0.037,9800.0,0
AP03202,A,73740.0,2.3,772.0,0.577,47700.0,0
AP03203,A,52053.0,1.2,747.0,0.349,68300.0,1
AP03204,A,43621.0,21.2,775.0,0.11,18000.0,1
AP03205,A,55213.0,17.1,607.0,0.174,12000.0,1
AP03206,A,53227.0,9.5,701.0,0.265,57400.0,1
AP03207,B,35148.0,3.5,502.0,0.155,27400.0,0
AP03208,B,38392.0,8.1,566.0,0.047,25300.0,1
AP03209,B,49584.0,0.6,801.0,0.361,82800.0,0
AP03210,B,32963.0,0.8,641.0,0.538,43300.0,1
AP03211,B,57016.0,5.1,528.0,0.012,70800.0,0
AP03212,A,60188.0,1.8,761.0,0.209,52600.0,0
AP03213,B,12000.0,2.0,723.0,0.137,6500.0,0
AP03214,A,56704.0,0.1,717.0,0.558,14000.0,0
AP03215,A,67769.0,1.8,681.0,0.075,120500.0,0
AP03216,A,63149.0,2.3,710.0,0.19,79000.0,0
AP03217,B,58030.0,7.5,650.0,0.358,76800.0,0
AP03218,B,26396.0,4.4,571.0,0.176,11500.0,0
AP03219,A,59615.0,2.1,751.0,0.079,66100.0,1
AP03220,B,42946.0,4.6,616.0,0.219,73800.0,0
AP03221,B,38670.0,1.8,538.0,0.244,7800.0,0
AP03222,A,51712.0,2.8,681.0,0.131,50600.0,0
AP03223,A,55336.0,2.4,640.0,0.126,70400.0,0
AP03224,A,71676.0,3.8,530.0,0.421,71200.0,0
AP03225,A,68648.0,7.4,630.0,0.287,74500.0,0
AP03226,B,58004.0,15.6,713.0,0.081,93800.0,1
AP03227,B,43097.0,1.1,620.0,0.265,42700.0,0
AP03228,A,66112.0,7.8,778.0,0.095,75300.0,1
AP03229,A,58330.0,13.2,618.0,0.42,59400.0,0
AP03230,A,56362.0,1.3,730.0,0.101,22800.0,1
AP03231,A,64405.0,0.1,850.0,0.401,95800.0,0
AP03232,A,26312.0,1.8,624.0,0.413,47000.0,0
AP03233,A,66356.0,12.1,719.0,0.112,115900.0,0
AP03234,A,64059.0,4.2,741.0,0.373,109900.0,0
AP03235,A,35972.0,1.0,692.0,0.081,53600.0,0
AP03236,A,59780.0,0.1,701.0,0.025,48700.0,0
AP03237,B,49450.0,4.6,640.0,0.185,12100.0,0
AP03238,A,54553.0,18.9,850.0,0.116,94800.0,1
AP03239,A,72064.0,0.8,640.0,0.229,103700.0,0
AP03240,B,50734.0,5.5,612.0,0.299,24400.0,1
AP03241,A,46995.0,4.6,703.0,0.309,36400.0,0
AP03242,A,45051.0,9.8,838.0,0.32,80800.0,1
AP03243,A,54389.0,8.0,798.0,0.481,83000.0,1
AP03244,B,30596.0,4.6,642.0,0.256,19300.0,0
AP03245,A,76045.0,12.1,730.0,0.123,121600.0,1
AP03246,A,48886.0,24.7,718.0,0.086,27500.0,0
AP03247,A,79294.0,18.7,694.0,0.208,106300.0,1
AP03248,A,59202.0,10.3,665.0,0.328,94100.0,0
AP03249,B,35854.0,3.6,500.0,0.202,22700.0,0
AP03250,A,69160.0,1.0,716.0,0.308,57800.0,0
AP03251,B,41321.0,3.9,552.0,0.233,27100.0,0
AP03252,A,33492.0,39.0,713.0,0.11,19000.0,1
AP03253,B,57326.0,9.4,568.0,0.285,30800.0,0
AP03254,A,28917.0,14.0,727.0,0.364,44000.0,0
AP03255,A,71145.0,4.5,850.0,0.343,41700.0,0
AP03256,A,34316.0,1.5,685.0,0.079,43600.0,0
AP03257,A,60970.0,5.9,616.0,0.092,71900.0,0
AP03258,A,57966.0,2.5,782.0,0.274,56400.0,0
AP03259,A,53664.0,0.6,620.0,0.41,85900.0,0
AP03260,A,22554.0,5.0,700.0,0.102,9300.0,0
AP03261,A,59558.0,12.0,711.0,0.166,62900.0,0
AP03262,A,60841.0,34.9,653.0,0.161,98600.0,0
AP03263,A,45516.0,2.1,625.0,0.102,76800.0,0
AP03264,B,57030.0,0.6,697.0,0.188,40600.0,0
AP03265,A,79183.0,7.7,610.0,0.318,125300.0,1
AP03266,B,36336.0,6.6,522.0,0.061,43400.0,0
AP03267,B,34537.0,5.8,718.0,0.029,21900.0,1
AP03268,A,41048.0,2.4,612.0,0.103,16900.0,0
AP03269,B,39819.0,5.5,767.0,0.475,48900.0,0
AP03270,A,72897.0,0.0,602.0,0.348,73100.0,0
AP03271,A,105643.0,11.0,707.0,0.309,82300.0,1
AP03272,B,47740.0,8.6,566.0,0.193,77900.0,0
AP03273,B,49845.0,2.2,488.0,0.215,38700.0,0
AP03274,A,86583.0,5.3,655.0,0.241,69300.0,0
AP03275,B,63773.0,13.0,757.0,0.133,39100.0,1
AP03276,A,80592.0,2.2,740.0,0.226,38300.0,0
AP03277,A,51858.0,5.7,733.0,0.408,87500.0,0
AP03278,A,50541.0,11.4,630.0,0.099,54400.0,0
AP03279,A,81015.0,30.5,682.0,0.218,22900.0,1
AP03280,A,65713.0,2.1,506.0,0.142,100500.0,0
AP03281,A,85109.0,0.8,747.0,0.069,124500.0,0
AP03282,A,35832.0,19.9,689.0,0.107,10400.0,0
AP03283,B,51238.0,0.7,684.0,0.148,75600.0,0
AP03284,B,64437.0,4.0,617.0,0.204,25000.0,0
AP03285,A,56783.0,3.0,556.0,0.047,73800.0,0
AP03286,A,27738.0,1.2,711.0,0.024,44500.0,0
AP03287,A,78225.0,10.1,700.0,0.601,15900.0,0
AP03288,A,65328.0,6.5,684.0,0.337,45000.0,0
AP03289,A,44115.0,10.1,762.0,0.108,20000.0,1
AP03290,A,37727.0,2.5,679.0,0.043,46600.0,0
AP03291,A,46195.0,13.9,653.0,0.375,62300.0,0
AP03292,B,56033.0,5.1,677.0,0.087,95500.0,0
AP03293,B,78759.0,10.3,591.0,0.274,21000.0,1
AP03294,A,55724.0,11.6,630.0,0.362,81100.0,0
AP03295,A,70389.0,11.2,536.0,0.417,88400.0,0
AP03296,A,61867.0,18.2,658.0,0.271,89000.0,0
AP03297,A,65776.0,7.5,660.0,0.441,45300.0,0
AP03298,B,73554.0,1.7,644.0,0.184,75300.0,0
AP03299,A,67552.0,2.7,721.0,0.214,31400.0,1
AP03300,A,77251.0,0.3,574.0,0.014,120200.0,0
AP03301,B,31649.0,6.0,736.0,0.398,28800.0,0
AP03302,A,62827.0,13.5,692.0,0.078,82000.0,1
AP03303,A,55446.0,0.1,759.0,0.25,25400.0,0
AP03304,A,63622.0,1.8,688.0,0.178,97100.0,1
AP03305,A,61037.0,1.1,669.0,0.646,17900.0,0
AP03306,B,66721.0,3.1,723.0,0.127,43200.0,0
AP03307,A,55593.0,5.1,786.0,0.066,55000.0,0
AP03308,A,78528.0,8.6,707.0,0.036,30800.0,1
AP03309,B,47352.0,35.4,645.0,0.027,69900.0,0
AP03310,A,39795.0,0.7,724.0,0.176,71200.0,1
AP03311,B,45165.0,3.0,586.0,0.221,39000.0,0
AP03312,A,78998.0,2.7,779.0,0.197,59000.0,0
AP03313,A,57058.0,8.0,707.0,0.082,31600.0,0
AP03314,A,64092.0,21.8,626.0,0.452,65100.0,1
AP03315,B,37170.0,1.4,677.0,0.244,18800.0,0
AP03316,A,58276.0,14.8,590.0,0.169,99100.0,1
AP03317,A,81412.0,0.8,762.0,0.196,116900.0,0
AP03318,A,76034.0,2.8,665.0,0.226,130600.0,0
AP03319,A,64501.0,3.1,654.0,0.084,33700.0,0
AP03320,A,57039.0,1.7,582.0,0.175,88100.0,1
AP03321,A,33145.0,6.4,555.0,0.084,59200.0,0
AP03322,B,45372.0,1.8,556.0,0.229,41600.0,0
AP03323,A,70001.0,1.9,620.0,0.127,105600.0,0
AP03324,A,80529.0,1.1,762.0,0.393,113100.0,0
AP03325,A,97483.0,9.0,686.0,0.292,45700.0,0
AP03326,A,68584.0,3.4,713.0,0.372,56400.0,0
AP03327,B,67896.0,0.9,660.0,0.24,121100.0,0
AP03328,A,42266.0,5.8,572.0,0.16,75200.0,0
AP03329,B,71932.0,3.8,562.0,0.243,128500.0,0
AP03330,A,77268.0,1.8,659.0,0.345,116500.0,0
AP03331,B,54491.0,0.9,517.0,0.171,52800.0,0
AP03332,B,54587.0,6.1,696.0,0.072,89500.0,0
AP03333,A,69965.0,5.6,652.0,0.045,28300.0,0
AP03334,B,37382.0,8.0,559.0,0.103,29900.0,0
AP03335,B,28671.0,2.5,686.0,0.456,32100.0,0
AP03336,A,73359.0,14.8,588.0,0.091,26200.0,1
AP03337,A,81097.0,6.0,733.0,0.245,98300.0,0
AP03338,A,48213.0,6.8,493.0,0.307,68200.0,0
AP03339,A,41769.0,20.2,725.0,0.102,61000.0,0
AP03340,B,60688.0,6.1,659.0,0.192,101100.0,0
AP03341,B,17613.0,2.5,650.0,0.462,31200.0,0
AP03342,A,72782.0,1.2,666.0,0.167,55100.0,0
AP03343,A,73421.0,4.8,754.0,0.058,91800.0,0
AP03344,A,48629.0,3.1,742.0,0.111,55900.0,1
AP03345,A,68053.0,1.1,745.0,0.228,32800.0,0
AP03346,A,81942.0,9.6,659.0,0.172,85500.0,0
AP03347,B,45485.0,1.1,595.0,0.409,70900.0,0
AP03348,B,48733.0,16.1,595.0,0.085,20500.0,0
AP03349,B,12000.0,3.2,652.0,0.265,10500.0,0
AP03350,A,76511.0,9.9,764.0,0.307,57100.0,0
AP03351,B,69778.0,1.0,612.0,0.456,16000.0,0
AP03352,B,28671.0,1.5,599.0,0.077,17300.0,0
AP03353,A,75569.0,1.8,598.0,0.257,63000.0,1
AP03354,A,78048.0,8.1,559.0,0.074,56100.0,0
AP03355,A,52377.0,0.1,775.0,0.534,49600.0,0
AP03356,B,68359.0,1.7,638.0,0.316,50600.0,0
AP03357,A,43875.0,3.5,709.0,0.015,16200.0,0
AP03358,B,54866.0,2.7,720.0,0.17,89300.0,1
AP03359,A,65144.0,33.9,687.0,0.169,88500.0,0
AP03360,A,73690.0,3.6,738.0,0.096,29000.0,0
AP03361,A,64301.0,5.7,551.0,0.182,62200.0,0
AP03362,B,25800.0,10.8,598.0,0.138,8900.0,1
AP03363,B,60793.0,0.2,637.0,0.195,76600.0,0
AP03364,A,41761.0,11.3,815.0,0.122,46700.0,1
AP03365,A,87749.0,2.4,623.0,0.067,64700.0,0
AP03366,A,83071.0,7.3,818.0,0.132,72000.0,0
AP03367,A,49832.0,4.0,695.0,0.095,35600.0,0
AP03368,A,93400.0,40.0,715.0,0.416,35300.0,1
AP03369,B,33416.0,3.8,594.0,0.244,21600.0,0
AP03370,B,35686.0,2.4,703.0,0.237,28900.0,1
AP03371,A,95974.0,6.9,760.0,0.499,127700.0,0
AP03372,A,18506.0,4.1,819.0,0.078,25100.0,1
AP03373,B,44225.0,30.2,703.0,0.123,9800.0,1
AP03374,A,74823.0,7.1,739.0,0.418,69500.0,1
AP03375,A,58051.0,17.7,752.0,0.1,38200.0,1
AP03376,B,25148.0,12.4,731.0,0.006,45200.0,1
AP03377,A,88837.0,3.9,706.0,0.186,117100.0,0
AP03378,B,40313.0,24.2,658.0,0.33,69600.0,0
AP03379,B,40404.0,1.5,565.0,0.203,47400.0,0
AP03380,B,66203.0,4.3,764.0,0.058,44200.0,0
AP03381,B,68525.0,6.5,597.0,0.59,50500.0,0
AP03382,B,60160.0,1.8,757.0,0.234,103300.0,0
AP03383,B,67722.0,6.0,607.0,0.259,112200.0,1
AP03384,A,66827.0,3.2,695.0,0.298,85200.0,0
AP03385,A,55752.0,7.5,595.0,0.077,80300.0,0
AP03386,B,43244.0,0.6,547.0,0.165,41000.0,1
AP03387,B,47439.0,1.5,639.0,0.309,75000.0,0
AP03388,A,34340.0,1.0,595.0,0.107,55600.0,0
AP03389,A,53055.0,3.0,761.0,0.172,75200.0,0
AP03390,A,90885.0,1.0,625.0,0.193,146400.0,0
AP03391,A,71514.0,0.6,618.0,0.179,106800.0,0
AP03392,B,49492.0,1.2,628.0,0.274,43800.0,0
AP03393,B,42128.0,4.8,586.0,0.208,17300.0,0
AP03394,A,68740.0,7.4,789.0,0.335,113700.0,0
AP03395,A,79597.0,5.0,717.0,0.193,65700.0,0
AP03396,A,42074.0,11.0,667.0,0.265,32000.0,0
AP03397,A,56229.0,11.2,726.0,0.073,97900.0,0
AP03398,A,77529.0,1.4,726.0,0.07,80100.0,0
AP03399,A,49778.0,13.2,696.0,0.208,62300.0,0
AP03400,A,54883.0,3.5,708.0,0.33,87700.0,0
AP03401,B,31582.0,1.1,548.0,0.397,54600.0,0
AP03402,A,89528.0,15.4,700.0,0.265,52300.0,0
AP03403,B,48305.0,2.7,641.0,0.176,56100.0,1
AP03404,A,48287.0,8.6,675.0,0.518,14900.0,0
AP03405,A,72876.0,8.2,682.0,0.046,64100.0,0
AP03406,A,67389.0,6.1,592.0,0.407,25700.0,0
AP03407,A,50820.0,8.3,707.0,0.187,85100.0,0
AP03408,B,57533.0,8.1,747.0,0.048,80700.0,1
AP03409,B,27588.0,11.8,748.0,0.369,49300.0,1
AP03410,B,54790.0,0.9,673.0,0.042,79100.0,0
AP03411,A,114292.0,13.6,790.0,0.456,185900.0,1
AP03412,A,86553.0,0.7,585.0,0.157,136200.0,0
AP03413,A,76999.0,1.0,739.0,0.123,35700.0,1
AP03414,B,17044.0,4.1,688.0,0.143,23700.0,0
AP03415,A,114724.0,12.9,819.0,0.037,47900.0,1
AP03416,A,81988.0,1.4,668.0,0.302,123900.0,0
AP03417,B,45651.0,2.3,608.0,0.125,44800.0,0
AP03418,A,68354.0,4.0,639.0,0.194,111100.0,0
AP03419,A,64007.0,9.3,637.0,0.101,64500.0,0
AP03420,A,52744.0,1.0,573.0,0.202,19000.0,0
AP03421,A,67294.0,0.1,610.0,0.397,69900.0,0
AP03422,A,67144.0,15.7,651.0,0.181,19700.0,1
AP03423,B,51389.0,3.4,695.0,0.095,92200.0,0
AP03424,B,45809.0,2.7,572.0,0.524,10900.0,0
AP03425,A,77307.0,11.9,739.0,0.339,136100.0,1
AP03426,B,32750.0,0.4,577.0,0.412,48000.0,0
AP03427,B,19404.0,9.5,686.0,0.025,10400.0,0
AP03428,B,24332.0,3.5,662.0,0.513,26200.0,0
AP03429,B,37863.0,3.7,651.0,0.302,17300.0,0
AP03430,A,20966.0,5.1,557.0,0.208,15000.0,0
AP03431,A,92309.0,8.6,650.0,0.186,95000.0,1
AP03432,B,68058.0,5.2,726.0,0.136,89600.0,0
AP03433,A,47544.0,5.5,687.0,0.247,18900.0,1
AP03434,A,74082.0,11.2,711.0,0.237,113400.0,1
AP03435,A,52092.0,0.2,801.0,0.436,10400.0,0
AP03436,A,55589.0,0.2,640.0,0.282,63800.0,0
AP03437,A,23451.0,2.7,698.0,0.465,35900.0,1
AP03438,A,55081.0,2.1,614.0,0.201,82800.0,0
AP03439,A,66500.0,4.4,647.0,0.412,98000.0,0
AP03440,B,79155.0,6.4,628.0,0.141,56100.0,0
AP03441,A,57718.0,1.7,682.0,0.376,23900.0,1
AP03442,A,66631.0,19.3,725.0,0.332,56800.0,0
AP03443,B,48379.0,4.8,721.0,0.22,28500.0,0
AP03444,B,45936.0,3.6,643.0,0.406,46200.0,0
AP03445,A,49562.0,6.9,683.0,0.303,25000.0,0
AP03446,A,97322.0,12.1,748.0,0.183,43500.0,1
AP03447,A,47799.0,4.0,667.0,0.384,19400.0,0
AP03448,B,13907.0,0.7,571.0,0.221,22500.0,0
AP03449,B,28608.0,2.4,704.0,0.472,13300.0,0
AP03450,A,88746.0,3.5,622.0,0.18,93500.0,0
AP03451,A,51540.0,1.2,735.0,0.263,76600.0,0
AP03452,A,71919.0,5.5,573.0,0.298,118400.0,1
AP03453,A,68636.0,3.1,671.0,0.126,38300.0,0
AP03454,A,58801.0,3.6,751.0,0.208,38600.0,0
AP03455,A,68277.0,9.0,840.0,0.084,117300.0,0
AP03456,B,51402.0,3.4,661.0,0.121,61500.0,0
AP03457,B,28533.0,2.0,759.0,0.468,27800.0,0
AP03458,A,55767.0,0.5,669.0,0.235,89600.0,0
AP03459,A,76228.0,5.8,665.0,0.304,123500.0,0
AP03460,A,61206.0,2.5,693.0,0.188,58100.0,0
AP03461,A,38252.0,5.7,694.0,0.041,16500.0,1
AP03462,A,56254.0,6.7,777.0,0.273,32600.0,0
AP03463,A,61079.0,18.1,629.0,0.237,40300.0,0
AP03464,B,74583.0,1.2,671.0,0.319,80400.0,0
AP03465,B,50178.0,3.3,700.0,0.362,48600.0,0
AP03466,A,69948.0,10.0,734.0,0.336,50800.0,0
AP03467,A,77678.0,1.1,659.0,0.145,28100.0,1
AP03468,B,37679.0,2.5,646.0,0.055,29800.0,0
AP03469,A,55779.0,7.2,727.0,0.219,93600.0,1
AP03470,A,80601.0,14.7,670.0,0.207,72000.0,0
AP03471,A,37539.0,2.7,640.0,0.093,50000.0,0
AP03472,B,43833.0,0.1,753.0,0.189,42400.0,0
AP03473,A,64393.0,1.7,739.0,0.116,81500.0,0
AP03474,A,53987.0,4.0,623.0,0.358,37200.0,0
AP03475,A,64409.0,2.4,658.0,0.25,98900.0,0
AP03476,B,50105.0,6.7,600.0,0.338,36200.0,0
AP03477,A,66778.0,4.2,565.0,0.213,63500.0,0
AP03478,A,41332.0,4.3,669.0,0.131,10500.0,1
AP03479,A,40274.0,0.9,751.0,0.203,49900.0,0
AP03480,B,45375.0,4.5,675.0,0.241,57900.0,0
AP03481,A,50425.0,0.5,732.0,0.237,19500.0,1
AP03482,A,25474.0,1.0,850.0,0.041,11900.0,0
AP03483,A,80024.0,3.2,735.0,0.069,125000.0,0
AP03484,A,49170.0,5.6,623.0,0.395,17900.0,1
AP03485,B,36224.0,4.9,744.0,0.098,43900.0,0
AP03486,A,61799.0,5.6,744.0,0.396,17000.0,1
AP03487,A,79206.0,3.2,762.0,0.014,25900.0,1
AP03488,A,69035.0,1.3,715.0,0.366,122200.0,0
AP03489,A,93219.0,18.3,636.0,0.046,55300.0,1
AP03490,A,60605.0,3.3,681.0,0.503,30600.0,1
AP03491,A,73406.0,21.3,674.0,0.114,74500.0,1
AP03492,A,45008.0,28.5,815.0,0.329,12500.0,1
AP03493,B,82480.0,7.9,542.0,0.142,38100.0,0
AP03494,A,89903.0,6.7,669.0,0.162,75000.0,0
AP03495,A,71742.0,6.1,708.0,0.021,80000.0,0
AP03496,A,65705.0,10.5,730.0,0.27,51400.0,1
AP03497,A,27862.0,2.9,779.0,0.287,47000.0,0
AP03498,A,56162.0,0.9,753.0,0.123,60700.0,1
AP03499,B,66014.0,10.3,712.0,0.026,97700.0,0
AP03500,A,76583.0,16.9,773.0,0.197,36600.0,0
AP03501,A,49758.0,1.5,607.0,0.444,81500.0,0
AP03502,B,31106.0,1.9,525.0,0.2,16700.0,0
AP03503,B,52752.0,5.4,662.0,0.08,34700.0,0
AP03504,B,25193.0,4.1,659.0,0.242,24300.0,0
AP03505,A,42076.0,7.3,741.0,0.44,75700.0,0
AP03506,B,50880.0,2.2,638.0,0.176,75800.0,1
AP03507,B,36429.0,0.9,631.0,0.029,43200.0,0
AP03508,A,66646.0,11.3,760.0,0.185,23500.0,1
AP03509,B,71375.0,1.0,550.0,0.068,84100.0,0
AP03510,A,73727.0,0.5,652.0,0.04,73100.0,0
AP03511,A,80411.0,25.6,781.0,0.295,135300.0,1
AP03512,A,78269.0,11.9,739.0,0.059,30200.0,1
AP03513,A,27949.0,6.6,761.0,0.307,23800.0,0
AP03514,A,66681.0,0.5,776.0,0.259,18400.0,0
AP03515,B,59428.0,4.2,706.0,0.04,25400.0,1
AP03516,A,96493.0,3.8,642.0,0.35,74500.0,0
AP03517,B,33069.0,4.3,648.0,0.334,40900.0,0
AP03518,A,54678.0,7.2,654.0,0.063,59100.0,0
AP03519,A,74786.0,8.6,644.0,0.159,78500.0,1
AP03520,A,71506.0,16.8,627.0,0.027,70900.0,0
AP03521,B,33315.0,1.6,629.0,0.164,37700.0,0
AP03522,A,91685.0,8.1,667.0,0.282,92900.0,0
AP03523,B,49312.0,2.2,670.0,0.12,12000.0,0
AP03524,A,31650.0,3.0,730.0,0.248,10800.0,0
AP03525,B,61310.0,2.1,700.0,0.091,58600.0,0
AP03526,B,33849.0,7.3,684.0,0.206,48200.0,0
AP03527,A,85160.0,6.4,705.0,0.365,100200.0,0
AP03528,A,72616.0,5.5,723.0,0.385,17900.0,0
AP03529,A,47023.0,4.7,701.0,0.404,76800.0,0
AP03530,A,79534.0,0.1,716.0,0.163,42800.0,0
AP03531,A,95928.0,17.0,650.0,0.205,120800.0,0
AP03532,A,77364.0,11.7,699.0,0.262,20000.0,1
AP03533,A,91351.0,20.6,599.0,0.386,93100.0,0
AP03534,A,49094.0,2.4,765.0,0.097,24600.0,1
AP03535,A,81023.0,0.1,703.0,0.124,51700.0,0
AP03536,B,63228.0,8.3,654.0,0.333,48500.0,1
AP03537,A,36377.0,5.3,593.0,0.177,52100.0,0
AP03538,A,33951.0,5.8,622.0,0.057,39400.0,0
AP03539,A,50089.0,24.2,647.0,0.233,41100.0,0
AP03540,A,64357.0,6.9,548.0,0.219,72500.0,0
AP03541,A,70979.0,22.8,760.0,0.13,127200.0,1
AP03542,A,58898.0,5.8,732.0,0.449,32800.0,0
AP03543,A,61757.0,1.8,690.0,0.342,100400.0,0
AP03544,A,60910.0,2.8,763.0,0.238,53100.0,0
AP03545,B,55740.0,14.9,509.0,0.28,99900.0,1
AP03546,A,73338.0,1.6,617.0,0.09,90800.0,0
AP03547,A,71770.0,3.4,763.0,0.18,48900.0,0
AP03548,A,61955.0,5.2,740.0,0.188,85400.0,0
AP03549,A,67554.0,3.9,681.0,0.158,68800.0,0
AP03550,B,49871.0,3.6,751.0,0.135,80900.0,1
AP03551,A,77147.0,12.9,697.0,0.239,68700.0,1
AP03552,A,53943.0,11.6,657.0,0.117,79200.0,0
AP03553,A,92224.0,7.1,652.0,0.089,95300.0,1
AP03554,A,62518.0,4.8,621.0,0.118,42400.0,0
AP03555,B,30452.0,18.8,576.0,0.227,11900.0,0
AP03556,A,49380.0,5.4,673.0,0.414,17000.0,0
AP03557,A,56793.0,16.6,749.0,0.04,50700.0,1
AP03558,A,65892.0,0.3,575.0,0.41,118100.0,0
AP03559,B,66290.0,1.4,592.0,0.132,117300.0,0
AP03560,A,51857.0,0.4,657.0,0.11,66600.0,0
AP03561,B,59366.0,4.4,471.0,0.042,70600.0,0
AP03562,B,45576.0,2.6,657.0,0.378,46500.0,0
AP03563,A,65705.0,7.8,792.0,0.136,36000.0,0
AP03564,A,72766.0,0.1,811.0,0.246,60400.0,0
AP03565,B,50575.0,3.3,698.0,0.024,77900.0,1
AP03566,A,57380.0,4.5,757.0,0.097,35200.0,0
AP03567,A,27322.0,6.0,575.0,0.15,27500.0,1
AP03568,A,60407.0,8.8,609.0,0.276,47300.0,0
AP03569,A,29981.0,3.4,621.0,0.087,28500.0,0
AP03570,B,39112.0,10.6,470.0,0.205,41300.0,0
AP03571,B,28461.0,1.2,723.0,0.067,37000.0,0
AP03572,A,73098.0,1.0,799.0,0.064,56700.0,1
AP03573,A,51451.0,5.4,563.0,0.058,82200.0,0
AP03574,B,40367.0,15.2,689.0,0.212,13100.0,1
AP03575,A,61382.0,8.5,715.0,0.119,25500.0,1
AP03576,B,50747.0,6.5,545.0,0.128,17800.0,0
AP03577,A,71568.0,5.2,658.0,0.122,67100.0,0
AP03578,A,56738.0,1.5,670.0,0.234,23200.0,0
AP03579,A,95900.0,3.3,662.0,0.531,150900.0,0
AP03580,A,44026.0,7.5,618.0,0.299,41900.0,1
AP03581,A,80938.0,3.5,673.0,0.224,122200.0,0
AP03582,A,50794.0,3.8,694.0,0.291,37300.0,1
AP03583,B,40199.0,7.3,651.0,0.18,14500.0,0
AP03584,B,65603.0,2.3,633.0,0.267,110100.0,0
AP03585,A,76134.0,10.4,735.0,0.486,31900.0,0
AP03586,A,55117.0,0.1,592.0,0.29,48500.0,0
AP03587,A,48228.0,0.1,637.0,0.302,61500.0,0
AP03588,A,60308.0,4.2,602.0,0.09,31900.0,0
AP03589,A,71528.0,5.9,554.0,0.249,76700.0,0
AP03590,A,70245.0,10.8,695.0,0.112,101500.0,0
AP03591,A,91276.0,0.1,628.0,0.132,80000.0,1
AP03592,A,77719.0,0.0,773.0,0.241,103900.0,0
AP03593,B,12000.0,0.8,507.0,0.104,16400.0,0
AP03594,A,55829.0,13.6,745.0,0.138,25000.0,1
AP03595,A,27310.0,7.8,624.0,0.287,21200.0,1
AP03596,A,56128.0,2.1,641.0,0.256,69300.0,0
AP03597,A,74185.0,4.0,719.0,0.098,120800.0,0
AP03598,A,39048.0,12.2,651.0,0.086,10200.0,0
AP03599,A,41853.0,10.1,621.0,0.336,8600.0,0
AP03600,B,37333.0,0.2,700.0,0.037,61700.0,0
AP03601,A,57845.0,2.3,765.0,0.126,64900.0,1
AP03602,A,91395.0,15.3,714.0,0.269,55900.0,1
AP03603,B,64505.0,0.6,684.0,0.102,58700.0,0
AP03604,B,27236.0,1.2,744.0,0.328,42600.0,0
AP03605,B,49472.0,3.2,573.0,0.305,39400.0,1
AP03606,A,54034.0,0.5,652.0,0.06,38600.0,0
AP03607,A,62997.0,9.7,698.0,0.159,60200.0,0
AP03608,A,45229.0,0.8,603.0,0.203,52700.0,0
AP03609,B,40068.0,4.5,573.0,0.242,72100.0,0
AP03610,A,81589.0,3.4,789.0,0.264,56200.0,0
AP03611,A,87577.0,3.1,721.0,0.153,135500.0,0
AP03612,A,62383.0,12.6,606.0,0.281,55400.0,0
AP03613,B,27680.0,3.0,598.0,0.268,39800.0,0
AP03614,A,49297.0,11.8,583.0,0.068,44300.0,0
AP03615,A,38023.0,11.4,844.0,0.214,22300.0,1
AP03616,A,65226.0,1.9,655.0,0.056,70300.0,1
AP03617,B,65611.0,4.9,558.0,0.255,64600.0,0
AP03618,B,15397.0,7.0,697.0,0.343,4200.0,0
AP03619,A,24007.0,27.2,692.0,0.152,34800.0,0
AP03620,A,88222.0,2.1,617.0,0.183,132900.0,1
AP03621,B,26952.0,4.0,714.0,0.153,28000.0,1
AP03622,A,69014.0,2.0,607.0,0.086,122900.0,0
AP03623,A,40471.0,16.2,672.0,0.182,52300.0,0
AP03624,A,77129.0,1.7,673.0,0.115,123300.0,0
AP03625,B,40801.0,3.7,696.0,0.502,41000.0,0
AP03626,B,43323.0,0.8,698.0,0.136,48000.0,0
AP03627,A,77926.0,10.2,647.0,0.201,76600.0,0
AP03628,A,64014.0,14.1,714.0,0.29,81600.0,0
AP03629,A,73245.0,1.3,774.0,0.077,50600.0,0
AP03630,B,53452.0,2.8,722.0,0.025,58500.0,0
AP03631,A,82861.0,0.4,768.0,0.206,113100.0,1
AP03632,B,19473.0,0.3,651.0,0.148,16400.0,0
AP03633,B,64630.0,14.5,568.0,0.141,102700.0,0
AP03634,B,36903.0,17.4,697.0,0.133,51400.0,1
AP03635,A,59039.0,0.6,623.0,0.471,45500.0,0
AP03636,A,64447.0,3.1,596.0,0.17,82000.0,1
AP03637,A,52308.0,1.4,573.0,0.435,54900.0,0
AP03638,B,13848.0,1.2,677.0,0.576,9800.0,0
AP03639,B,19130.0,5.0,617.0,0.329,14600.0,0
AP03640,A,69687.0,2.5,658.0,0.096,65800.0,0
AP03641,A,63320.0,0.8,599.0,0.199,23700.0,1
AP03642,A,74256.0,9.8,711.0,0.312,43100.0,1
AP03643,B,83331.0,11.3,623.0,0.211,57400.0,1
AP03644,A,91634.0,5.6,599.0,0.274,103000.0,1
AP03645,A,69454.0,1.8,607.0,0.203,89600.0,0
AP03646,A,71316.0,17.4,594.0,0.289,58000.0,0
AP03647,B,57465.0,2.8,719.0,0.292,50800.0,0
AP03648,A,82704.0,2.1,736.0,0.134,95300.0,0
AP03649,A,76499.0,8.4,635.0,0.327,87000.0,0
AP03650,B,60239.0,17.9,538.0,0.142,48100.0,0
AP03651,A,60010.0,3.6,829.0,0.275,59500.0,0
AP03652,A,33708.0,5.2,742.0,0.397,21000.0,0
AP03653,A,67143.0,14.4,786.0,0.142,94600.0,0
AP03654,A,57678.0,29.4,723.0,0.024,103500.0,0
AP03655,A,57663.0,1.2,694.0,0.261,12400.0,0
AP03656,A,106560.0,22.5,702.0,0.309,133100.0,0
AP03657,A,29869.0,23.3,795.0,0.144,49200.0,0
AP03658,A,64328.0,3.8,839.0,0.244,29600.0,0
AP03659,A,85139.0,13.3,715.0,0.069,109700.0,1
AP03660,B,59329.0,6.9,658.0,0.392,94500.0,1
AP03661,A,85649.0,10.2,757.0,0.062,150700.0,1
AP03662,A,40541.0,3.7,742.0,0.095,44500.0,0
AP03663,B,37609.0,6.3,794.0,0.365,53900.0,0
AP03664,A,74502.0,10.3,646.0,0.47,116200.0,0
AP03665,A,58044.0,34.7,641.0,0.227,74500.0,1
AP03666,A,94177.0,4.2,799.0,0.097,121500.0,0
AP03667,A,67498.0,7.7,663.0,0.248,116200.0,1
AP03668,A,66925.0,6.9,668.0,0.209,74700.0,1
AP03669,A,71340.0,2.0,665.0,0.417,51100.0,0
AP03670,A,58527.0,1.6,605.0,0.213,18900.0,0
AP03671,A,65570.0,16.2,725.0,0.211,117100.0,0
AP03672,A,51294.0,7.3,687.0,0.143,22900.0,1
AP03673,A,62776.0,1.0,721.0,0.042,52500.0,0
AP03674,A,54755.0,14.7,788.0,0.098,97700.0,1
AP03675,A,68071.0,5.2,676.0,0.15,79700.0,0
AP03676,A,37974.0,9.4,697.0,0.35,35400.0,0
AP03677,A,36628.0,6.0,642.0,0.11,39400.0,0
AP03678,A,71752.0,10.2,753.0,0.181,64000.0,0
AP03679,A,67566.0,36.1,721.0,0.185,44700.0,1
AP03680,B,43221.0,0.8,749.0,0.191,71800.0,0
AP03681,A,59421.0,2.9,802.0,0.207,70600.0,1
AP03682,A,44633.0,4.7,598.0,0.116,35600.0,1
AP03683,B,36969.0,9.9,576.0,0.144,47900.0,1
AP03684,A,35394.0,0.2,603.0,0.135,28200.0,0
AP03685,B,18078.0,5.1,740.0,0.199,18600.0,0
AP03686,A,48716.0,1.8,552.0,0.199,80300.0,0
AP03687,A,71114.0,3.2,798.0,0.552,60300.0,0
AP03688,B,57188.0,7.7,543.0,0.419,67500.0,0
AP03689,A,56693.0,1.6,731.0,0.221,98000.0,0
AP03690,B,45792.0,3.7,613.0,0.498,37900.0,0
AP03691,B,61495.0,6.0,690.0,0.551,34900.0,0
AP03692,A,58352.0,7.5,602.0,0.137,16200.0,0
AP03693,A,47203.0,10.4,687.0,0.075,58900.0,0
AP03694,B,51949.0,0.6,507.0,0.31,55000.0,0
AP03695,A,88838.0,6.4,670.0,0.393,141100.0,0
AP03696,A,66117.0,4.8,787.0,0.062,86900.0,1
AP03697,B,50830.0,0.4,539.0,0.136,77900.0,0
AP03698,A,68857.0,10.4,711.0,0.154,98900.0,0
AP03699,A,65064.0,3.1,743.0,0.34,91300.0,0
AP03700,A,85118.0,10.4,654.0,0.315,72800.0,0
AP03701,A,46217.0,14.8,602.0,0.144,43400.0,0
AP03702,A,63969.0,3.3,611.0,0.101,64600.0,0
AP03703,A,49486.0,38.7,654.0,0.157,30700.0,0
AP03704,B,42448.0,0.3,587.0,0.135,49100.0,0
AP03705,A,96053.0,8.5,689.0,0.2,101500.0,0
AP03706,A,61958.0,0.5,655.0,0.225,30500.0,0
AP03707,A,73318.0,7.7,694.0,0.055,47800.0,0
AP03708,A,88918.0,1.0,639.0,0.404,28700.0,0
AP03709,B,37876.0,4.3,616.0,0.163,51400.0,0
AP03710,A,46810.0,4.9,744.0,0.339,68800.0,0
AP03711,B,43004.0,5.3,578.0,0.549,62100.0,0
AP03712,A,72733.0,14.4,808.0,0.315,94800.0,0
AP03713,A,59888.0,5.7,603.0,0.15,94100.0,0
AP03714,A,89915.0,5.5,720.0,0.163,106600.0,0
AP03715,A,67877.0,7.3,667.0,0.238,49800.0,1
AP03716,A,31584.0,5.6,747.0,0.173,55600.0,0
AP03717,A,69864.0,3.1,750.0,0.285,100300.0,0
AP03718,A,62564.0,6.5,695.0,0.344,82100.0,0
AP03719,A,97484.0,14.5,709.0,0.398,60000.0,1
AP03720,A,63338.0,1.5,591.0,0.297,18000.0,0
AP03721,A,59924.0,2.1,585.0,0.066,77000.0,1
AP03722,A,71503.0,9.7,689.0,0.346,55700.0,1
AP03723,A,68051.0,28.0,710.0,0.192,31500.0,1
AP03724,A,38300.0,1.0,652.0,0.354,14800.0,0
AP03725,A,65798.0,3.0,733.0,0.273,94000.0,0
AP03726,A,57748.0,2.5,765.0,0.199,86800.0,0
AP03727,A,88930.0,9.3,568.0,0.244,69200.0,0
AP03728,B,62099.0,0.1,547.0,0.179,35500.0,1
AP03729,A,43536.0,2.5,823.0,0.252,74800.0,0
AP03730,B,47430.0,6.7,681.0,0.067,34400.0,1
AP03731,A,48494.0,27.6,687.0,0.59,42500.0,0
AP03732,A,51834.0,5.1,691.0,0.089,74100.0,1
AP03733,A,51231.0,6.8,724.0,0.302,26300.0,0
AP03734,B,47904.0,2.0,685.0,0.29,42000.0,0
AP03735,A,83264.0,2.6,721.0,0.052,105000.0,1
AP03736,B,47780.0,0.0,648.0,0.215,24100.0,0
AP03737,A,35970.0,3.1,733.0,0.23,61200.0,0
AP03738,A,30502.0,9.9,647.0,0.244,39000.0,0
AP03739,A,83560.0,0.8,683.0,0.36,116900.0,0
AP03740,A,87554.0,5.1,713.0,0.282,101200.0,0
AP03741,A,36049.0,1.5,759.0,0.109,21400.0,1
AP03742,B,50368.0,0.6,644.0,0.191,54200.0,0
AP03743,A,66020.0,19.4,716.0,0.271,21400.0,1
AP03744,B,46683.0,6.7,476.0,0.232,48300.0,0
AP03745,A,81946.0,0.7,685.0,0.458,95500.0,0
AP03746,A,67166.0,11.6,716.0,0.184,41400.0,0
AP03747,A,75961.0,0.3,823.0,0.456,44700.0,1
AP03748,A,69576.0,25.4,630.0,0.214,26500.0,0
AP03749,A,53709.0,19.3,699.0,0.081,50900.0,0
AP03750,A,98045.0,40.0,653.0,0.101,118200.0,1
AP03751,A,63669.0,4.9,731.0,0.411,61500.0,0
AP03752,A,43672.0,0.4,633.0,0.167,23700.0,0
AP03753,A,55269.0,5.9,748.0,0.24,41100.0,0
AP03754,B,38534.0,1.9,629.0,0.215,57500.0,0
AP03755,A,63997.0,7.2,807.0,0.052,38700.0,0
AP03756,A,83435.0,9.4,695.0,0.281,30800.0,1
AP03757,B,65681.0,0.6,617.0,0.417,33900.0,0
AP03758,B,44864.0,2.0,478.0,0.303,21400.0,0
AP03759,A,101388.0,17.4,709.0,0.069,140800.0,0
AP03760,B,51896.0,6.4,578.0,0.131,67200.0,0
AP03761,A,42855.0,0.5,763.0,0.049,16800.0,0
AP03762,A,48341.0,6.3,694.0,0.081,10100.0,1
AP03763,A,57678.0,0.3,647.0,0.343,52100.0,0
AP03764,A,40623.0,2.2,593.0,0.467,48600.0,0
AP03765,A,41196.0,1.7,655.0,0.111,42600.0,0
AP03766,A,59028.0,1.5,622.0,0.05,90600.0,0
AP03767,A,60457.0,4.3,756.0,0.47,68300.0,1
AP03768,A,74610.0,0.3,611.0,0.032,134200.0,1
AP03769,B,76216.0,14.8,697.0,0.252,131900.0,1
AP03770,A,97420.0,11.0,708.0,0.133,128600.0,1
AP03771,A,82821.0,5.3,793.0,0.083,108200.0,1
AP03772,A,79745.0,7.6,581.0,0.119,133700.0,0
AP03773,A,51984.0,7.9,681.0,0.048,17800.0,0
AP03774,A,95033.0,0.3,756.0,0.233,49100.0,0
AP03775,A,57532.0,2.0,578.0,0.158,18700.0,1
AP03776,A,96407.0,17.4,740.0,0.117,39100.0,1
AP03777,B,56996.0,9.9,701.0,0.107,47800.0,0
AP03778,B,53697.0,0.7,630.0,0.226,70200.0,0
AP03779,B,16930.0,1.3,753.0,0.037,27400.0,0
AP03780,A,97407.0,1.4,659.0,0.146,174900.0,0
AP03781,B,49515.0,11.1,689.0,0.311,15900.0,0
AP03782,A,60915.0,14.8,796.0,0.036,70100.0,1
AP03783,A,67389.0,2.4,633.0,0.225,80800.0,0
AP03784,B,24436.0,8.3,667.0,0.029,33700.0,0
AP03785,A,49794.0,5.2,807.0,0.343,68100.0,0
AP03786,A,60109.0,20.1,588.0,0.39,22600.0,0
AP03787,A,51827.0,1.1,694.0,0.166,16400.0,0
AP03788,B,20176.0,3.3,702.0,0.198,11300.0,0
AP03789,A,72122.0,1.4,795.0,0.095,70400.0,0
AP03790,B,42953.0,5.4,757.0,0.407,14900.0,0
AP03791,A,76803.0,18.9,662.0,0.065,74800.0,0
AP03792,A,65695.0,0.8,657.0,0.178,64900.0,0
AP03793,A,77458.0,10.6,742.0,0.294,61100.0,1
AP03794,A,79742.0,8.6,637.0,0.106,68700.0,0
AP03795,A,86179.0,9.7,709.0,0.136,150100.0,0
AP03796,A,75040.0,5.4,694.0,0.136,88900.0,0
AP03797,A,76463.0,3.1,633.0,0.187,44100.0,0
AP03798,A,60471.0,1.5,850.0,0.394,76500.0,0
AP03799,A,73975.0,8.2,702.0,0.097,117000.0,0
AP03800,B,67754.0,3.0,630.0,0.252,59800.0,0
AP03801,A,59276.0,16.7,767.0,0.326,68900.0,1
AP03802,B,47604.0,3.6,731.0,0.191,33900.0,1
AP03803,B,12000.0,0.5,607.0,0.264,19100.0,0
AP03804,A,71754.0,6.2,652.0,0.136,91900.0,0
AP03805,A,44665.0,14.0,696.0,0.292,64300.0,1
AP03806,A,88377.0,14.7,682.0,0.431,69400.0,1
AP03807,A,53310.0,7.4,606.0,0.323,52100.0,0
AP03808,A,70846.0,1.2,847.0,0.317,30700.0,1
AP03809,A,63301.0,10.6,850.0,0.15,67200.0,1
AP03810,A,80533.0,1.0,733.0,0.07,40900.0,1
AP03811,A,56812.0,2.4,703.0,0.01,29100.0,0
AP03812,A,45674.0,4.2,672.0,0.223,11300.0,0
AP03813,B,40306.0,10.3,683.0,0.348,34200.0,0
AP03814,A,58182.0,4.2,720.0,0.054,58500.0,0
AP03815,A,42171.0,11.6,688.0,0.4,16800.0,0
AP03816,A,73355.0,8.0,732.0,0.07,122500.0,0
AP03817,A,89716.0,11.6,758.0,0.162,140000.0,0
AP03818,A,23563.0,14.2,841.0,0.171,8800.0,0
AP03819,A,40442.0,2.0,688.0,0.171,53600.0,0
AP03820,A,69284.0,13.7,707.0,0.128,63700.0,1
AP03821,A,85983.0,13.1,673.0,0.266,113300.0,1
AP03822,A,69223.0,6.0,714.0,0.44,89800.0,0
AP03823,A,69556.0,6.6,620.0,0.489,115700.0,0
AP03824,A,72837.0,5.0,803.0,0.217,86100.0,1
AP03825,A,74089.0,4.6,727.0,0.163,40900.0,1
AP03826,A,93377.0,3.3,600.0,0.33,104000.0,0
AP03827,A,74764.0,28.2,691.0,0.237,80100.0,0
AP03828,A,41305.0,0.9,774.0,0.038,42500.0,1
AP03829,A,55174.0,8.7,737.0,0.046,72100.0,0
AP03830,A,67494.0,2.8,648.0,0.191,117800.0,0
AP03831,B,54289.0,2.4,741.0,0.274,97500.0,0
AP03832,A,58992.0,13.9,714.0,0.18,27900.0,1
AP03833,A,54208.0,4.7,648.0,0.26,75400.0,0
AP03834,A,51041.0,8.8,714.0,0.058,24000.0,1
AP03835,B,39199.0,8.8,708.0,0.373,29500.0,0
AP03836,B,42544.0,4.9,645.0,0.332,9700.0,0
AP03837,A,43961.0,0.5,603.0,0.163,16500.0,0
AP03838,A,50772.0,8.9,756.0,0.162,44100.0,0
AP03839,A,64380.0,2.2,762.0,0.156,98900.0,0
AP03840,B,45987.0,1.5,730.0,0.031,60700.0,0
AP03841,A,68375.0,0.8,703.0,0.245,79900.0,0
AP03842,A,90536.0,23.8,793.0,0.177,142100.0,0
AP03843,A,72644.0,4.0,581.0,0.091,87800.0,0
AP03844,A,24833.0,32.3,686.0,0.233,20600.0,0
AP03845,A,70550.0,9.2,729.0,0.178,60600.0,0
AP03846,A,48286.0,6.3,731.0,0.114,30200.0,0
AP03847,A,39199.0,4.9,657.0,0.336,59300.0,0
AP03848,A,44201.0,6.0,552.0,0.042,33200.0,0
AP03849,A,96057.0,1.4,640.0,0.311,74600.0,0
AP03850,B,35843.0,7.1,593.0,0.485,38600.0,0
AP03851,A,52474.0,5.6,647.0,0.565,14500.0,0
AP03852,A,84660.0,4.0,703.0,0.203,136300.0,1
AP03853,A,75725.0,0.5,677.0,0.389,91400.0,1
AP03854,B,55868.0,19.3,536.0,0.424,25400.0,0
AP03855,A,61674.0,3.2,643.0,0.142,54100.0,1
AP03856,A,54338.0,0.1,713.0,0.18,25300.0,0
AP03857,A,60144.0,3.6,706.0,0.24,44900.0,0
AP03858,A,77297.0,1.4,616.0,0.019,33200.0,0
AP03859,A,53239.0,6.7,712.0,0.401,17700.0,0
AP03860,A,57879.0,2.3,757.0,0.094,89300.0,0
AP03861,A,90115.0,4.0,716.0,0.162,121700.0,0
AP03862,A,30279.0,0.2,641.0,0.444,46800.0,0
AP03863,A,56920.0,0.1,646.0,0.274,22300.0,0
AP03864,A,72178.0,24.1,596.0,0.211,83900.0,1
AP03865,A,41083.0,9.5,610.0,0.172,47700.0,0
AP03866,A,52235.0,3.3,544.0,0.173,50700.0,0
AP03867,A,39842.0,28.3,713.0,0.286,49200.0,0
AP03868,A,66477.0,4.1,690.0,0.42,60700.0,0
AP03869,A,52360.0,7.9,686.0,0.048,33500.0,1
AP03870,A,77917.0,1.0,850.0,0.576,33200.0,1
AP03871,B,28562.0,2.2,685.0,0.255,6100.0,0
AP03872,A,64490.0,7.6,742.0,0.457,106500.0,0
AP03873,A,56765.0,2.6,598.0,0.304,61000.0,0
AP03874,A,68368.0,1.2,664.0,0.246,110700.0,1
AP03875,B,43575.0,4.2,659.0,0.418,55500.0,0
AP03876,A,41575.0,11.5,699.0,0.324,24500.0,0
AP03877,A,83070.0,8.2,612.0,0.317,87800.0,0
AP03878,A,67733.0,0.4,640.0,0.04,43900.0,1
AP03879,A,77939.0,8.2,640.0,0.188,130100.0,0
AP03880,A,38940.0,0.9,705.0,0.235,50200.0,0
AP03881,A,79532.0,10.9,599.0,0.576,51700.0,0
AP03882,A,101838.0,6.0,699.0,0.152,77600.0,0
AP03883,A,74801.0,3.2,722.0,0.124,134400.0,0
AP03884,B,48310.0,4.4,594.0,0.247,54300.0,0
AP03885,A,64293.0,1.7,770.0,0.083,97900.0,0
AP03886,A,62551.0,2.9,694.0,0.34,97000.0,0
AP03887,A,67575.0,0.8,702.0,0.1,44700.0,1
AP03888,A,59376.0,6.9,704.0,0.137,31400.0,0
AP03889,A,72609.0,0.1,751.0,0.274,103800.0,0
AP03890,A,55176.0,0.7,721.0,0.168,63500.0,1
AP03891,A,67778.0,11.6,692.0,0.13,63800.0,0
AP03892,A,51107.0,11.0,737.0,0.327,13500.0,0
AP03893,A,65397.0,1.9,634.0,0.37,21400.0,0
AP03894,A,81667.0,11.9,746.0,0.457,142400.0,0
AP03895,A,54689.0,2.6,606.0,0.351,27000.0,0
AP03896,A,75702.0,2.4,781.0,0.253,53800.0,1
AP03897,A,47487.0,2.0,647.0,0.256,82800.0,0
AP03898,B,51788.0,17.5,583.0,0.356,50200.0,1
AP03899,A,59293.0,21.9,672.0,0.147,44100.0,1
AP03900,A,86216.0,7.3,724.0,0.229,134500.0,1
AP03901,A,49668.0,24.1,556.0,0.418,78100.0,0
AP03902,B,84825.0,2.8,619.0,0.059,51100.0,0
AP03903,A,36965.0,26.3,734.0,0.213,38100.0,0
AP03904,A,60700.0,0.5,713.0,0.331,67300.0,0
AP03905,A,80145.0,5.9,607.0,0.528,34900.0,0
AP03906,A,76195.0,3.6,775.0,0.102,28600.0,1
AP03907,B,53176.0,2.5,535.0,0.117,34100.0,0
AP03908,A,41334.0,3.0,628.0,0.193,52400.0,0
AP03909,A,79499.0,6.2,659.0,0.213,74900.0,0
AP03910,B,35758.0,7.8,802.0,0.222,18600.0,0
AP03911,A,74085.0,13.4,645.0,0.113,113400.0,0
AP03912,A,54078.0,1.0,674.0,0.102,48300.0,0
AP03913,B,36732.0,0.1,599.0,0.129,26300.0,0
AP03914,B,41138.0,5.5,624.0,0.21,66200.0,0
AP03915,A,91720.0,2.0,818.0,0.174,109100.0,1
AP03916,A,78806.0,5.3,686.0,0.274,37500.0,1
AP03917,A,38495.0,1.6,663.0,0.16,7700.0,0
AP03918,A,69346.0,12.7,655.0,0.11,103800.0,0
AP03919,A,64494.0,17.0,731.0,0.031,56600.0,0
AP03920,A,61697.0,0.4,662.0,0.217,59300.0,0
AP03921,A,87833.0,13.9,674.0,0.059,101800.0,1
AP03922,A,32255.0,1.9,676.0,0.058,41100.0,0
AP03923,B,68785.0,1.1,643.0,0.252,91900.0,0
AP03924,A,65809.0,6.0,707.0,0.187,27100.0,0
AP03925,A,49847.0,0.6,668.0,0.182,49900.0,0
AP03926,A,94920.0,7.4,633.0,0.107,48800.0,0
AP03927,A,40440.0,2.4,733.0,0.206,8200.0,0
AP03928,A,64003.0,0.3,698.0,0.574,61000.0,0
AP03929,A,64949.0,7.9,691.0,0.484,92700.0,0
AP03930,A,23598.0,3.1,552.0,0.571,18400.0,0
AP03931,A,37452.0,6.2,683.0,0.281,19700.0,1
AP03932,A,45833.0,1.9,635.0,0.082,19100.0,0
AP03933,A,77821.0,1.4,615.0,0.022,137000.0,0
AP03934,A,80691.0,0.7,654.0,0.084,128900.0,0
AP03935,A,74296.0,0.3,623.0,0.163,41100.0,0
AP03936,B,45305.0,1.0,562.0,0.091,13000.0,1
AP03937,A,23432.0,2.7,602.0,0.2,25200.0,0
AP03938,B,47797.0,6.6,602.0,0.133,79400.0,0
AP03939,A,54106.0,5.2,673.0,0.389,75200.0,0
AP03940,A,84787.0,15.3,627.0,0.082,44000.0,0
AP03941,A,87970.0,6.9,684.0,0.288,38400.0,1
AP03942,B,28087.0,4.0,627.0,0.348,11100.0,0
AP03943,A,76367.0,0.4,787.0,0.284,104100.0,1
AP03944,A,78300.0,3.1,763.0,0.365,62700.0,0
AP03945,A,44656.0,6.1,677.0,0.247,58800.0,0
AP03946,A,64885.0,9.9,710.0,0.162,52400.0,0
AP03947,B,58140.0,0.6,709.0,0.319,69800.0,0
AP03948,A,79777.0,12.5,653.0,0.06,116700.0,1
AP03949,A,41666.0,0.0,668.0,0.127,68400.0,1
AP03950,A,59518.0,13.2,649.0,0.051,98400.0,0
AP03951,A,48463.0,2.2,723.0,0.317,36900.0,0
AP03952,A,54866.0,0.0,606.0,0.359,46300.0,0
AP03953,B,30312.0,6.2,552.0,0.203,31300.0,0
AP03954,A,53124.0,22.6,619.0,0.07,90700.0,0
AP03955,A,67416.0,4.7,696.0,0.092,32100.0,0
AP03956,A,45103.0,7.7,774.0,0.58,65700.0,0
AP03957,A,88864.0,6.1,808.0,0.252,158200.0,0
AP03958,A,51639.0,19.8,585.0,0.172,81700.0,0
AP03959,B,61601.0,2.9,703.0,0.17,84900.0,0
AP03960,A,102384.0,21.7,788.0,0.33,125300.0,1
AP03961,B,35638.0,3.2,553.0,0.066,47600.0,0
AP03962,B,36965.0,1.8,617.0,0.18,14100.0,0
AP03963,A,59613.0,0.5,631.0,0.211,61600.0,0
AP03964,B,64728.0,0.4,542.0,0.075,26700.0,1
AP03965,B,76472.0,1.1,632.0,0.24,52500.0,0
AP03966,A,70284.0,9.1,740.0,0.108,69700.0,0
AP03967,A,50031.0,4.4,753.0,0.229,66000.0,0
AP03968,A,73631.0,0.4,677.0,0.298,58400.0,1
AP03969,A,41184.0,6.1,674.0,0.341,68000.0,0
AP03970,B,12000.0,0.4,534.0,0.122,8600.0,0
AP03971,B,37474.0,0.2,746.0,0.261,20200.0,1
AP03972,A,28787.0,1.0,804.0,0.338,14800.0,0
AP03973,A,96591.0,6.1,635.0,0.457,51600.0,0
AP03974,A,66484.0,8.6,627.0,0.252,31400.0,0
AP03975,B,36306.0,0.3,557.0,0.262,20500.0,0
AP03976,A,103628.0,3.9,587.0,0.085,175300.0,0
AP03977,B,52741.0,0.6,587.0,0.103,80100.0,0
AP03978,B,37668.0,0.4,731.0,0.162,67200.0,0
AP03979,A,55587.0,7.0,815.0,0.428,39700.0,0
AP03980,A,74691.0,13.2,604.0,0.204,45600.0,0
AP03981,A,72594.0,19.2,662.0,0.45,49400.0,1
AP03982,B,43861.0,4.8,524.0,0.268,55800.0,0
AP03983,A,74173.0,6.8,659.0,0.339,115000.0,0
AP03984,A,59919.0,5.8,721.0,0.099,86000.0,0
AP03985,A,86870.0,5.3,574.0,0.345,108100.0,0
AP03986,A,87233.0,2.0,682.0,0.102,79000.0,0
AP03987,A,51507.0,6.7,731.0,0.196,13400.0,0
AP03988,A,52217.0,0.9,643.0,0.189,63800.0,0
AP03989,A,66798.0,8.0,722.0,0.396,93400.0,0
AP03990,A,75297.0,9.9,695.0,0.206,97000.0,0
AP03991,B,21721.0,1.2,733.0,0.353,24600.0,0
AP03992,B,50785.0,4.7,629.0,0.112,15700.0,0
AP03993,A,74483.0,0.2,675.0,0.333,32000.0,0
AP03994,A,71034.0,7.4,712.0,0.348,26000.0,0
AP03995,A,84613.0,2.6,672.0,0.432,37400.0,0
AP03996,A,67646.0,3.0,735.0,0.007,93200.0,1
AP03997,A,46978.0,17.5,723.0,0.235,77700.0,0
AP03998,A,30864.0,1.6,609.0,0.254,11700.0,0
AP03999,A,78158.0,0.3,692.0,0.211,68400.0,0
AP04000,A,57125.0,28.8,762.0,0.335,80800.0,1
AP04001,B,40408.0,5.7,544.0,0.139,47100.0,0
AP04002,A,57921.0,13.4,668.0,0.243,78600.0,0
AP04003,A,34338.0,2.9,596.0,0.09,60800.0,0
AP04004,A,56054.0,2.0,698.0,0.083,23900.0,0
AP04005,A,15377.0,6.6,704.0,0.05,3700.0,0
AP04006,B,29097.0,3.9,600.0,0.169,40500.0,0
AP04007,A,46756.0,15.2,684.0,0.145,28900.0,0
AP04008,A,97047.0,3.4,691.0,0.214,120400.0,0
AP04009,A,71454.0,1.3,714.0,0.251,86600.0,0
AP04010,A,59288.0,15.8,784.0,0.237,61700.0,1
AP04011,B,18570.0,11.2,507.0,0.196,16000.0,0
AP04012,A,76648.0,1.0,823.0,0.231,57000.0,1
AP04013,A,49278.0,8.2,655.0,0.101,79900.0,0
AP04014,B,52002.0,4.0,632.0,0.31,86100.0,0
AP04015,A,56671.0,5.4,706.0,0.34,47600.0,0
AP04016,B,41911.0,2.3,565.0,0.224,12500.0,0
AP04017,A,64545.0,9.2,657.0,0.313,56800.0,0
AP04018,A,26947.0,2.6,741.0,0.268,20300.0,0
AP04019,B,68577.0,0.0,706.0,0.089,97900.0,0
AP04020,A,110905.0,2.0,629.0,0.317,144700.0,1
AP04021,A,45550.0,0.4,691.0,0.346,45500.0,0
AP04022,A,127393.0,4.9,676.0,0.075,180600.0,0
AP04023,B,20193.0,5.6,649.0,0.364,28300.0,0
AP04024,A,81657.0,2.3,642.0,0.182,53200.0,0
AP04025,A,52768.0,2.4,593.0,0.384,87100.0,0
AP04026,B,32923.0,1.0,677.0,0.231,33000.0,0
AP04027,A,40429.0,1.6,695.0,0.611,9300.0,0
AP04028,B,29965.0,1.7,707.0,0.262,34000.0,0
AP04029,B,21350.0,1.3,642.0,0.241,4800.0,0
AP04030,A,84314.0,22.5,712.0,0.362,27400.0,0
AP04031,B,28703.0,1.4,718.0,0.193,18400.0,0
AP04032,A,70010.0,17.3,625.0,0.098,62400.0,0
AP04033,A,69260.0,3.7,717.0,0.109,43000.0,1
AP04034,A,51143.0,1.5,714.0,0.052,65900.0,1
AP04035,A,64033.0,3.1,726.0,0.191,97100.0,1
AP04036,A,61392.0,1.6,718.0,0.327,39300.0,0
AP04037,B,36185.0,4.6,592.0,0.143,59500.0,0
AP04038,A,64055.0,0.8,610.0,0.261,88400.0,0
AP04039,A,64070.0,1.4,640.0,0.274,58300.0,0
AP04040,B,32831.0,17.2,659.0,0.136,16100.0,0
AP04041,A,39118.0,9.7,731.0,0.342,59500.0,0
AP04042,A,47398.0,6.9,613.0,0.057,65900.0,0
AP04043,A,65359.0,17.6,758.0,0.313,88500.0,0
AP04044,A,88739.0,5.1,741.0,0.134,140200.0,1
AP04045,B,47959.0,7.2,765.0,0.166,85800.0,0
AP04046,A,68925.0,0.5,737.0,0.142,23600.0,1
AP04047,A,80659.0,11.4,702.0,0.061,100500.0,1
AP04048,A,65377.0,0.5,691.0,0.102,39400.0,0
AP04049,A,83584.0,0.4,710.0,0.492,64000.0,0
AP04050,A,65463.0,9.7,771.0,0.055,111700.0,0
AP04051,A,70377.0,1.0,736.0,0.421,36800.0,0
AP04052,A,57804.0,0.0,571.0,0.207,16500.0,0
AP04053,A,62970.0,5.0,648.0,0.228,81300.0,0
AP04054,B,38420.0,0.7,625.0,0.072,64200.0,0
AP04055,A,40817.0,1.4,841.0,0.008,42500.0,0
AP04056,A,63121.0,4.5,615.0,0.07,28500.0,0
AP04057,A,52082.0,3.9,770.0,0.285,69100.0,1
AP04058,A,80894.0,5.5,589.0,0.064,56800.0,0
AP04059,B,43968.0,2.1,674.0,0.158,58700.0,0
AP04060,A,57260.0,1.0,674.0,0.409,59000.0,0
AP04061,A,12000.0,19.2,770.0,0.127,20600.0,1
AP04062,A,74484.0,4.3,732.0,0.214,34700.0,0
AP04063,A,74495.0,9.1,636.0,0.382,62500.0,0
AP04064,A,31714.0,17.8,624.0,0.236,33700.0,1
AP04065,A,58536.0,22.5,605.0,0.248,90100.0,1
AP04066,A,61784.0,9.5,565.0,0.259,54500.0,0
AP04067,A,19997.0,2.9,467.0,0.323,11200.0,1
AP04068,A,75582.0,4.1,617.0,0.192,57100.0,1
AP04069,A,71203.0,1.7,696.0,0.296,15800.0,1
AP04070,A,67464.0,6.6,665.0,0.178,34800.0,0
AP04071,B,76673.0,14.0,758.0,0.089,61300.0,0
AP04072,B,48168.0,1.8,634.0,0.178,12600.0,0
AP04073,A,51201.0,1.9,735.0,0.115,74800.0,0
AP04074,B,58052.0,5.3,522.0,0.274,19300.0,0
AP04075,A,44656.0,7.2,661.0,0.038,37300.0,0
AP04076,A,90263.0,0.4,607.0,0.196,33300.0,0
AP04077,A,70025.0,2.7,558.0,0.417,68700.0,0
AP04078,A,22356.0,1.7,736.0,0.14,22100.0,1
AP04079,B,41413.0,0.5,610.0,0.528,44400.0,0
AP04080,A,65915.0,6.8,562.0,0.045,75900.0,0
AP04081,A,52690.0,0.8,635.0,0.216,43500.0,0
AP04082,A,64857.0,2.8,664.0,0.195,60900.0,0
AP04083,A,28867.0,6.0,799.0,0.203,12100.0,0
AP04084,B,12000.0,5.4,639.0,0.218,14000.0,0
AP04085,A,17031.0,3.4,676.0,0.131,10500.0,0
AP04086,A,43823.0,7.6,737.0,0.115,41500.0,0
AP04087,A,88218.0,5.4,586.0,0.302,72800.0,1
AP04088,A,86487.0,18.1,658.0,0.108,147600.0,0
AP04089,A,56528.0,5.7,661.0,0.028,21500.0,1
AP04090,A,44837.0,3.4,596.0,0.102,80700.0,0
AP04091,A,80326.0,10.3,775.0,0.252,126800.0,1
AP04092,A,61951.0,7.5,664.0,0.051,16200.0,0
AP04093,B,41620.0,11.2,695.0,0.155,9700.0,0
AP04094,A,74592.0,0.6,579.0,0.303,103400.0,0
AP04095,A,42748.0,3.3,755.0,0.081,50400.0,0
AP04096,A,77703.0,5.3,746.0,0.183,62000.0,0
AP04097,A,23297.0,1.3,617.0,0.166,20300.0,0
AP04098,A,90221.0,0.6,712.0,0.054,48900.0,1
AP04099,A,33466.0,6.1,708.0,0.077,10500.0,1
AP04100,B,29539.0,1.9,740.0,0.366,44100.0,0
AP04101,A,50311.0,7.2,661.0,0.27,80500.0,0
AP04102,A,76458.0,1.6,628.0,0.318,52700.0,0
AP04103,B,60514.0,4.7,704.0,0.082,73600.0,0
AP04104,A,69535.0,3.7,702.0,0.333,87100.0,0
AP04105,A,72964.0,4.6,648.0,0.274,110100.0,0
AP04106,A,71572.0,5.5,689.0,0.412,26300.0,0
AP04107,A,61425.0,3.7,523.0,0.247,57300.0,0
AP04108,A,26975.0,8.4,671.0,0.351,33400.0,0
AP04109,B,41161.0,5.2,703.0,0.289,62700.0,0
AP04110,A,19642.0,5.4,700.0,0.203,20000.0,0
AP04111,A,61858.0,0.1,782.0,0.269,23700.0,1
AP04112,B,58316.0,0.3,574.0,0.237,39300.0,0
AP04113,A,60130.0,1.2,670.0,0.136,91100.0,0
AP04114,A,66949.0,1.2,753.0,0.483,76500.0,1
AP04115,A,58315.0,0.8,548.0,0.285,34600.0,0
AP04116,A,43979.0,24.5,653.0,0.183,22600.0,1
AP04117,B,29816.0,0.7,626.0,0.16,15300.0,0
AP04118,A,27104.0,2.9,655.0,0.227,20800.0,0
AP04119,A,85518.0,2.5,560.0,0.309,36600.0,0
AP04120,B,51474.0,12.8,725.0,0.409,90900.0,1
AP04121,A,37275.0,3.7,725.0,0.037,40300.0,1
AP04122,B,22674.0,0.6,585.0,0.301,21400.0,0
AP04123,A,70950.0,0.1,702.0,0.251,125900.0,0
AP04124,A,92605.0,5.5,756.0,0.157,78200.0,0
AP04125,A,51352.0,9.0,699.0,0.402,86100.0,0
AP04126,A,65936.0,14.0,707.0,0.44,23100.0,0
AP04127,B,59119.0,3.6,716.0,0.16,47200.0,1
AP04128,A,30007.0,6.5,564.0,0.109,27600.0,0
AP04129,A,48859.0,16.2,850.0,0.36,76200.0,0
AP04130,B,31804.0,2.4,720.0,0.072,33500.0,0
AP04131,A,49079.0,5.6,849.0,0.076,50500.0,1
AP04132,A,102330.0,6.6,705.0,0.112,31200.0,0
AP04133,A,78923.0,2.3,783.0,0.364,114600.0,1
AP04134,A,66302.0,2.9,730.0,0.111,109100.0,0
AP04135,A,44551.0,9.5,723.0,0.141,67200.0,1
AP04136,A,78894.0,21.4,701.0,0.523,65900.0,1
AP04137,A,74490.0,0.7,680.0,0.393,75400.0,0
AP04138,B,22017.0,3.4,712.0,0.495,31000.0,0
AP04139,A,54414.0,2.0,753.0,0.167,64100.0,0
AP04140,B,34536.0,0.8,714.0,0.049,9500.0,0
AP04141,A,61118.0,0.1,592.0,0.182,104400.0,0
AP04142,A,78847.0,0.2,563.0,0.113,52300.0,1
AP04143,A,81380.0,7.3,729.0,0.107,133900.0,1
AP04144,A,73466.0,1.3,808.0,0.197,123800.0,0
AP04145,A,78057.0,5.3,614.0,0.057,119700.0,0
AP04146,A,51480.0,2.1,619.0,0.288,27200.0,0
AP04147,A,53707.0,3.1,630.0,0.138,20300.0,0
AP04148,A,85182.0,13.0,683.0,0.356,52700.0,1
AP04149,A,71015.0,4.9,766.0,0.518,89800.0,0
AP04150,A,47595.0,0.2,686.0,0.199,72500.0,0
AP04151,A,71946.0,7.2,713.0,0.264,61100.0,0
AP04152,A,78134.0,1.2,580.0,0.24,93100.0,0
AP04153,B,47867.0,2.7,714.0,0.136,40200.0,0
AP04154,A,64539.0,6.2,712.0,0.157,67100.0,0
AP04155,A,52814.0,2.0,714.0,0.111,93800.0,0
AP04156,A,70011.0,7.8,643.0,0.196,43900.0,0
AP04157,A,94348.0,6.6,708.0,0.04,137300.0,0
AP04158,B,39305.0,5.1,708.0,0.12,44900.0,0
AP04159,A,49948.0,3.5,736.0,0.263,54500.0,1
AP04160,A,68868.0,11.8,651.0,0.123,43300.0,1
AP04161,A,39339.0,11.4,692.0,0.076,54200.0,0
AP04162,A,66792.0,19.6,814.0,0.173,18800.0,0
AP04163,A,56862.0,1.5,634.0,0.06,91800.0,0
AP04164,A,80462.0,0.5,663.0,0.164,63400.0,0
AP04165,A,64412.0,10.4,653.0,0.052,44200.0,0
AP04166,A,82180.0,3.1,745.0,0.207,124200.0,0
AP04167,A,105645.0,0.7,628.0,0.322,25000.0,0
AP04168,B,28936.0,8.7,691.0,0.091,44500.0,1
AP04169,A,46797.0,7.6,638.0,0.111,17500.0,0
AP04170,B,42164.0,1.2,645.0,0.208,73100.0,0
AP04171,B,12290.0,10.2,617.0,0.167,9000.0,0
AP04172,B,29374.0,3.3,652.0,0.256,28600.0,0
AP04173,A,51149.0,3.9,737.0,0.229,84300.0,0
AP04174,A,72871.0,8.6,730.0,0.415,27500.0,1
AP04175,A,63744.0,21.3,723.0,0.158,39100.0,1
AP04176,A,21928.0,1.1,668.0,0.21,37000.0,0
AP04177,A,58002.0,16.2,582.0,0.154,51600.0,0
AP04178,A,68687.0,3.0,619.0,0.243,95700.0,0
AP04179,A,84515.0,1.3,754.0,0.457,69600.0,0
AP04180,A,51604.0,9.0,591.0,0.188,60700.0,1
AP04181,A,47389.0,7.5,811.0,0.152,80200.0,0
AP04182,A,83955.0,8.3,612.0,0.243,79800.0,0
AP04183,A,50995.0,3.1,662.0,0.407,15900.0,0
AP04184,A,64381.0,3.8,630.0,0.499,73500.0,0
AP04185,A,71266.0,4.0,606.0,0.009,118300.0,1
AP04186,A,76226.0,6.7,658.0,0.087,56400.0,1
AP04187,A,62562.0,12.4,676.0,0.16,61400.0,0
AP04188,A,41581.0,8.4,672.0,0.075,70200.0,1
AP04189,A,81330.0,1.2,719.0,0.36,82000.0,1
AP04190,A,54274.0,12.0,700.0,0.155,48300.0,1
AP04191,B,39684.0,0.4,596.0,0.143,55200.0,0
AP04192,A,99953.0,3.3,662.0,0.375,145400.0,0
AP04193,A,78841.0,1.4,627.0,0.419,67200.0,1
AP04194,A,42556.0,0.5,643.0,0.077,52500.0,0
AP04195,A,53379.0,0.0,682.0,0.268,11000.0,0
AP04196,A,57791.0,9.6,771.0,0.089,77700.0,1
AP04197,B,54741.0,0.2,622.0,0.086,27300.0,0
AP04198,A,26516.0,25.4,664.0,0.077,26600.0,1
AP04199,A,77386.0,4.7,703.0,0.085,78200.0,1
AP04200,A,76893.0,26.2,607.0,0.152,127800.0,0
AP04201,B,24464.0,2.6,841.0,0.071,17700.0,1
AP04202,A,54865.0,6.3,643.0,0.045,38600.0,0
AP04203,A,66336.0,3.2,618.0,0.435,107200.0,0
AP04204,A,74304.0,14.8,732.0,0.136,50600.0,0
AP04205,B,36215.0,10.0,662.0,0.305,39300.0,0
AP04206,A,56156.0,0.2,645.0,0.321,68600.0,0
AP04207,A,51912.0,19.3,611.0,0.105,65800.0,0
AP04208,A,75375.0,3.2,711.0,0.178,103500.0,0
AP04209,A,67245.0,2.7,614.0,0.501,69400.0,0
AP04210,A,38093.0,25.1,835.0,0.367,22900.0,1
AP04211,A,50829.0,1.8,619.0,0.338,44700.0,0
AP04212,A,95348.0,2.0,750.0,0.328,71000.0,1
AP04213,B,62751.0,15.6,651.0,0.071,102300.0,0
AP04214,A,65158.0,2.7,752.0,0.402,102900.0,0
AP04215,A,50581.0,16.3,702.0,0.269,68300.0,1
AP04216,A,85620.0,6.0,620.0,0.16,52100.0,0
AP04217,A,61133.0,23.8,842.0,0.353,43700.0,1
AP04218,A,54171.0,1.2,706.0,0.19,13300.0,0
AP04219,B,38743.0,5.9,645.0,0.128,68400.0,0
AP04220,A,57742.0,7.5,781.0,0.261,64000.0,0
AP04221,B,43728.0,7.3,659.0,0.605,37100.0,0
AP04222,A,74863.0,9.1,642.0,0.118,40300.0,0
AP04223,A,37615.0,15.8,736.0,0.157,8600.0,1
AP04224,A,91405.0,5.8,697.0,0.303,86000.0,0
AP04225,A,57700.0,2.3,734.0,0.074,77900.0,0
AP04226,B,38791.0,1.9,695.0,0.068,31700.0,0
AP04227,B,40960.0,1.1,628.0,0.087,43300.0,0
AP04228,B,17833.0,3.9,625.0,0.223,30300.0,0
AP04229,A,51484.0,18.0,666.0,0.108,79700.0,0
AP04230,A,50485.0,17.6,693.0,0.341,77000.0,0
AP04231,A,60580.0,7.4,766.0,0.134,40000.0,1
AP04232,B,45386.0,2.1,758.0,0.236,69800.0,0
AP04233,A,30372.0,1.0,643.0,0.33,42000.0,0
AP04234,B,40293.0,4.2,624.0,0.116,45000.0,0
AP04235,A,52522.0,1.8,731.0,0.148,39700.0,0
AP04236,B,54462.0,3.7,634.0,0.489,60900.0,1
AP04237,A,72211.0,2.4,600.0,0.533,77600.0,0
AP04238,B,45408.0,21.7,585.0,0.43,70400.0,1
AP04239,B,52331.0,7.8,739.0,0.258,43800.0,1
AP04240,A,86363.0,3.8,749.0,0.454,95100.0,0
AP04241,A,56120.0,4.5,706.0,0.451,15200.0,0
AP04242,A,43718.0,2.8,798.0,0.151,43600.0,0
AP04243,A,68639.0,3.4,801.0,0.123,96300.0,0
AP04244,A,12000.0,14.7,747.0,0.251,18600.0,0
AP04245,A,55339.0,12.2,704.0,0.336,31100.0,0
AP04246,A,66201.0,18.4,681.0,0.324,40000.0,0
AP04247,A,54452.0,2.4,632.0,0.226,89900.0,1
AP04248,A,85599.0,5.0,706.0,0.168,93700.0,1
AP04249,B,38605.0,10.9,733.0,0.47,36400.0,1
AP04250,A,64299.0,4.1,753.0,0.192,50000.0,0
AP04251,B,32090.0,1.4,815.0,0.209,18400.0,1
AP04252,A,82566.0,7.1,774.0,0.031,23300.0,1
AP04253,A,49550.0,5.7,678.0,0.338,57600.0,1
AP04254,B,28212.0,0.4,725.0,0.192,14600.0,0
AP04255,A,76072.0,7.9,701.0,0.305,41600.0,0
AP04256,A,73253.0,5.8,701.0,0.239,76200.0,0
AP04257,A,100025.0,9.6,695.0,0.346,95300.0,0
AP04258,B,62198.0,11.8,846.0,0.047,93700.0,0
AP04259,A,27178.0,9.7,497.0,0.168,38500.0,0
AP04260,A,74426.0,0.2,758.0,0.177,24300.0,0
AP04261,A,85540.0,9.5,693.0,0.447,144800.0,0
AP04262,A,59084.0,37.2,741.0,0.358,91400.0,1
AP04263,B,27684.0,1.7,591.0,0.124,10000.0,0
AP04264,A,95256.0,3.7,665.0,0.314,95400.0,0
AP04265,A,49759.0,4.5,624.0,0.254,30500.0,1
AP04266,B,23844.0,6.2,626.0,0.143,34800.0,1
AP04267,A,38850.0,18.8,759.0,0.034,56700.0,1
AP04268,A,72224.0,13.5,610.0,0.2,124400.0,0
AP04269,A,75489.0,0.3,724.0,0.414,73300.0,0
AP04270,A,73372.0,0.4,726.0,0.452,84700.0,0
AP04271,A,39189.0,4.8,547.0,0.225,51300.0,0
AP04272,A,47928.0,3.6,684.0,0.316,64300.0,1
AP04273,A,35509.0,16.5,690.0,0.355,19600.0,0
AP04274,B,52951.0,5.8,713.0,0.046,40500.0,1
AP04275,A,37078.0,0.2,725.0,0.516,10100.0,0
AP04276,B,65441.0,4.6,615.0,0.171,67500.0,0
AP04277,A,58704.0,11.9,742.0,0.272,18000.0,0
AP04278,A,69953.0,6.5,773.0,0.033,56000.0,1
AP04279,A,73694.0,2.4,753.0,0.461,37700.0,0
AP04280,A,61699.0,1.2,683.0,0.308,25600.0,0
AP04281,A,49598.0,1.6,648.0,0.459,74400.0,0
AP04282,A,61876.0,20.0,607.0,0.143,57800.0,0
AP04283,B,48927.0,1.6,635.0,0.053,54000.0,0
AP04284,A,56562.0,0.4,649.0,0.138,44900.0,0
AP04285,B,44102.0,0.5,554.0,0.059,33500.0,0
AP04286,A,56369.0,5.1,680.0,0.151,57300.0,0
AP04287,A,52317.0,7.6,686.0,0.144,31900.0,0
AP04288,A,62676.0,1.7,748.0,0.217,15500.0,0
AP04289,B,33824.0,1.7,675.0,0.116,53700.0,0
AP04290,A,81552.0,3.7,674.0,0.369,138000.0,0
AP04291,A,33040.0,7.7,682.0,0.127,22200.0,1
AP04292,A,70586.0,4.9,587.0,0.152,29800.0,0
AP04293,A,36757.0,0.6,766.0,0.117,11500.0,0
AP04294,A,90044.0,1.2,678.0,0.313,90200.0,0
AP04295,A,78143.0,0.7,508.0,0.247,48800.0,0
AP04296,A,46966.0,5.1,691.0,0.049,55300.0,1
AP04297,A,53679.0,0.9,676.0,0.505,30000.0,0
AP04298,A,41095.0,4.1,741.0,0.428,26400.0,0
AP04299,B,16600.0,8.2,727.0,0.179,19400.0,0
AP04300,A,69636.0,4.2,723.0,0.434,42900.0,0
AP04301,A,109388.0,13.9,652.0,0.131,113600.0,1
AP04302,A,36680.0,0.8,749.0,0.041,56000.0,1
AP04303,A,85008.0,1.1,612.0,0.347,142600.0,1
AP04304,A,51212.0,37.0,680.0,0.247,64800.0,1
AP04305,A,67113.0,0.9,704.0,0.209,29200.0,0
AP04306,A,78292.0,0.9,668.0,0.053,129400.0,0
AP04307,B,36125.0,0.0,785.0,0.297,52300.0,0
AP04308,A,69836.0,0.0,717.0,0.49,60900.0,0
AP04309,A,58352.0,1.5,707.0,0.269,50100.0,0
AP04310,A,61846.0,0.9,704.0,0.149,98000.0,0
AP04311,A,64831.0,4.4,723.0,0.177,41000.0,1
AP04312,B,26593.0,9.6,658.0,0.099,46300.0,1
AP04313,A,34808.0,16.0,625.0,0.058,22000.0,0
AP04314,A,52893.0,2.4,688.0,0.159,21500.0,0
AP04315,A,38910.0,8.2,672.0,0.202,58700.0,0
AP04316,B,43398.0,0.4,616.0,0.149,16800.0,0
AP04317,A,47221.0,23.2,696.0,0.212,23100.0,0
AP04318,A,82333.0,3.1,691.0,0.2,33700.0,0
AP04319,B,24076.0,6.3,622.0,0.247,41900.0,0
AP04320,A,87091.0,6.6,673.0,0.153,18600.0,1
AP04321,B,54498.0,1.2,728.0,0.124,94100.0,0
AP04322,A,63389.0,36.0,735.0,0.483,21500.0,0
AP04323,A,40980.0,13.4,561.0,0.149,34600.0,0
AP04324,A,70243.0,9.3,649.0,0.371,85800.0,0
AP04325,B,37694.0,17.9,508.0,0.32,32100.0,0
AP04326,A,72875.0,2.5,599.0,0.366,27300.0,0
AP04327,B,34346.0,2.2,582.0,0.187,56800.0,0
AP04328,A,59271.0,3.2,796.0,0.202,36800.0,1
AP04329,B,52900.0,5.4,666.0,0.438,61000.0,0
AP04330,A,25315.0,6.8,626.0,0.128,44800.0,0
AP04331,A,60172.0,2.1,714.0,0.09,88700.0,1
AP04332,A,72629.0,15.5,568.0,0.461,48800.0,0
AP04333,B,59518.0,1.6,699.0,0.109,93300.0,0
AP04334,A,55552.0,24.1,551.0,0.013,93700.0,0
AP04335,A,63376.0,1.1,652.0,0.309,104400.0,0
AP04336,A,66726.0,0.6,557.0,0.566,90600.0,0
AP04337,B,55284.0,0.8,656.0,0.248,76600.0,0
AP04338,B,44246.0,3.6,691.0,0.536,12000.0,0
AP04339,A,41743.0,1.8,760.0,0.271,19400.0,0
AP04340,A,82015.0,6.4,716.0,0.239,119000.0,1
AP04341,B,54177.0,4.8,707.0,0.118,80000.0,0
AP04342,B,25274.0,2.8,617.0,0.491,9700.0,0
AP04343,B,43715.0,3.1,688.0,0.185,28400.0,0
AP04344,A,61856.0,23.5,735.0,0.151,43800.0,1
AP04345,A,30201.0,1.6,622.0,0.246,30000.0,0
AP04346,A,24880.0,21.4,691.0,0.247,27100.0,0
AP04347,A,57607.0,0.9,656.0,0.075,40000.0,0
AP04348,A,53944.0,13.1,621.0,0.253,35800.0,0
AP04349,A,72491.0,23.2,758.0,0.107,47500.0,1
AP04350,A,88650.0,6.5,645.0,0.247,59000.0,0
AP04351,A,61356.0,1.5,714.0,0.228,26300.0,0
AP04352,A,95054.0,0.0,668.0,0.234,31300.0,1
AP04353,A,51121.0,3.6,754.0,0.062,24300.0,0
AP04354,B,60808.0,2.4,689.0,0.276,39400.0,0
AP04355,A,38559.0,1.7,582.0,0.396,19200.0,0
AP04356,B,47932.0,3.6,648.0,0.024,11100.0,1
AP04357,B,53745.0,2.1,666.0,0.373,29400.0,0
AP04358,B,62069.0,0.6,575.0,0.052,17000.0,0
AP04359,B,37319.0,0.7,664.0,0.168,35300.0,1
AP04360,A,27140.0,17.2,730.0,0.249,39700.0,0
AP04361,A,64132.0,6.8,800.0,0.14,52000.0,1
AP04362,A,46979.0,0.0,652.0,0.036,46600.0,0
AP04363,A,64157.0,0.1,646.0,0.295,72400.0,0
AP04364,A,69256.0,12.0,661.0,0.258,71300.0,1
AP04365,B,37486.0,1.2,560.0,0.329,36100.0,0
AP04366,B,47581.0,0.9,552.0,0.332,43900.0,0
AP04367,B,44269.0,0.7,600.0,0.144,30800.0,0
AP04368,A,72138.0,10.6,644.0,0.182,94900.0,0
AP04369,B,12000.0,0.8,763.0,0.303,14500.0,0
AP04370,B,56461.0,3.5,542.0,0.138,90700.0,1
AP04371,A,35650.0,7.5,728.0,0.653,63600.0,0
AP04372,A,87264.0,3.1,656.0,0.407,128000.0,0
AP04373,A,43122.0,1.2,644.0,0.245,30100.0,0
AP04374,A,83366.0,2.6,676.0,0.293,17000.0,0
AP04375,B,55144.0,13.0,748.0,0.241,77400.0,1
AP04376,A,72071.0,8.2,764.0,0.103,22500.0,1
AP04377,A,59341.0,9.8,717.0,0.332,86000.0,0
AP04378,A,74539.0,0.5,629.0,0.301,117800.0,0
AP04379,B,42368.0,18.7,695.0,0.365,38800.0,1
AP04380,A,85447.0,32.4,597.0,0.189,52200.0,1
AP04381,A,74401.0,20.1,652.0,0.323,53300.0,1
AP04382,A,74578.0,1.9,806.0,0.343,93400.0,1
AP04383,A,92827.0,12.2,599.0,0.168,73200.0,0
AP04384,B,27530.0,10.6,601.0,0.152,36300.0,0
AP04385,B,76558.0,0.1,653.0,0.066,70200.0,0
AP04386,B,35412.0,0.4,663.0,0.117,9600.0,1
AP04387,A,34685.0,32.0,671.0,0.13,58100.0,0
AP04388,A,70823.0,4.5,639.0,0.06,92400.0,0
AP04389,A,58228.0,28.9,633.0,0.139,83400.0,0
AP04390,A,93156.0,7.4,740.0,0.107,67600.0,0
AP04391,A,52920.0,13.5,683.0,0.354,39200.0,0
AP04392,B,51064.0,13.8,491.0,0.297,42400.0,0
AP04393,A,66324.0,6.8,736.0,0.167,45600.0,0
AP04394,A,26814.0,7.4,590.0,0.251,32800.0,1
AP04395,B,43871.0,3.7,689.0,0.243,20800.0,0
AP04396,B,35788.0,8.9,663.0,0.096,27100.0,0
AP04397,B,68000.0,5.0,617.0,0.162,76100.0,0
AP04398,A,92752.0,4.3,690.0,0.143,90900.0,0
AP04399,A,61842.0,10.8,745.0,0.112,51500.0,0
AP04400,B,40503.0,7.6,543.0,0.253,53100.0,0
AP04401,A,65351.0,10.8,668.0,0.238,60300.0,0
AP04402,B,18711.0,1.4,594.0,0.27,21600.0,0
AP04403,A,75298.0,7.7,653.0,0.384,113100.0,0
AP04404,A,56528.0,7.7,724.0,0.16,71400.0,1
AP04405,A,40023.0,2.4,507.0,0.097,38300.0,0
AP04406,A,59374.0,5.8,655.0,0.092,56900.0,0
AP04407,A,44906.0,3.2,760.0,0.188,55400.0,0
AP04408,A,94708.0,9.6,665.0,0.069,122600.0,0
AP04409,A,48942.0,3.8,612.0,0.488,23200.0,0
AP04410,A,49959.0,5.2,711.0,0.249,59900.0,0
AP04411,A,61134.0,8.9,597.0,0.077,70600.0,0
AP04412,A,39103.0,13.8,748.0,0.295,15100.0,0
AP04413,A,53772.0,18.4,637.0,0.391,24800.0,1
AP04414,A,59501.0,10.9,783.0,0.135,35600.0,1
AP04415,A,52978.0,2.5,713.0,0.261,19500.0,0
AP04416,A,57359.0,0.5,605.0,0.345,41000.0,1
AP04417,A,84908.0,3.6,679.0,0.067,57600.0,0
AP04418,A,70001.0,9.3,680.0,0.144,87100.0,0
AP04419,B,66526.0,5.2,754.0,0.038,68700.0,1
AP04420,B,53892.0,3.3,637.0,0.129,30100.0,0
AP04421,A,75770.0,1.6,749.0,0.092,119300.0,1
AP04422,A,49991.0,32.1,623.0,0.388,22500.0,1
AP04423,A,63506.0,3.3,562.0,0.036,32600.0,0
AP04424,A,61466.0,10.6,673.0,0.11,110000.0,1
AP04425,A,71751.0,6.8,635.0,0.259,34000.0,0
AP04426,A,58693.0,6.9,692.0,0.156,89000.0,1
AP04427,A,59393.0,1.8,795.0,0.182,30400.0,1
AP04428,A,46149.0,0.8,679.0,0.312,11100.0,1
AP04429,A,68634.0,2.5,804.0,0.133,62700.0,0
AP04430,A,44875.0,3.3,829.0,0.224,53200.0,0
AP04431,B,30110.0,1.7,605.0,0.29,44700.0,0
AP04432,B,40299.0,4.2,565.0,0.321,34000.0,0
AP04433,A,57869.0,31.7,782.0,0.11,14500.0,1
AP04434,A,76540.0,1.3,782.0,0.086,74000.0,0
AP04435,B,44863.0,0.9,608.0,0.211,18300.0,0
AP04436,A,63630.0,0.4,690.0,0.221,62100.0,0
AP04437,A,61031.0,5.4,781.0,0.289,14200.0,1
AP04438,A,48619.0,5.9,759.0,0.228,52500.0,0
AP04439,A,44994.0,0.4,711.0,0.179,47700.0,0
AP04440,A,49099.0,17.8,628.0,0.174,11000.0,1
AP04441,A,82877.0,1.7,734.0,0.508,72500.0,0
AP04442,A,50424.0,10.8,721.0,0.095,44700.0,0
AP04443,A,54515.0,1.6,593.0,0.299,12900.0,1
AP04444,A,53715.0,7.0,611.0,0.128,53500.0,0
AP04445,B,49032.0,2.6,493.0,0.305,72700.0,0
AP04446,A,98533.0,0.0,674.0,0.179,150300.0,0
AP04447,A,44950.0,5.8,745.0,0.272,43200.0,0
AP04448,B,69956.0,2.4,708.0,0.113,104100.0,1
AP04449,A,64201.0,1.9,600.0,0.158,25000.0,0
AP04450,A,56413.0,0.5,643.0,0.126,24200.0,1
AP04451,A,71315.0,15.3,530.0,0.126,86600.0,0
AP04452,A,38570.0,17.0,726.0,0.131,54400.0,0
AP04453,A,77348.0,18.5,591.0,0.178,81200.0,0
AP04454,A,66067.0,5.6,837.0,0.066,27200.0,1
AP04455,A,43615.0,8.4,632.0,0.079,66100.0,0
AP04456,A,91379.0,0.1,702.0,0.219,152300.0,0
AP04457,B,36569.0,2.7,623.0,0.22,42400.0,0
AP04458,A,83424.0,2.4,586.0,0.164,26500.0,0
AP04459,B,51465.0,2.8,787.0,0.193,89200.0,0
AP04460,A,56997.0,6.2,640.0,0.167,27900.0,0
AP04461,A,52367.0,3.3,850.0,0.164,55600.0,1
AP04462,A,73542.0,6.2,671.0,0.217,49500.0,1
AP04463,A,86962.0,6.3,523.0,0.046,38100.0,0
AP04464,A,26890.0,3.5,690.0,0.391,39300.0,0
AP04465,A,62373.0,14.1,627.0,0.158,61500.0,0
AP04466,A,59679.0,1.2,655.0,0.052,79300.0,0
AP04467,A,80408.0,6.8,633.0,0.286,123300.0,0
AP04468,B,51673.0,2.1,531.0,0.204,65000.0,0
AP04469,A,38570.0,0.1,573.0,0.478,10600.0,0
AP04470,B,53483.0,10.0,611.0,0.209,18500.0,0
AP04471,A,42916.0,9.4,690.0,0.271,34800.0,0
AP04472,A,47676.0,20.0,684.0,0.34,85700.0,0
AP04473,B,14304.0,4.4,592.0,0.244,24300.0,0
AP04474,A,53145.0,1.1,801.0,0.24,22600.0,1
AP04475,A,67139.0,1.5,639.0,0.373,75900.0,0
AP04476,A,34058.0,10.7,654.0,0.262,24800.0,0
AP04477,A,104730.0,16.0,803.0,0.548,22500.0,1
AP04478,A,85218.0,11.6,711.0,0.324,144400.0,0
AP04479,A,75210.0,36.7,651.0,0.367,52700.0,1
AP04480,A,38190.0,1.7,632.0,0.508,12100.0,0
AP04481,A,22271.0,11.9,655.0,0.31,29000.0,0
AP04482,A,46106.0,3.2,668.0,0.189,65800.0,0
AP04483,A,57722.0,8.7,682.0,0.336,80600.0,1
AP04484,B,50816.0,0.9,558.0,0.254,47100.0,0
AP04485,A,86045.0,2.9,593.0,0.437,136400.0,0
AP04486,A,52329.0,10.9,697.0,0.022,25000.0,0
AP04487,A,84236.0,4.0,736.0,0.065,87800.0,1
AP04488,A,84524.0,10.5,737.0,0.077,67700.0,0
AP04489,B,30401.0,11.7,634.0,0.066,6200.0,0
AP04490,B,49535.0,3.6,479.0,0.175,11500.0,0
AP04491,A,68073.0,4.8,715.0,0.408,101100.0,0
AP04492,B,45927.0,8.4,608.0,0.36,71700.0,0
AP04493,A,40374.0,8.6,681.0,0.105,26200.0,0
AP04494,B,50923.0,0.5,685.0,0.177,23300.0,1
AP04495,A,80363.0,2.6,783.0,0.113,80900.0,1
AP04496,A,37055.0,5.7,672.0,0.382,58900.0,0
AP04497,A,32347.0,1.2,682.0,0.293,33500.0,0
AP04498,A,72119.0,8.5,786.0,0.195,56200.0,1
AP04499,A,12000.0,9.3,690.0,0.309,4800.0,0
AP04500,B,62828.0,3.1,561.0,0.518,70300.0,0
AP04501,A,53902.0,0.5,673.0,0.05,22400.0,0
AP04502,A,75482.0,0.5,798.0,0.217,121700.0,1
AP04503,A,96223.0,10.6,687.0,0.145,34900.0,0
AP04504,A,35295.0,0.4,789.0,0.376,45400.0,1
AP04505,B,68391.0,2.8,687.0,0.217,113700.0,0
AP04506,A,103266.0,4.7,695.0,0.385,34300.0,0
AP04507,A,56761.0,0.3,759.0,0.359,100000.0,0
AP04508,A,59647.0,10.1,650.0,0.098,65700.0,1
AP04509,A,66180.0,6.9,826.0,0.191,19000.0,1
AP04510,A,81448.0,2.3,638.0,0.423,28200.0,0
AP04511,A,86395.0,0.7,715.0,0.229,58700.0,1
AP04512,A,64022.0,8.0,756.0,0.062,111900.0,0
AP04513,B,40263.0,8.3,625.0,0.071,43800.0,0
AP04514,A,61329.0,5.3,777.0,0.237,67700.0,0
AP04515,A,67580.0,8.8,792.0,0.074,64600.0,1
AP04516,A,86103.0,7.2,612.0,0.375,104200.0,0
AP04517,A,64494.0,11.3,669.0,0.121,68000.0,1
AP04518,A,95500.0,8.0,728.0,0.022,167200.0,0
AP04519,A,46205.0,1.6,703.0,0.203,42200.0,0
AP04520,B,73174.0,8.0,573.0,0.243,59500.0,0
AP04521,A,94318.0,17.2,721.0,0.321,158400.0,1
AP04522,A,85702.0,1.4,634.0,0.418,147500.0,0
AP04523,B,35234.0,7.4,529.0,0.291,40000.0,0
AP04524,A,45752.0,20.4,774.0,0.164,61300.0,1
AP04525,B,18558.0,1.1,704.0,0.25,31200.0,0
AP04526,A,59119.0,8.4,790.0,0.34,91600.0,0
AP04527,A,67716.0,6.4,539.0,0.502,101100.0,0
AP04528,A,57414.0,5.9,610.0,0.11,57900.0,1
AP04529,B,48167.0,9.7,560.0,0.338,14400.0,1
AP04530,B,57470.0,1.5,632.0,0.381,57200.0,0
AP04531,A,71528.0,4.3,802.0,0.24,128200.0,0
AP04532,A,77370.0,4.3,592.0,0.287,80300.0,0
AP04533,A,36245.0,2.8,682.0,0.318,37400.0,0
AP04534,A,55298.0,6.2,784.0,0.27,40900.0,1
AP04535,A,31195.0,5.1,615.0,0.476,55600.0,0
AP04536,B,51208.0,1.9,556.0,0.313,30800.0,0
AP04537,A,127200.0,2.6,608.0,0.09,130900.0,1
AP04538,A,63170.0,0.8,630.0,0.209,67600.0,0
AP04539,A,55644.0,9.3,565.0,0.325,30000.0,0
AP04540,A,51165.0,16.9,725.0,0.104,19900.0,1
AP04541,B,52628.0,5.9,583.0,0.038,93800.0,0
AP04542,A,27793.0,17.6,694.0,0.281,33100.0,1
AP04543,A,61224.0,0.4,691.0,0.108,73800.0,0
AP04544,B,64439.0,15.7,742.0,0.412,113300.0,0
AP04545,A,89192.0,1.6,657.0,0.192,61900.0,0
AP04546,B,50339.0,0.2,632.0,0.443,74000.0,0
AP04547,A,70016.0,2.2,715.0,0.249,59500.0,1
AP04548,A,86689.0,0.1,637.0,0.131,97000.0,0
AP04549,A,25975.0,11.1,630.0,0.107,39300.0,1
AP04550,A,74108.0,2.7,608.0,0.011,28400.0,0
AP04551,A,32357.0,4.9,761.0,0.13,48600.0,1
AP04552,B,31643.0,8.7,648.0,0.516,15800.0,0
AP04553,A,89161.0,0.0,726.0,0.076,115700.0,0
AP04554,A,61930.0,0.7,578.0,0.501,97600.0,0
AP04555,A,67284.0,20.6,692.0,0.102,28800.0,1
AP04556,A,49234.0,5.9,725.0,0.066,39600.0,1
AP04557,A,67325.0,6.7,756.0,0.296,17400.0,1
AP04558,A,82839.0,7.9,687.0,0.368,48100.0,0
AP04559,A,58635.0,5.2,631.0,0.232,63100.0,0
AP04560,B,57496.0,5.1,672.0,0.231,95200.0,0
AP04561,B,32835.0,9.9,636.0,0.169,52900.0,0
AP04562,A,77150.0,8.5,635.0,0.181,67700.0,0
AP04563,A,31883.0,0.0,719.0,0.312,9100.0,0
AP04564,B,36113.0,11.6,604.0,0.321,61700.0,0
AP04565,A,49397.0,3.5,665.0,0.3,80500.0,0
AP04566,B,55285.0,0.4,549.0,0.575,74000.0,0
AP04567,B,53821.0,2.2,509.0,0.257,80400.0,0
AP04568,A,67749.0,5.5,675.0,0.291,40800.0,1
AP04569,B,44151.0,12.2,711.0,0.345,54000.0,1
AP04570,A,43767.0,1.6,711.0,0.27,18400.0,0
AP04571,A,54485.0,6.1,483.0,0.178,72200.0,0
AP04572,B,26663.0,1.9,642.0,0.356,21400.0,0
AP04573,A,63100.0,9.3,603.0,0.404,76700.0,0
AP04574,B,12000.0,2.6,596.0,0.06,6800.0,1
AP04575,A,58362.0,1.6,714.0,0.189,92700.0,0
AP04576,A,39694.0,16.3,663.0,0.274,48100.0,0
AP04577,A,60600.0,12.8,668.0,0.06,91900.0,0
AP04578,A,53959.0,0.3,682.0,0.227,11200.0,0
AP04579,A,73143.0,0.9,553.0,0.346,64100.0,0
AP04580,A,57046.0,31.8,574.0,0.448,18700.0,0
AP04581,B,55696.0,0.3,739.0,0.41,38100.0,0
AP04582,B,35473.0,2.6,695.0,0.362,44900.0,0
AP04583,A,27811.0,11.4,659.0,0.068,30800.0,0
AP04584,B,56660.0,6.8,591.0,0.33,63600.0,0
AP04585,B,53835.0,7.3,511.0,0.232,75500.0,0
AP04586,B,40607.0,6.4,614.0,0.085,68200.0,0
AP04587,A,88421.0,0.6,551.0,0.308,66600.0,0
AP04588,A,61525.0,8.5,604.0,0.157,90300.0,0
AP04589,A,70182.0,15.5,704.0,0.477,87900.0,1
AP04590,A,35395.0,6.8,700.0,0.398,35600.0,0
AP04591,B,63284.0,17.7,778.0,0.095,88800.0,1
AP04592,A,51795.0,0.7,736.0,0.246,70600.0,0
AP04593,B,48962.0,28.8,712.0,0.076,84400.0,0
AP04594,A,34149.0,4.6,695.0,0.259,46800.0,0
AP04595,A,63697.0,2.8,642.0,0.169,43100.0,0
AP04596,B,24625.0,0.8,662.0,0.422,40600.0,0
AP04597,B,64863.0,4.9,479.0,0.228,110400.0,0
AP04598,A,90564.0,1.1,720.0,0.118,57500.0,0
AP04599,A,76940.0,3.9,717.0,0.027,71100.0,1
AP04600,A,55281.0,8.2,785.0,0.324,59900.0,1
AP04601,A,63967.0,5.5,624.0,0.219,45200.0,0
AP04602,A,73099.0,3.9,687.0,0.368,54700.0,0
AP04603,B,45974.0,4.3,592.0,0.046,9200.0,0
AP04604,B,32981.0,2.3,517.0,0.245,50200.0,0
AP04605,A,78640.0,8.5,673.0,0.421,33000.0,0
AP04606,A,57875.0,9.3,643.0,0.224,62800.0,0
AP04607,B,35482.0,1.4,657.0,0.116,15100.0,1
AP04608,A,132120.0,1.4,634.0,0.353,98200.0,0
AP04609,B,43979.0,16.7,510.0,0.482,34900.0,0
AP04610,B,50724.0,0.1,575.0,0.262,76300.0,0
AP04611,B,47364.0,6.5,571.0,0.21,69000.0,0
AP04612,A,80127.0,19.6,670.0,0.194,138500.0,0
AP04613,B,55716.0,2.5,604.0,0.008,75300.0,0
AP04614,B,66178.0,6.6,559.0,0.278,57000.0,0
AP04615,A,45242.0,2.7,645.0,0.041,26200.0,0
AP04616,A,75249.0,5.8,826.0,0.051,94500.0,0
AP04617,A,33717.0,9.6,809.0,0.22,26500.0,0
AP04618,A,69883.0,15.8,532.0,0.154,74300.0,0
AP04619,A,72356.0,2.4,800.0,0.25,96500.0,0
AP04620,B,42798.0,0.9,639.0,0.133,38500.0,0
AP04621,B,50415.0,6.0,644.0,0.091,83000.0,0
AP04622,A,40915.0,2.9,730.0,0.412,58400.0,0
AP04623,A,81379.0,1.6,742.0,0.234,50900.0,0
AP04624,B,30270.0,1.6,544.0,0.177,22700.0,0
AP04625,A,67876.0,0.4,720.0,0.321,76000.0,1
AP04626,A,50021.0,2.1,797.0,0.326,43900.0,0
AP04627,A,108077.0,16.1,682.0,0.175,181400.0,0
AP04628,B,36541.0,0.4,671.0,0.181,54700.0,0
AP04629,A,95541.0,24.4,850.0,0.311,160700.0,1
AP04630,B,45548.0,5.4,655.0,0.251,29700.0,0
AP04631,A,75051.0,5.5,582.0,0.139,117800.0,0
AP04632,B,29814.0,2.5,615.0,0.047,36300.0,0
AP04633,B,51356.0,6.4,700.0,0.382,89100.0,0
AP04634,B,51717.0,15.7,517.0,0.17,27700.0,0
AP04635,A,65243.0,10.2,810.0,0.188,26400.0,0
AP04636,A,59505.0,9.4,767.0,0.043,17100.0,0
AP04637,A,36933.0,5.7,681.0,0.064,33400.0,1
AP04638,A,56667.0,4.9,709.0,0.352,62700.0,0
AP04639,B,27454.0,1.8,636.0,0.103,27700.0,0
AP04640,B,32632.0,2.7,615.0,0.195,57600.0,1
AP04641,A,68762.0,4.8,535.0,0.064,39700.0,0
AP04642,A,59738.0,8.5,602.0,0.315,22700.0,0
AP04643,B,39858.0,1.6,639.0,0.457,55700.0,0
AP04644,A,45710.0,1.1,703.0,0.094,16300.0,0
AP04645,A,48718.0,8.5,561.0,0.091,44400.0,0
AP04646,A,57032.0,12.5,641.0,0.115,82000.0,0
AP04647,A,57569.0,2.3,745.0,0.113,71900.0,0
AP04648,A,83030.0,1.1,671.0,0.299,76500.0,0
AP04649,A,42381.0,0.2,694.0,0.424,18200.0,0
AP04650,A,24697.0,4.8,673.0,0.111,35000.0,0
AP04651,A,75063.0,18.3,602.0,0.374,133600.0,0
AP04652,A,54011.0,0.8,779.0,0.13,65900.0,0
AP04653,A,60230.0,15.8,564.0,0.56,46100.0,0
AP04654,A,109475.0,4.4,665.0,0.39,131100.0,0
AP04655,A,89453.0,0.2,589.0,0.227,62300.0,1
AP04656,A,73321.0,8.6,671.0,0.148,75600.0,1
AP04657,B,38516.0,6.4,640.0,0.308,57900.0,0
AP04658,B,24384.0,1.8,752.0,0.114,5100.0,1
AP04659,A,80163.0,3.1,700.0,0.191,80700.0,0
AP04660,A,51208.0,6.7,737.0,0.357,73200.0,0
AP04661,A,49339.0,0.8,548.0,0.142,19400.0,0
AP04662,A,53869.0,22.6,689.0,0.059,21600.0,1
AP04663,A,91652.0,1.6,773.0,0.541,152000.0,0
AP04664,A,91238.0,30.1,799.0,0.266,55900.0,1
AP04665,B,40498.0,4.7,618.0,0.09,43300.0,0
AP04666,A,83954.0,1.8,592.0,0.313,91400.0,0
AP04667,B,30339.0,3.7,614.0,0.477,33200.0,0
AP04668,A,82366.0,0.2,747.0,0.082,62000.0,0
AP04669,A,56673.0,8.4,769.0,0.039,21000.0,1
AP04670,A,80199.0,22.1,656.0,0.265,50000.0,0
AP04671,A,60500.0,5.8,666.0,0.079,19900.0,0
AP04672,A,57263.0,7.1,738.0,0.034,64200.0,1
AP04673,A,62157.0,3.7,763.0,0.173,82400.0,0
AP04674,A,65498.0,9.1,655.0,0.076,30100.0,0
AP04675,A,51846.0,5.1,615.0,0.222,32600.0,0
AP04676,A,37321.0,13.4,568.0,0.212,19500.0,0
AP04677,A,93885.0,0.2,638.0,0.327,159700.0,0
AP04678,A,55335.0,0.3,575.0,0.283,29200.0,0
AP04679,B,31149.0,2.4,508.0,0.409,46700.0,0
AP04680,A,20695.0,2.6,766.0,0.403,30200.0,0
AP04681,A,12000.0,0.3,715.0,0.425,5700.0,1
AP04682,A,51296.0,7.7,650.0,0.102,48400.0,0
AP04683,A,87737.0,32.5,756.0,0.328,46900.0,1
AP04684,A,32454.0,1.4,585.0,0.404,11700.0,1
AP04685,A,56698.0,11.0,720.0,0.151,50600.0,1
AP04686,B,56141.0,0.5,694.0,0.273,53500.0,0
AP04687,A,83037.0,3.4,716.0,0.125,20900.0,0
AP04688,A,69406.0,14.5,768.0,0.152,105800.0,0
AP04689,B,67158.0,9.5,573.0,0.359,78800.0,0
AP04690,B,58171.0,2.5,640.0,0.141,42700.0,0
AP04691,A,93101.0,10.3,677.0,0.293,124400.0,0
AP04692,A,81730.0,2.3,667.0,0.203,66700.0,0
AP04693,A,51981.0,16.9,571.0,0.373,74100.0,0
AP04694,A,38177.0,3.0,679.0,0.389,51800.0,1
AP04695,A,43374.0,3.6,677.0,0.431,77200.0,0
AP04696,A,30268.0,13.7,690.0,0.446,43300.0,0
AP04697,B,41853.0,0.3,556.0,0.45,8700.0,0
AP04698,A,59179.0,2.2,607.0,0.099,26800.0,0
AP04699,B,52995.0,1.0,549.0,0.354,85000.0,0
AP04700,A,66343.0,11.9,671.0,0.201,20100.0,1
AP04701,A,100078.0,16.4,767.0,0.248,95700.0,0
AP04702,A,52299.0,4.0,663.0,0.118,83600.0,0
AP04703,B,49496.0,2.7,697.0,0.273,79000.0,0
AP04704,B,53662.0,2.3,635.0,0.301,43300.0,0
AP04705,A,59911.0,11.3,766.0,0.098,100700.0,1
AP04706,A,27208.0,1.3,657.0,0.134,23600.0,0
AP04707,A,79752.0,1.3,696.0,0.236,139300.0,0
AP04708,A,48960.0,7.9,718.0,0.388,54600.0,0
AP04709,A,54237.0,3.4,588.0,0.359,71300.0,0
AP04710,B,25417.0,3.7,600.0,0.139,33600.0,0
AP04711,A,64502.0,0.6,542.0,0.367,41600.0,0
AP04712,B,17561.0,0.5,721.0,0.19,25100.0,0
AP04713,A,50330.0,17.6,550.0,0.175,84100.0,0
AP04714,A,65796.0,17.2,671.0,0.184,13800.0,1
AP04715,A,67911.0,3.2,592.0,0.154,19600.0,1
AP04716,A,63239.0,5.2,677.0,0.268,101000.0,0
AP04717,A,75357.0,4.1,667.0,0.092,134500.0,0
AP04718,A,58051.0,7.7,649.0,0.206,49900.0,0
AP04719,A,85093.0,6.4,718.0,0.27,51000.0,0
AP04720,A,49615.0,0.6,660.0,0.31,55300.0,0
AP04721,B,30868.0,2.6,681.0,0.27,27000.0,0
AP04722,A,62010.0,7.7,703.0,0.306,68300.0,1
AP04723,A,84645.0,6.2,607.0,0.191,96400.0,0
AP04724,A,53212.0,11.0,661.0,0.258,68600.0,0
AP04725,A,51137.0,9.5,687.0,0.321,65000.0,1
AP04726,B,36945.0,1.5,557.0,0.114,14900.0,1
AP04727,A,65824.0,3.9,769.0,0.129,66600.0,0
AP04728,A,59516.0,2.2,670.0,0.35,88200.0,0
AP04729,A,68528.0,11.4,705.0,0.291,23000.0,1
AP04730,A,30925.0,7.0,683.0,0.091,30400.0,0
AP04731,A,90540.0,10.9,706.0,0.565,60500.0,0
AP04732,A,73565.0,2.6,614.0,0.341,33300.0,0
AP04733,A,46822.0,7.2,640.0,0.309,48800.0,0
AP04734,B,58182.0,6.6,583.0,0.161,29200.0,0
AP04735,A,71110.0,0.6,772.0,0.082,40700.0,0
AP04736,A,90040.0,2.6,704.0,0.102,95600.0,0
AP04737,A,40974.0,13.4,666.0,0.057,15000.0,0
AP04738,A,93512.0,0.1,718.0,0.02,58000.0,0
AP04739,B,54417.0,3.2,565.0,0.219,77400.0,0
AP04740,A,24646.0,6.0,803.0,0.118,33700.0,0
AP04741,A,76723.0,5.5,590.0,0.149,90900.0,0
AP04742,B,23194.0,11.2,717.0,0.443,25700.0,0
AP04743,A,43994.0,8.5,767.0,0.355,64200.0,0
AP04744,A,58785.0,13.1,660.0,0.236,61600.0,0
AP04745,B,59159.0,1.5,573.0,0.47,73900.0,0
AP04746,A,73593.0,0.9,649.0,0.383,59600.0,0
AP04747,B,53938.0,4.8,676.0,0.157,79600.0,0
AP04748,A,57764.0,1.7,762.0,0.278,66200.0,0
AP04749,A,88985.0,20.3,684.0,0.152,66100.0,1
AP04750,A,63421.0,10.9,718.0,0.284,32000.0,0
AP04751,A,50518.0,5.5,737.0,0.605,84800.0,0
AP04752,B,21770.0,3.0,714.0,0.245,26400.0,0
AP04753,B,38520.0,6.8,659.0,0.333,47000.0,0
AP04754,A,82504.0,2.0,722.0,0.149,63500.0,1
AP04755,B,30135.0,9.6,613.0,0.159,43300.0,1
AP04756,A,43527.0,3.2,631.0,0.246,65500.0,0
AP04757,A,79871.0,1.7,645.0,0.209,31800.0,0
AP04758,A,63872.0,9.9,638.0,0.048,89300.0,0
AP04759,A,62297.0,2.0,818.0,0.355,25900.0,0
AP04760,B,38974.0,7.3,584.0,0.138,44700.0,0
AP04761,B,42234.0,3.8,671.0,0.159,12600.0,0
AP04762,B,44113.0,0.9,703.0,0.178,32700.0,1
AP04763,A,29855.0,3.6,722.0,0.279,44700.0,0
AP04764,A,57199.0,2.4,662.0,0.171,94400.0,0
AP04765,A,73657.0,1.2,764.0,0.109,95800.0,0
AP04766,A,83623.0,23.5,625.0,0.124,27400.0,0
AP04767,B,56123.0,1.7,697.0,0.216,99100.0,0
AP04768,A,78249.0,4.7,630.0,0.26,86300.0,0
AP04769,A,77278.0,1.5,779.0,0.317,128000.0,0
AP04770,B,37691.0,5.0,603.0,0.121,27100.0,0
AP04771,B,53498.0,14.5,520.0,0.135,20300.0,0
AP04772,B,42226.0,0.9,592.0,0.476,16200.0,0
AP04773,A,46431.0,1.5,563.0,0.377,35600.0,0
AP04774,A,70646.0,1.9,705.0,0.049,39000.0,0
AP04775,B,46800.0,3.7,565.0,0.223,43900.0,0
AP04776,A,91671.0,19.7,555.0,0.3,46100.0,1
AP04777,A,81069.0,0.9,702.0,0.359,130400.0,0
AP04778,A,55351.0,5.1,827.0,0.359,90300.0,0
AP04779,B,46117.0,5.6,646.0,0.016,50400.0,0
AP04780,A,72695.0,2.6,592.0,0.444,127800.0,1
AP04781,B,42235.0,0.8,722.0,0.107,25500.0,0
AP04782,B,44265.0,1.3,624.0,0.142,30800.0,0
AP04783,A,38831.0,3.5,551.0,0.307,44000.0,0
AP04784,B,52651.0,4.0,667.0,0.182,91000.0,0
AP04785,A,57280.0,5.2,610.0,0.09,76200.0,1
AP04786,A,33681.0,16.1,654.0,0.123,37000.0,0
AP04787,A,59535.0,0.3,651.0,0.285,47900.0,0
AP04788,A,70353.0,18.2,695.0,0.378,104200.0,0
AP04789,A,54557.0,23.0,719.0,0.514,85700.0,0
AP04790,A,45243.0,2.2,715.0,0.426,72000.0,0
AP04791,A,84843.0,0.9,687.0,0.232,95400.0,0
AP04792,B,36593.0,0.8,551.0,0.228,48700.0,0
AP04793,A,67056.0,13.6,694.0,0.116,67900.0,0
AP04794,A,80386.0,2.6,701.0,0.231,28500.0,0
AP04795,A,38566.0,9.3,850.0,0.349,64300.0,0
AP04796,B,43619.0,9.0,698.0,0.189,58400.0,0
AP04797,B,32963.0,0.3,605.0,0.142,46300.0,0
AP04798,A,59815.0,21.3,735.0,0.209,56500.0,1
AP04799,A,43426.0,12.0,739.0,0.302,43100.0,0
AP04800,A,58022.0,25.5,547.0,0.197,42100.0,0
AP04801,B,36208.0,0.3,793.0,0.185,60200.0,0
AP04802,A,39965.0,3.6,584.0,0.175,18900.0,1
AP04803,B,53392.0,0.8,672.0,0.126,69100.0,0
AP04804,B,42633.0,0.9,569.0,0.012,27800.0,1
AP04805,A,62483.0,1.0,552.0,0.479,101800.0,0
AP04806,A,72713.0,0.5,621.0,0.137,25000.0,0
AP04807,A,30617.0,9.8,814.0,0.086,48200.0,1
AP04808,A,35018.0,4.3,753.0,0.184,30500.0,1
AP04809,A,77364.0,26.1,757.0,0.108,87600.0,1
AP04810,B,33248.0,3.9,693.0,0.264,28600.0,0
AP04811,A,85283.0,0.9,710.0,0.214,67800.0,1
AP04812,B,39920.0,2.1,585.0,0.08,34800.0,0
AP04813,A,36612.0,20.7,672.0,0.249,30400.0,0
AP04814,A,72683.0,3.8,764.0,0.448,99900.0,1
AP04815,B,59109.0,4.8,596.0,0.438,53100.0,0
AP04816,A,67555.0,5.8,679.0,0.207,107400.0,0
AP04817,B,59185.0,1.3,678.0,0.193,103800.0,0
AP04818,B,59487.0,4.5,722.0,0.367,72800.0,0
AP04819,B,35316.0,21.5,654.0,0.377,52500.0,0
AP04820,A,75669.0,15.4,569.0,0.256,132300.0,0
AP04821,A,68306.0,10.4,657.0,0.303,41600.0,0
AP04822,B,53784.0,14.0,648.0,0.163,40400.0,0
AP04823,A,15494.0,2.2,768.0,0.248,26000.0,0
AP04824,B,41376.0,0.9,604.0,0.076,52100.0,0
AP04825,B,69084.0,3.5,683.0,0.199,74600.0,0
AP04826,B,41503.0,8.0,596.0,0.113,39500.0,0
AP04827,A,48790.0,3.0,556.0,0.158,87800.0,0
AP04828,A,78017.0,21.7,726.0,0.154,112600.0,1
AP04829,A,83176.0,7.8,850.0,0.061,41700.0,0
AP04830,A,64041.0,0.6,735.0,0.51,95600.0,0
AP04831,A,58542.0,1.2,794.0,0.292,27600.0,1
AP04832,B,59125.0,1.5,681.0,0.038,13900.0,1
AP04833,A,65317.0,5.4,749.0,0.252,79800.0,0
AP04834,B,41384.0,2.0,691.0,0.395,33000.0,0
AP04835,A,90496.0,24.3,607.0,0.45,30600.0,0
AP04836,A,54048.0,0.9,657.0,0.317,14500.0,0
AP04837,B,42308.0,23.7,692.0,0.232,47300.0,1
AP04838,A,48080.0,3.4,641.0,0.344,40400.0,0
AP04839,A,80966.0,0.1,776.0,0.235,143100.0,0
AP04840,B,71004.0,3.8,552.0,0.168,46700.0,0
AP04841,A,68275.0,2.9,670.0,0.282,70700.0,0
AP04842,B,23862.0,4.2,517.0,0.066,28600.0,0
AP04843,A,69704.0,5.3,756.0,0.204,101200.0,1
AP04844,B,23840.0,4.0,746.0,0.36,38600.0,1
AP04845,A,43510.0,0.7,539.0,0.103,14000.0,0
AP04846,B,22321.0,2.1,637.0,0.128,36500.0,0
AP04847,A,64999.0,13.3,610.0,0.093,41100.0,1
AP04848,B,36644.0,11.4,583.0,0.041,23100.0,1
AP04849,A,55919.0,3.0,713.0,0.397,65500.0,0
AP04850,A,55072.0,7.8,559.0,0.491,16700.0,0
AP04851,A,88027.0,2.0,725.0,0.073,124100.0,0
AP04852,A,54131.0,6.1,770.0,0.255,77000.0,0
AP04853,A,66854.0,2.5,697.0,0.148,102300.0,1
AP04854,A,56876.0,25.4,730.0,0.289,60500.0,1
AP04855,A,46887.0,5.8,850.0,0.243,24700.0,1
AP04856,A,34737.0,12.3,686.0,0.318,34700.0,1
AP04857,B,28553.0,1.9,759.0,0.124,31800.0,1
AP04858,A,47599.0,11.9,725.0,0.16,69900.0,0
AP04859,A,78402.0,5.3,682.0,0.39,77500.0,0
AP04860,A,41559.0,4.7,609.0,0.392,59400.0,0
AP04861,B,42212.0,6.0,712.0,0.17,41500.0,0
AP04862,A,74827.0,1.6,607.0,0.231,106800.0,0
AP04863,B,51608.0,1.3,691.0,0.285,30300.0,0
AP04864,A,71878.0,26.5,606.0,0.069,103000.0,0
AP04865,A,78148.0,10.3,813.0,0.351,139900.0,0
AP04866,B,33151.0,2.6,590.0,0.108,20700.0,0
AP04867,A,55158.0,4.4,591.0,0.1,60900.0,0
AP04868,B,70063.0,5.0,682.0,0.109,55200.0,0
AP04869,A,87599.0,0.5,803.0,0.177,138300.0,0
AP04870,A,60583.0,5.6,699.0,0.244,88600.0,0
AP04871,A,71897.0,0.8,801.0,0.158,29200.0,1
AP04872,A,94024.0,8.3,748.0,0.27,33200.0,0
AP04873,A,56200.0,17.4,712.0,0.072,64100.0,0
AP04874,B,38418.0,13.6,633.0,0.116,11500.0,1
AP04875,A,70262.0,10.4,749.0,0.232,24000.0,0
AP04876,A,57831.0,15.4,698.0,0.267,88000.0,0
AP04877,A,85832.0,26.0,653.0,0.516,32800.0,0
AP04878,A,77779.0,0.5,682.0,0.27,42000.0,0
AP04879,A,81166.0,6.3,738.0,0.119,118700.0,0
AP04880,A,63634.0,11.9,711.0,0.346,39500.0,1
AP04881,A,56442.0,22.2,777.0,0.351,57400.0,1
AP04882,A,56218.0,5.7,847.0,0.33,31200.0,0
AP04883,A,56039.0,13.2,735.0,0.349,11500.0,1
AP04884,A,32573.0,10.8,747.0,0.365,46500.0,0
AP04885,B,37973.0,2.7,711.0,0.023,32900.0,0
AP04886,A,77663.0,3.1,728.0,0.368,59200.0,0
AP04887,A,62549.0,2.5,681.0,0.172,88700.0,1
AP04888,A,53635.0,4.4,646.0,0.059,85700.0,0
AP04889,A,63409.0,5.5,658.0,0.236,49400.0,0
AP04890,B,53727.0,0.2,642.0,0.172,78900.0,0
AP04891,A,68727.0,7.5,740.0,0.314,72200.0,0
AP04892,A,95687.0,7.3,598.0,0.128,136500.0,0
AP04893,A,47035.0,7.3,682.0,0.239,80000.0,0
AP04894,B,49038.0,4.9,647.0,0.239,16600.0,0
AP04895,A,75362.0,5.7,633.0,0.415,64300.0,0
AP04896,A,64148.0,31.3,739.0,0.389,20900.0,1
AP04897,B,35630.0,8.3,670.0,0.267,23000.0,0
AP04898,A,43957.0,10.6,756.0,0.331,61800.0,0
AP04899,B,49226.0,8.7,507.0,0.195,87100.0,0
AP04900,A,75633.0,9.2,652.0,0.096,97400.0,1
AP04901,A,89285.0,3.1,698.0,0.145,42100.0,1
AP04902,A,50706.0,6.6,737.0,0.048,89700.0,0
AP04903,A,71329.0,9.9,728.0,0.205,109700.0,0
AP04904,A,72212.0,8.8,783.0,0.113,64200.0,1
AP04905,A,81134.0,4.2,601.0,0.123,75000.0,0
AP04906,A,67174.0,3.8,678.0,0.421,17300.0,0
AP04907,B,52618.0,6.7,613.0,0.441,57800.0,0
AP04908,A,79043.0,0.7,807.0,0.113,107300.0,0
AP04909,A,41436.0,2.5,582.0,0.043,73600.0,0
AP04910,A,63549.0,0.1,626.0,0.319,81600.0,0
AP04911,A,30481.0,0.6,762.0,0.07,18300.0,0
AP04912,B,39006.0,0.3,608.0,0.178,20300.0,1
AP04913,A,47672.0,1.0,563.0,0.077,73700.0,0
AP04914,A,34603.0,4.4,788.0,0.233,52400.0,0
AP04915,A,71930.0,4.7,744.0,0.352,98300.0,0
AP04916,B,56648.0,1.9,753.0,0.16,89000.0,0
AP04917,A,57116.0,5.4,620.0,0.655,60400.0,0
AP04918,A,60155.0,7.6,674.0,0.319,16600.0,1
AP04919,B,66010.0,11.2,762.0,0.24,78300.0,0
AP04920,B,46111.0,0.0,595.0,0.467,53100.0,0
AP04921,B,22905.0,0.2,786.0,0.187,36900.0,0
AP04922,A,69059.0,0.8,632.0,0.187,16300.0,1
AP04923,A,54253.0,7.6,671.0,0.155,65900.0,0
AP04924,A,48348.0,10.7,638.0,0.045,14300.0,1
AP04925,B,31675.0,0.9,570.0,0.275,53900.0,1
AP04926,B,76971.0,1.5,670.0,0.31,80200.0,1
AP04927,A,55013.0,4.8,766.0,0.2,34800.0,1
AP04928,A,89033.0,13.2,600.0,0.328,93100.0,0
AP04929,B,36925.0,0.0,681.0,0.205,58900.0,0
AP04930,A,87506.0,1.4,669.0,0.557,40600.0,0
AP04931,A,40956.0,7.3,694.0,0.043,37900.0,0
AP04932,B,57759.0,1.4,809.0,0.364,37200.0,0
AP04933,B,12287.0,5.4,699.0,0.296,12800.0,1
AP04934,B,43783.0,0.9,636.0,0.174,41800.0,0
AP04935,A,59792.0,2.7,662.0,0.063,37900.0,0
AP04936,A,99673.0,3.3,593.0,0.09,95700.0,0
AP04937,A,63940.0,3.9,659.0,0.382,89800.0,0
AP04938,A,67882.0,16.6,841.0,0.4,92600.0,0
AP04939,A,52299.0,0.3,708.0,0.283,59900.0,1
AP04940,B,24337.0,4.4,768.0,0.381,38800.0,0
AP04941,B,20772.0,0.1,738.0,0.314,24500.0,0
AP04942,B,62953.0,5.5,683.0,0.138,18000.0,1
AP04943,A,32945.0,6.5,727.0,0.108,48600.0,0
AP04944,A,69209.0,10.8,605.0,0.135,93900.0,1
AP04945,A,54165.0,4.8,645.0,0.24,27500.0,0
AP04946,A,69740.0,1.5,790.0,0.138,86100.0,0
AP04947,B,42869.0,1.4,653.0,0.278,33400.0,0
AP04948,B,23411.0,8.4,699.0,0.151,28300.0,1
AP04949,A,66549.0,27.9,719.0,0.308,51100.0,0
AP04950,A,78526.0,1.9,754.0,0.162,103600.0,1
AP04951,B,47608.0,11.2,679.0,0.193,85300.0,0
AP04952,B,36498.0,2.0,669.0,0.5,50100.0,0
AP04953,B,59080.0,14.6,671.0,0.197,50100.0,0
AP04954,A,50500.0,1.8,753.0,0.144,10800.0,1
AP04955,A,39624.0,8.1,662.0,0.312,9300.0,0
AP04956,A,80475.0,0.2,762.0,0.166,87300.0,1
AP04957,B,22559.0,2.0,655.0,0.061,35700.0,0
AP04958,A,40610.0,28.7,640.0,0.388,68400.0,0
AP04959,A,62501.0,7.1,614.0,0.533,71000.0,0
AP04960,A,39253.0,4.7,548.0,0.341,62900.0,0
AP04961,A,12000.0,0.5,836.0,0.284,3900.0,0
AP04962,A,84435.0,13.9,681.0,0.311,33000.0,1
AP04963,B,59856.0,0.5,666.0,0.056,72600.0,0
AP04964,A,35925.0,2.8,724.0,0.518,45200.0,1
AP04965,A,49605.0,4.9,611.0,0.287,12100.0,0
AP04966,A,66304.0,2.8,781.0,0.363,76900.0,1
AP04967,A,55648.0,2.8,732.0,0.163,27500.0,0
AP04968,B,48407.0,3.4,629.0,0.215,37600.0,0
AP04969,A,53291.0,1.5,744.0,0.297,63800.0,0
AP04970,A,58222.0,19.9,674.0,0.132,65300.0,0
AP04971,A,52578.0,8.3,722.0,0.084,51100.0,0
AP04972,B,45874.0,0.8,674.0,0.158,64800.0,0
AP04973,A,58377.0,9.9,613.0,0.355,92100.0,0
AP04974,B,64055.0,12.4,522.0,0.086,75300.0,0
AP04975,A,62990.0,3.0,762.0,0.205,49500.0,0
AP04976,A,32554.0,0.2,617.0,0.425,18300.0,0
AP04977,B,38193.0,8.2,661.0,0.233,22800.0,0
AP04978,B,35363.0,16.2,516.0,0.082,53100.0,0
AP04979,A,61040.0,0.3,699.0,0.049,29300.0,0
AP04980,B,68549.0,1.5,697.0,0.311,105600.0,0
AP04981,A,70015.0,0.1,745.0,0.175,34700.0,0
AP04982,A,67239.0,27.2,652.0,0.114,83300.0,0
AP04983,B,36695.0,9.4,515.0,0.278,45800.0,0
AP04984,A,42235.0,2.5,731.0,0.209,43000.0,0
AP04985,A,61278.0,0.8,683.0,0.575,35300.0,1
AP04986,A,65167.0,9.9,653.0,0.302,61900.0,0
AP04987,A,53575.0,9.7,622.0,0.222,21900.0,0
AP04988,A,51813.0,5.9,678.0,0.267,87300.0,0
AP04989,A,85717.0,0.5,609.0,0.309,101400.0,0
AP04990,B,47159.0,11.7,690.0,0.042,65200.0,0
AP04991,A,53880.0,4.0,701.0,0.21,33400.0,0
AP04992,A,57529.0,10.6,664.0,0.095,101300.0,0
AP04993,A,58668.0,16.0,721.0,0.421,41500.0,0
AP04994,A,65414.0,0.2,758.0,0.214,45400.0,0
AP04995,A,58766.0,0.6,595.0,0.348,19100.0,0
AP04996,B,56175.0,3.3,802.0,0.094,94900.0,0
AP04997,B,53920.0,10.6,781.0,0.173,76300.0,0
AP04998,A,71126.0,25.4,639.0,0.395,110700.0,1
AP04999,A,87139.0,5.0,670.0,0.151,37000.0,0
AP05000,A,47275.0,3.3,761.0,0.288,64500.0,1
AP05001,A,92171.0,9.2,770.0,0.226,163600.0,0
AP05002,B,53952.0,14.0,673.0,0.098,91200.0,1
AP05003,A,74437.0,9.5,684.0,0.132,108300.0,0
AP05004,A,65348.0,1.6,672.0,0.218,93700.0,0
AP05005,A,57127.0,5.3,671.0,0.142,41200.0,1
AP05006,A,27171.0,7.1,803.0,0.346,41200.0,0
AP05007,A,91432.0,4.5,752.0,0.257,117300.0,1
AP05008,A,48840.0,11.2,558.0,0.161,33500.0,0
AP05009,A,48283.0,2.0,716.0,0.177,11100.0,1
AP05010,A,81538.0,0.4,735.0,0.381,136200.0,1
AP05011,A,63794.0,9.3,606.0,0.35,74700.0,0
AP05012,A,96604.0,9.9,793.0,0.147,138800.0,1
AP05013,A,92654.0,2.7,748.0,0.188,160900.0,0
AP05014,B,49057.0,5.9,707.0,0.356,30800.0,0
AP05015,A,66956.0,9.1,596.0,0.251,44000.0,0
AP05016,B,26425.0,0.2,573.0,0.15,23700.0,0
AP05017,A,38783.0,3.9,634.0,0.242,45700.0,0
AP05018,A,65503.0,0.9,637.0,0.186,50300.0,1
AP05019,A,65069.0,1.2,639.0,0.313,82500.0,1
AP05020,A,53960.0,8.8,592.0,0.263,38600.0,0
AP05021,B,41571.0,7.2,560.0,0.133,42800.0,0
AP05022,B,46396.0,3.1,700.0,0.188,50600.0,0
AP05023,B,31819.0,0.1,628.0,0.144,21200.0,0
AP05024,A,85503.0,0.2,738.0,0.208,77400.0,0
AP05025,B,50918.0,3.1,719.0,0.275,83400.0,1
AP05026,B,43891.0,2.3,480.0,0.301,74300.0,1
AP05027,A,90116.0,7.3,706.0,0.123,52100.0,1
AP05028,B,38830.0,4.1,640.0,0.099,69100.0,0
AP05029,B,55663.0,2.1,541.0,0.101,56200.0,0
AP05030,A,44697.0,0.1,787.0,0.138,78500.0,0
AP05031,A,77679.0,1.4,838.0,0.16,68600.0,1
AP05032,A,95242.0,2.7,695.0,0.066,100800.0,0
AP05033,A,42944.0,10.8,604.0,0.097,48700.0,0
AP05034,A,63058.0,11.4,600.0,0.263,31800.0,1
AP05035,A,48485.0,2.9,562.0,0.46,45300.0,1
AP05036,B,30611.0,11.3,655.0,0.076,51700.0,0
AP05037,B,36208.0,0.9,598.0,0.086,60900.0,0
AP05038,A,61633.0,20.4,635.0,0.172,20100.0,1
AP05039,A,50103.0,6.6,793.0,0.247,67300.0,1
AP05040,B,59128.0,12.4,685.0,0.159,69800.0,0
AP05041,B,41253.0,4.9,568.0,0.287,36700.0,0
AP05042,A,59118.0,0.9,755.0,0.372,19200.0,0
AP05043,A,82212.0,0.7,750.0,0.087,52500.0,1
AP05044,A,62585.0,8.5,730.0,0.137,102800.0,1
AP05045,A,58743.0,6.8,728.0,0.062,33100.0,0
AP05046,B,38034.0,2.2,735.0,0.222,54400.0,0
AP05047,A,43872.0,17.0,773.0,0.217,61400.0,1
AP05048,B,44763.0,2.4,771.0,0.124,40300.0,1
AP05049,A,80775.0,7.6,623.0,0.191,77500.0,1
AP05050,B,46652.0,1.4,668.0,0.17,24200.0,0
AP05051,B,55052.0,5.3,639.0,0.065,91200.0,0
AP05052,A,62217.0,1.7,669.0,0.219,28600.0,0
AP05053,A,31689.0,3.7,793.0,0.078,16100.0,1
AP05054,B,48980.0,4.3,605.0,0.325,18800.0,0
AP05055,A,67522.0,4.3,712.0,0.148,118500.0,0
AP05056,A,77841.0,15.4,770.0,0.241,77800.0,1
AP05057,A,64887.0,4.7,621.0,0.156,53500.0,0
AP05058,A,55406.0,3.8,650.0,0.302,72700.0,0
AP05059,A,47388.0,1.4,669.0,0.241,57600.0,0
AP05060,A,61534.0,1.9,617.0,0.48,104100.0,0
AP05061,B,47947.0,7.8,617.0,0.128,67000.0,0
AP05062,A,83933.0,20.0,622.0,0.092,106400.0,0
AP05063,A,62505.0,0.4,709.0,0.313,62200.0,0
AP05064,A,53417.0,27.0,693.0,0.184,23000.0,1
AP05065,A,60432.0,0.5,693.0,0.212,90500.0,0
AP05066,B,46914.0,10.6,625.0,0.103,26800.0,1
AP05067,A,58157.0,5.0,666.0,0.233,99000.0,0
AP05068,B,40717.0,1.5,612.0,0.212,51800.0,0
AP05069,A,33948.0,5.5,665.0,0.011,16400.0,1
AP05070,A,41052.0,5.5,691.0,0.056,39700.0,0
AP05071,A,70637.0,1.5,684.0,0.214,56300.0,0
AP05072,B,51447.0,0.7,592.0,0.029,33100.0,0
AP05073,A,64953.0,14.6,705.0,0.455,78900.0,0
AP05074,A,83042.0,1.4,628.0,0.231,88000.0,0
AP05075,B,12000.0,2.5,627.0,0.035,5900.0,0
AP05076,A,82688.0,0.8,776.0,0.076,40600.0,0
AP05077,A,69177.0,4.4,698.0,0.09,52700.0,0
AP05078,A,49610.0,0.9,737.0,0.345,70000.0,0
AP05079,B,47894.0,2.2,608.0,0.078,79900.0,0
AP05080,A,36926.0,1.7,748.0,0.305,21200.0,0
AP05081,B,31875.0,3.6,648.0,0.054,31900.0,0
AP05082,A,58615.0,2.3,739.0,0.344,59800.0,0
AP05083,A,69532.0,2.8,699.0,0.162,70100.0,1
AP05084,A,58911.0,5.8,616.0,0.14,73700.0,0
AP05085,A,24308.0,0.2,722.0,0.088,43700.0,0
AP05086,A,57005.0,14.4,686.0,0.259,78000.0,0
AP05087,B,41187.0,0.9,628.0,0.085,27800.0,0
AP05088,B,74690.0,7.7,629.0,0.254,118200.0,0
AP05089,A,86755.0,10.4,750.0,0.044,117600.0,1
AP05090,B,52900.0,5.1,648.0,0.181,51100.0,0
AP05091,A,42901.0,7.0,658.0,0.346,18600.0,0
AP05092,A,68392.0,6.6,658.0,0.346,21300.0,0
AP05093,A,41560.0,2.3,678.0,0.542,36400.0,1
AP05094,A,65913.0,13.0,579.0,0.313,59300.0,0
AP05095,B,61337.0,4.1,642.0,0.205,32800.0,0
AP05096,A,55176.0,0.3,657.0,0.251,82500.0,0
AP05097,A,66740.0,1.7,552.0,0.521,17800.0,0
AP05098,B,59897.0,5.9,672.0,0.223,62300.0,0
AP05099,B,28092.0,5.4,646.0,0.353,32800.0,0
AP05100,A,89581.0,13.2,787.0,0.234,24400.0,1
AP05101,A,72629.0,17.1,674.0,0.085,51400.0,1
AP05102,B,36863.0,0.5,641.0,0.132,23900.0,0
AP05103,A,48658.0,7.4,684.0,0.058,59100.0,1
AP05104,B,19827.0,3.4,594.0,0.135,22000.0,1
AP05105,A,72366.0,5.2,611.0,0.06,68200.0,1
AP05106,A,77426.0,1.0,724.0,0.421,34800.0,0
AP05107,B,49967.0,0.2,668.0,0.181,72300.0,0
AP05108,A,70489.0,0.5,712.0,0.189,101200.0,1
AP05109,A,42397.0,2.3,707.0,0.317,46900.0,0
AP05110,A,98356.0,1.8,595.0,0.235,143100.0,0
AP05111,A,82908.0,2.1,608.0,0.144,36100.0,0
AP05112,A,77054.0,27.6,621.0,0.234,81200.0,0
AP05113,A,86034.0,4.9,567.0,0.119,150000.0,1
AP05114,A,35825.0,13.5,605.0,0.234,11200.0,0
AP05115,A,55649.0,8.7,687.0,0.118,20200.0,0
AP05116,A,53187.0,11.7,764.0,0.236,37000.0,1
AP05117,A,83410.0,13.5,780.0,0.171,61400.0,1
AP05118,B,24685.0,5.2,581.0,0.205,31200.0,0
AP05119,A,56547.0,10.0,644.0,0.194,35000.0,0
AP05120,A,89234.0,7.9,619.0,0.3,149100.0,0
AP05121,B,26437.0,3.8,679.0,0.031,37100.0,0
AP05122,A,55430.0,1.8,706.0,0.219,64600.0,0
AP05123,A,95658.0,2.3,631.0,0.126,31700.0,0
AP05124,A,38655.0,3.1,615.0,0.193,45700.0,0
AP05125,A,70303.0,7.1,844.0,0.594,45000.0,0
AP05126,A,58214.0,0.9,735.0,0.25,72700.0,1
AP05127,A,71321.0,1.5,706.0,0.239,77500.0,1
AP05128,A,57354.0,11.0,699.0,0.199,31200.0,0
AP05129,A,47404.0,0.7,674.0,0.486,47800.0,0
AP05130,A,66031.0,6.5,753.0,0.144,47400.0,0
AP05131,A,38864.0,4.0,737.0,0.42,65000.0,0
AP05132,A,71666.0,1.0,791.0,0.016,119600.0,0
AP05133,A,56569.0,5.3,567.0,0.275,101800.0,0
AP05134,A,78611.0,9.9,737.0,0.179,81700.0,0
AP05135,A,54290.0,11.5,705.0,0.315,44300.0,0
AP05136,A,50301.0,0.1,751.0,0.472,26000.0,0
AP05137,B,31876.0,3.7,615.0,0.608,29500.0,0
AP05138,B,26088.0,3.1,585.0,0.409,15800.0,0
AP05139,A,25462.0,5.7,688.0,0.134,36500.0,0
AP05140,B,51529.0,7.5,714.0,0.262,21500.0,1
AP05141,B,55762.0,1.6,746.0,0.414,68300.0,1
AP05142,A,36997.0,1.4,625.0,0.111,66300.0,0
AP05143,B,65143.0,0.2,548.0,0.128,89600.0,0
AP05144,A,73624.0,14.7,773.0,0.083,83000.0,1
AP05145,B,41661.0,7.7,634.0,0.178,64000.0,0
AP05146,A,50885.0,6.2,723.0,0.153,79400.0,0
AP05147,B,40811.0,7.1,631.0,0.403,62200.0,0
AP05148,B,35660.0,0.6,662.0,0.245,63200.0,0
AP05149,A,46881.0,9.7,673.0,0.571,25400.0,0
AP05150,B,53925.0,0.1,518.0,0.512,95100.0,0
AP05151,A,42768.0,2.1,604.0,0.15,12400.0,0
AP05152,A,40355.0,15.6,698.0,0.057,53400.0,0
AP05153,A,92622.0,7.2,712.0,0.238,108700.0,0
AP05154,B,51815.0,3.4,600.0,0.194,15800.0,0
AP05155,A,39750.0,0.9,650.0,0.202,57100.0,0
AP05156,A,97069.0,7.4,722.0,0.269,78500.0,1
AP05157,A,75855.0,9.6,601.0,0.255,30500.0,1
AP05158,A,58983.0,3.3,713.0,0.049,25300.0,0
AP05159,A,76528.0,1.0,752.0,0.347,57000.0,0
AP05160,A,68941.0,5.7,688.0,0.23,55200.0,0
AP05161,A,48605.0,37.4,591.0,0.261,45600.0,1
AP05162,B,12000.0,11.3,478.0,0.197,12700.0,0
AP05163,A,46036.0,15.9,767.0,0.124,70600.0,1
AP05164,A,62076.0,5.4,692.0,0.169,41200.0,1
AP05165,A,55842.0,19.1,596.0,0.226,97200.0,0
AP05166,A,49041.0,0.6,745.0,0.126,31500.0,0
AP05167,B,34982.0,5.2,715.0,0.153,14500.0,0
AP05168,B,25725.0,11.2,688.0,0.163,32600.0,0
AP05169,B,49505.0,2.9,646.0,0.453,69800.0,0
AP05170,A,53603.0,4.2,740.0,0.163,68800.0,0
AP05171,B,67681.0,2.1,655.0,0.187,18100.0,0
AP05172,A,42270.0,1.2,546.0,0.379,20100.0,0
AP05173,A,62003.0,16.2,547.0,0.313,16300.0,1
AP05174,A,48264.0,0.5,677.0,0.128,72500.0,0
AP05175,A,31177.0,9.3,643.0,0.016,9300.0,0
AP05176,A,61800.0,14.3,686.0,0.233,86500.0,0
AP05177,B,44299.0,0.3,747.0,0.274,31200.0,0
AP05178,A,76853.0,7.8,618.0,0.137,117600.0,0
AP05179,B,38809.0,1.1,697.0,0.161,45300.0,0
AP05180,A,44146.0,17.0,706.0,0.094,71700.0,0
AP05181,A,51253.0,0.6,691.0,0.085,67100.0,0
AP05182,A,18051.0,4.5,801.0,0.243,11700.0,0
AP05183,A,42256.0,3.9,637.0,0.314,17100.0,0
AP05184,A,85155.0,11.3,718.0,0.266,46000.0,0
AP05185,A,89014.0,2.2,621.0,0.08,22100.0,0
AP05186,A,75662.0,14.4,657.0,0.011,95100.0,1
AP05187,A,67494.0,6.9,693.0,0.104,76200.0,0
AP05188,A,72551.0,18.6,672.0,0.159,96700.0,0
AP05189,B,12374.0,0.3,661.0,0.267,20800.0,0
AP05190,B,22590.0,0.5,618.0,0.179,18300.0,0
AP05191,A,46628.0,4.7,753.0,0.083,46100.0,1
AP05192,A,83156.0,7.8,628.0,0.083,145200.0,0
AP05193,B,25013.0,0.9,568.0,0.015,35300.0,0
AP05194,A,66380.0,2.0,794.0,0.164,38700.0,0
AP05195,A,56606.0,4.6,592.0,0.267,45200.0,0
AP05196,A,55278.0,1.3,665.0,0.223,75200.0,0
AP05197,A,52459.0,18.3,597.0,0.197,72400.0,0
AP05198,A,45658.0,6.4,621.0,0.377,19300.0,0
AP05199,A,27892.0,1.6,757.0,0.04,11900.0,0
AP05200,B,31340.0,0.2,617.0,0.212,35600.0,0
AP05201,A,54073.0,0.4,664.0,0.127,71500.0,0
AP05202,A,58299.0,0.1,791.0,0.017,95300.0,1
AP05203,B,28765.0,4.3,680.0,0.101,23300.0,0
AP05204,A,72620.0,15.5,762.0,0.206,99700.0,0
AP05205,A,49626.0,2.8,714.0,0.385,70500.0,1
AP05206,A,72416.0,9.8,760.0,0.418,46800.0,0
AP05207,B,20516.0,0.4,635.0,0.295,16600.0,0
AP05208,A,80791.0,5.1,715.0,0.087,109200.0,0
AP05209,A,66781.0,10.6,681.0,0.084,56100.0,0
AP05210,A,58653.0,7.9,510.0,0.072,96800.0,0
AP05211,B,32525.0,5.9,584.0,0.373,52400.0,0
AP05212,B,51922.0,2.0,516.0,0.192,10800.0,0
AP05213,B,44299.0,4.8,465.0,0.265,77000.0,0
AP05214,A,44528.0,12.6,680.0,0.073,31100.0,0
AP05215,A,99702.0,7.0,641.0,0.378,138300.0,1
AP05216,A,62372.0,0.4,644.0,0.152,89600.0,1
AP05217,A,88675.0,7.2,689.0,0.106,76700.0,0
AP05218,A,50069.0,1.2,749.0,0.215,58700.0,0
AP05219,B,50949.0,2.4,556.0,0.39,57400.0,0
AP05220,A,50681.0,0.1,701.0,0.298,48300.0,0
AP05221,A,73365.0,2.1,742.0,0.225,42100.0,1
AP05222,B,45930.0,4.9,612.0,0.248,30400.0,0
AP05223,A,50161.0,4.6,758.0,0.37,66800.0,1
AP05224,A,89707.0,5.8,659.0,0.303,35400.0,1
AP05225,A,68130.0,0.4,729.0,0.119,112600.0,0
AP05226,B,59550.0,16.7,613.0,0.163,46500.0,0
AP05227,A,57887.0,9.4,752.0,0.235,71600.0,0
AP05228,A,45737.0,4.3,608.0,0.261,77700.0,0
AP05229,B,46419.0,8.0,541.0,0.282,33000.0,0
AP05230,A,51676.0,2.1,655.0,0.286,12400.0,0
AP05231,A,53560.0,0.3,656.0,0.257,11100.0,0
AP05232,A,62662.0,4.4,634.0,0.422,66100.0,0
AP05233,A,47926.0,5.5,613.0,0.334,62700.0,0
AP05234,B,64557.0,0.4,716.0,0.097,70800.0,1
AP05235,A,52512.0,0.5,583.0,0.219,76200.0,0
AP05236,B,28654.0,1.5,727.0,0.513,43900.0,0
AP05237,A,37705.0,7.1,677.0,0.409,50600.0,0
AP05238,A,73091.0,7.5,541.0,0.308,89400.0,0
AP05239,A,70240.0,6.9,688.0,0.252,125500.0,0
AP05240,A,54058.0,0.3,722.0,0.243,54800.0,0
AP05241,B,30459.0,10.9,668.0,0.194,45500.0,0
AP05242,B,63314.0,0.1,652.0,0.509,71500.0,0
AP05243,A,54907.0,10.0,674.0,0.114,52700.0,1
AP05244,B,53346.0,1.9,677.0,0.504,17600.0,0
AP05245,B,58800.0,0.8,562.0,0.132,101400.0,0
AP05246,A,86511.0,1.7,531.0,0.159,18400.0,0
AP05247,A,49917.0,1.1,588.0,0.085,62700.0,0
AP05248,B,35577.0,6.5,558.0,0.251,47000.0,0
AP05249,B,50978.0,3.6,604.0,0.156,17900.0,0
AP05250,B,52735.0,4.7,633.0,0.5,25900.0,0
AP05251,A,43948.0,0.3,641.0,0.034,70800.0,0
AP05252,A,92796.0,23.0,713.0,0.152,125500.0,1
AP05253,A,51465.0,0.7,661.0,0.216,18700.0,0
AP05254,A,75963.0,0.9,710.0,0.212,93400.0,0
AP05255,B,48327.0,0.1,573.0,0.131,36700.0,0
AP05256,A,64069.0,17.8,626.0,0.502,52100.0,0
AP05257,B,22895.0,0.3,612.0,0.242,6800.0,0
AP05258,A,61360.0,10.1,651.0,0.181,61600.0,1
AP05259,B,28254.0,7.2,671.0,0.277,47900.0,1
AP05260,A,65185.0,8.1,665.0,0.099,43300.0,0
AP05261,B,39345.0,3.4,516.0,0.136,42700.0,0
AP05262,A,85669.0,4.1,564.0,0.211,69800.0,0
AP05263,B,41857.0,0.8,635.0,0.024,23000.0,0
AP05264,A,31772.0,23.5,712.0,0.291,50500.0,0
AP05265,A,58271.0,1.0,736.0,0.366,82400.0,0
AP05266,A,78203.0,10.6,663.0,0.172,28900.0,1
AP05267,B,30307.0,0.2,604.0,0.344,9600.0,0
AP05268,B,59014.0,2.2,593.0,0.174,51800.0,0
AP05269,A,53434.0,7.3,646.0,0.185,96100.0,0
AP05270,A,63668.0,2.3,520.0,0.189,69000.0,0
AP05271,A,75599.0,6.2,800.0,0.058,121800.0,0
AP05272,B,58576.0,2.5,603.0,0.291,83900.0,0
AP05273,A,113369.0,8.7,779.0,0.353,33800.0,0
AP05274,A,64733.0,2.8,577.0,0.474,101400.0,0
AP05275,B,27197.0,21.4,712.0,0.354,11200.0,1
AP05276,A,48709.0,11.9,572.0,0.607,37500.0,0
AP05277,A,63123.0,12.9,769.0,0.187,58600.0,1
AP05278,A,57195.0,11.7,676.0,0.217,23900.0,0
AP05279,B,44207.0,3.7,672.0,0.44,15900.0,0
AP05280,A,34512.0,3.5,689.0,0.224,42900.0,1
AP05281,B,35485.0,4.8,631.0,0.025,59800.0,0
AP05282,B,47755.0,6.2,687.0,0.105,75700.0,0
AP05283,A,14753.0,1.5,765.0,0.416,6900.0,0
AP05284,A,23466.0,2.5,584.0,0.624,24200.0,0
AP05285,B,46678.0,0.1,691.0,0.384,34000.0,0
AP05286,A,60767.0,9.3,516.0,0.3,65700.0,0
AP05287,A,72927.0,3.1,816.0,0.353,124500.0,1
AP05288,B,38702.0,1.6,724.0,0.125,30300.0,0
AP05289,A,72645.0,5.2,667.0,0.099,63200.0,0
AP05290,A,56468.0,2.7,682.0,0.235,71900.0,0
AP05291,B,39539.0,5.0,677.0,0.233,32500.0,0
AP05292,A,59452.0,7.2,736.0,0.042,12700.0,1
AP05293,A,79730.0,5.6,684.0,0.18,100700.0,0
AP05294,A,72031.0,5.2,727.0,0.586,83900.0,1
AP05295,B,12000.0,16.5,640.0,0.102,17200.0,0
AP05296,B,41276.0,4.1,487.0,0.467,10200.0,0
AP05297,A,56890.0,15.8,645.0,0.301,77600.0,0
AP05298,A,41077.0,2.4,659.0,0.15,58500.0,0
AP05299,A,52039.0,7.3,664.0,0.029,12700.0,0
AP05300,A,54864.0,5.0,768.0,0.215,85900.0,0
AP05301,A,53619.0,1.8,698.0,0.262,96300.0,0
AP05302,A,74834.0,1.1,670.0,0.31,69000.0,0
AP05303,B,35646.0,14.7,694.0,0.079,62900.0,1
AP05304,B,43337.0,5.3,850.0,0.477,20600.0,0
AP05305,A,64308.0,0.4,659.0,0.029,37700.0,0
AP05306,B,55116.0,1.2,784.0,0.102,64400.0,0
AP05307,A,64047.0,10.1,667.0,0.191,112300.0,1
AP05308,A,79380.0,7.3,708.0,0.204,22500.0,0
AP05309,A,71053.0,3.3,702.0,0.102,69100.0,0
AP05310,A,75233.0,2.6,570.0,0.363,47500.0,0
AP05311,A,60795.0,0.5,565.0,0.139,28300.0,0
AP05312,A,39704.0,16.0,669.0,0.222,26100.0,0
AP05313,A,35994.0,11.4,568.0,0.132,50000.0,0
AP05314,B,30913.0,2.8,572.0,0.345,45900.0,0
AP05315,B,38128.0,4.8,654.0,0.375,35300.0,0
AP05316,A,69982.0,2.4,763.0,0.174,90700.0,0
AP05317,B,49229.0,1.3,679.0,0.305,66000.0,0
AP05318,A,53746.0,3.3,730.0,0.221,80200.0,0
AP05319,B,61461.0,5.4,478.0,0.278,62400.0,0
AP05320,B,42089.0,1.3,678.0,0.291,18900.0,1
AP05321,A,60871.0,1.4,748.0,0.09,72900.0,0
AP05322,A,61076.0,4.7,756.0,0.047,75700.0,0
AP05323,B,26920.0,0.8,638.0,0.165,23800.0,0
AP05324,B,33059.0,2.6,677.0,0.223,27800.0,1
AP05325,B,71555.0,1.0,684.0,0.008,117000.0,0
AP05326,A,55812.0,16.1,662.0,0.174,13600.0,1
AP05327,A,53259.0,2.5,651.0,0.64,35200.0,0
AP05328,A,76638.0,3.2,763.0,0.192,44300.0,1
AP05329,B,47024.0,3.7,556.0,0.298,28500.0,0
AP05330,B,54217.0,5.4,588.0,0.272,53400.0,0
AP05331,A,88435.0,4.8,644.0,0.285,156100.0,0
AP05332,A,78073.0,1.7,739.0,0.246,23200.0,1
AP05333,A,41494.0,1.7,774.0,0.366,71200.0,0
AP05334,B,33879.0,4.6,616.0,0.205,56100.0,1
AP05335,A,77216.0,6.7,601.0,0.215,67000.0,0
AP05336,B,46422.0,5.3,626.0,0.201,31700.0,0
AP05337,A,51458.0,10.1,798.0,0.053,91000.0,0
AP05338,A,85052.0,1.3,750.0,0.12,37700.0,1
AP05339,B,34264.0,1.7,661.0,0.111,23000.0,0
AP05340,B,50798.0,1.1,706.0,0.189,38200.0,0
AP05341,B,39039.0,0.7,530.0,0.421,17400.0,0
AP05342,A,67744.0,7.7,690.0,0.099,119400.0,1
AP05343,A,54255.0,3.9,619.0,0.091,19900.0,1
AP05344,B,12000.0,1.6,585.0,0.351,18800.0,0
AP05345,A,81437.0,12.5,640.0,0.308,27300.0,0
AP05346,B,33651.0,2.6,629.0,0.105,36600.0,0
AP05347,A,35081.0,6.2,766.0,0.131,46000.0,0
AP05348,B,43236.0,3.1,764.0,0.194,49600.0,0
AP05349,A,77059.0,6.1,769.0,0.139,127100.0,0
AP05350,A,47021.0,2.2,707.0,0.17,31500.0,1
AP05351,A,54926.0,4.4,752.0,0.153,23400.0,0
AP05352,A,62969.0,1.1,801.0,0.151,31500.0,1
AP05353,A,57511.0,0.6,706.0,0.387,103500.0,0
AP05354,B,53506.0,0.2,655.0,0.27,12700.0,0
AP05355,B,48106.0,4.2,628.0,0.188,23800.0,1
AP05356,A,53148.0,10.9,717.0,0.193,93300.0,0
AP05357,B,36525.0,1.5,743.0,0.227,48100.0,0
AP05358,A,49186.0,8.7,678.0,0.488,24800.0,1
AP05359,B,56183.0,1.8,617.0,0.265,54500.0,0
AP05360,A,97439.0,4.7,568.0,0.241,143200.0,1
AP05361,B,71338.0,0.2,686.0,0.034,26000.0,0
AP05362,A,62677.0,0.6,688.0,0.462,15900.0,0
AP05363,A,58630.0,14.3,718.0,0.057,92300.0,1
AP05364,A,42688.0,4.3,588.0,0.229,27600.0,0
AP05365,A,82571.0,0.4,705.0,0.184,54800.0,1
AP05366,A,65117.0,19.1,835.0,0.189,96000.0,1
AP05367,A,46769.0,1.2,731.0,0.041,81900.0,1
AP05368,A,69307.0,5.9,598.0,0.233,70400.0,0
AP05369,A,86669.0,2.3,735.0,0.107,65200.0,0
AP05370,B,37027.0,7.5,648.0,0.19,56200.0,0
AP05371,B,43318.0,0.9,639.0,0.267,66200.0,0
AP05372,B,26376.0,1.8,607.0,0.367,31200.0,0
AP05373,A,69930.0,8.6,699.0,0.121,53300.0,1
AP05374,A,61410.0,1.4,539.0,0.154,69900.0,1
AP05375,A,71902.0,3.5,759.0,0.372,34300.0,1
AP05376,A,83912.0,6.0,737.0,0.46,133000.0,0
AP05377,A,77457.0,4.7,723.0,0.263,72400.0,0
AP05378,A,80987.0,1.7,738.0,0.366,48600.0,1
AP05379,A,66012.0,12.4,774.0,0.177,72900.0,1
AP05380,A,75796.0,4.8,588.0,0.195,32700.0,0
AP05381,A,83874.0,12.9,700.0,0.121,35200.0,1
AP05382,A,59022.0,15.2,727.0,0.054,47100.0,1
AP05383,A,38670.0,8.1,737.0,0.122,47600.0,0
AP05384,A,93072.0,13.1,658.0,0.342,108100.0,0
AP05385,A,72500.0,6.6,682.0,0.086,32600.0,1
AP05386,B,32937.0,1.2,561.0,0.362,51700.0,0
AP05387,A,66214.0,11.1,730.0,0.013,113000.0,0
AP05388,A,57553.0,3.1,812.0,0.208,54600.0,1
AP05389,A,31309.0,1.9,565.0,0.517,38800.0,0
AP05390,A,58695.0,11.4,691.0,0.265,15600.0,0
AP05391,A,36369.0,15.2,670.0,0.36,16700.0,1
AP05392,A,65650.0,3.8,707.0,0.186,31900.0,0
AP05393,A,60033.0,1.5,692.0,0.263,57300.0,0
AP05394,A,82405.0,4.4,643.0,0.176,56600.0,0
AP05395,B,49665.0,3.3,632.0,0.342,16500.0,0
AP05396,A,68733.0,5.3,598.0,0.111,106000.0,0
AP05397,A,56623.0,3.8,614.0,0.256,97900.0,0
AP05398,A,55163.0,1.4,615.0,0.187,94900.0,0
AP05399,A,36847.0,13.6,701.0,0.26,37700.0,0
AP05400,A,79828.0,7.4,741.0,0.157,110500.0,0
AP05401,A,65073.0,25.9,771.0,0.192,69000.0,0
AP05402,B,33504.0,6.8,682.0,0.192,10100.0,0
AP05403,B,26836.0,1.5,654.0,0.046,46600.0,0
AP05404,A,54537.0,10.2,765.0,0.112,35700.0,1
AP05405,A,48966.0,17.3,688.0,0.378,58800.0,0
AP05406,A,66489.0,7.5,783.0,0.378,104100.0,0
AP05407,A,83871.0,4.6,790.0,0.348,117000.0,0
AP05408,A,57149.0,5.2,652.0,0.352,19200.0,0
AP05409,A,36356.0,1.9,656.0,0.158,10700.0,0
AP05410,A,50936.0,3.9,694.0,0.272,59400.0,1
AP05411,B,39332.0,14.2,589.0,0.254,8700.0,0
AP05412,B,39672.0,2.1,711.0,0.256,47200.0,0
AP05413,A,83383.0,4.8,668.0,0.448,47400.0,0
AP05414,B,49302.0,1.3,538.0,0.111,65700.0,0
AP05415,A,75323.0,1.7,688.0,0.213,134100.0,0
AP05416,A,60089.0,11.2,646.0,0.056,71500.0,1
AP05417,B,47412.0,0.3,635.0,0.158,28300.0,0
AP05418,B,51859.0,9.2,643.0,0.318,37600.0,0
AP05419,A,100018.0,5.6,540.0,0.111,32900.0,1
AP05420,A,59629.0,0.9,610.0,0.337,53500.0,1
AP05421,A,72167.0,4.2,589.0,0.295,53900.0,0
AP05422,B,51486.0,9.5,673.0,0.198,56500.0,0
AP05423,A,59628.0,10.7,720.0,0.05,103300.0,0
AP05424,A,67803.0,12.5,625.0,0.173,30400.0,0
AP05425,A,70536.0,9.4,575.0,0.2,58200.0,0
AP05426,A,101956.0,5.5,734.0,0.483,52000.0,0
AP05427,A,61729.0,2.0,655.0,0.356,16600.0,1
AP05428,B,30734.0,5.7,674.0,0.215,27600.0,0
AP05429,A,50095.0,2.0,722.0,0.085,71400.0,0
AP05430,B,70919.0,11.8,548.0,0.403,73800.0,0
AP05431,B,48741.0,1.9,517.0,0.081,42000.0,0
AP05432,B,34121.0,6.2,714.0,0.11,55200.0,0
AP05433,A,28515.0,14.2,603.0,0.228,36200.0,0
AP05434,A,87333.0,14.6,621.0,0.336,111600.0,0
AP05435,A,77485.0,7.4,696.0,0.425,72000.0,1
AP05436,A,56718.0,2.9,850.0,0.363,88500.0,1
AP05437,B,48380.0,3.9,677.0,0.102,69600.0,0
AP05438,A,62543.0,2.7,645.0,0.339,14900.0,0
AP05439,A,62433.0,6.0,674.0,0.211,86300.0,0
AP05440,A,82326.0,8.3,661.0,0.253,57700.0,0
AP05441,A,48690.0,2.2,586.0,0.514,25800.0,0
AP05442,A,55246.0,11.4,685.0,0.274,66800.0,1
AP05443,B,79331.0,5.8,558.0,0.455,118100.0,0
AP05444,A,57059.0,7.6,697.0,0.254,97300.0,0
AP05445,A,50814.0,7.2,632.0,0.18,35600.0,0
AP05446,A,31189.0,1.2,685.0,0.381,56100.0,1
AP05447,A,32541.0,12.3,638.0,0.076,25300.0,1
AP05448,A,49893.0,15.9,663.0,0.202,82500.0,0
AP05449,A,58013.0,1.9,561.0,0.013,32400.0,1
AP05450,A,80032.0,5.8,737.0,0.218,65800.0,1
AP05451,A,103622.0,24.9,665.0,0.363,69000.0,1
AP05452,B,44619.0,5.3,612.0,0.087,62500.0,0
AP05453,B,44963.0,13.0,568.0,0.077,69300.0,1
AP05454,B,41416.0,11.3,540.0,0.127,60800.0,0
AP05455,A,59971.0,5.2,850.0,0.072,56100.0,1
AP05456,B,55169.0,3.1,519.0,0.287,89900.0,0
AP05457,A,103698.0,2.4,795.0,0.277,46100.0,0
AP05458,B,37213.0,15.8,578.0,0.131,52200.0,0
AP05459,A,54606.0,13.0,756.0,0.109,19300.0,0
AP05460,B,48035.0,5.5,596.0,0.211,48900.0,0
AP05461,B,38361.0,1.1,567.0,0.031,27000.0,0
AP05462,A,51368.0,6.0,610.0,0.068,77600.0,0
AP05463,B,22059.0,1.5,609.0,0.442,35400.0,0
AP05464,B,71309.0,2.0,531.0,0.269,121600.0,0
AP05465,A,40053.0,21.2,792.0,0.326,30200.0,1
AP05466,A,66313.0,4.9,670.0,0.306,48100.0,0
AP05467,A,65097.0,0.1,673.0,0.143,67900.0,0
AP05468,A,41270.0,6.3,642.0,0.485,49200.0,0
AP05469,A,46499.0,3.8,694.0,0.087,31100.0,0
AP05470,A,47804.0,7.2,653.0,0.211,43200.0,1
AP05471,A,79416.0,5.7,762.0,0.334,136000.0,0
AP05472,A,70386.0,5.5,749.0,0.517,80200.0,0
AP05473,B,55840.0,11.3,593.0,0.43,76000.0,0
AP05474,A,70908.0,0.1,620.0,0.374,37300.0,0
AP05475,B,29561.0,2.6,636.0,0.283,29500.0,0
AP05476,A,70679.0,7.2,651.0,0.167,85700.0,1
AP05477,A,51203.0,0.4,781.0,0.245,65900.0,1
AP05478,B,63924.0,14.3,630.0,0.056,56700.0,0
AP05479,A,49442.0,0.6,678.0,0.538,25400.0,0
AP05480,A,65886.0,3.0,751.0,0.459,56800.0,0
AP05481,B,47923.0,8.5,528.0,0.142,17000.0,0
AP05482,B,47485.0,0.4,626.0,0.057,80000.0,0
AP05483,A,31715.0,14.4,793.0,0.307,26000.0,1
AP05484,A,58149.0,9.6,765.0,0.219,44400.0,1
AP05485,A,69207.0,2.2,606.0,0.45,63900.0,1
AP05486,A,44787.0,4.1,666.0,0.084,79400.0,0
AP05487,A,66592.0,15.6,746.0,0.215,80000.0,0
AP05488,A,54748.0,1.0,803.0,0.351,67600.0,0
AP05489,A,41781.0,15.5,780.0,0.129,25100.0,1
AP05490,A,82289.0,1.9,622.0,0.102,107100.0,0
AP05491,B,36354.0,3.9,778.0,0.043,15600.0,1
AP05492,A,80118.0,13.2,776.0,0.132,37700.0,0
AP05493,A,54671.0,6.4,640.0,0.085,73500.0,1
AP05494,A,45203.0,7.8,708.0,0.366,38800.0,1
AP05495,A,46204.0,15.5,666.0,0.285,52500.0,1
AP05496,A,48853.0,1.6,729.0,0.046,19200.0,0
AP05497,A,46875.0,11.3,594.0,0.305,25700.0,0
AP05498,B,61183.0,3.4,707.0,0.329,17700.0,0
AP05499,A,28511.0,11.1,621.0,0.211,26000.0,0
AP05500,B,54361.0,1.9,781.0,0.409,63300.0,1
AP05501,A,77156.0,23.9,825.0,0.336,81000.0,0
AP05502,B,45079.0,0.0,626.0,0.239,46600.0,0
AP05503,B,50116.0,4.0,588.0,0.142,76900.0,1
AP05504,A,20430.0,9.1,623.0,0.431,11400.0,0
AP05505,A,50911.0,0.1,716.0,0.195,78800.0,0
AP05506,A,59122.0,6.3,666.0,0.11,86600.0,0
AP05507,A,67598.0,6.1,609.0,0.281,31500.0,0
AP05508,B,75330.0,1.9,641.0,0.236,92900.0,0
AP05509,A,60636.0,0.6,616.0,0.144,13200.0,0
AP05510,B,70735.0,6.8,515.0,0.271,95600.0,0
AP05511,A,34284.0,3.3,706.0,0.095,34700.0,1
AP05512,A,94648.0,2.4,664.0,0.367,112800.0,0
AP05513,A,41959.0,3.6,595.0,0.235,19800.0,0
AP05514,B,30322.0,3.6,681.0,0.208,14500.0,0
AP05515,A,81570.0,2.3,687.0,0.469,73900.0,0
AP05516,A,48086.0,20.6,732.0,0.052,45900.0,0
AP05517,A,62230.0,5.0,695.0,0.28,111400.0,0
AP05518,A,91550.0,11.6,686.0,0.146,82400.0,1
AP05519,A,57113.0,5.2,596.0,0.347,18700.0,0
AP05520,A,80990.0,21.5,645.0,0.339,111300.0,0
AP05521,A,67426.0,1.3,690.0,0.202,111800.0,0
AP05522,A,66303.0,4.8,719.0,0.252,79800.0,1
AP05523,A,75110.0,6.7,669.0,0.339,129200.0,0
AP05524,A,58036.0,1.0,586.0,0.346,98300.0,0
AP05525,A,58431.0,7.4,610.0,0.271,28600.0,0
AP05526,B,44689.0,11.3,642.0,0.203,40100.0,0
AP05527,A,66914.0,6.2,727.0,0.432,62900.0,1
AP05528,A,71168.0,30.2,665.0,0.266,85100.0,0
AP05529,A,40703.0,1.2,610.0,0.257,34700.0,1
AP05530,A,62524.0,14.1,678.0,0.289,97200.0,0
AP05531,A,84046.0,11.2,675.0,0.364,24700.0,1
AP05532,A,78416.0,9.6,783.0,0.364,117300.0,0
AP05533,B,43498.0,12.9,678.0,0.331,70800.0,0
AP05534,B,45709.0,1.6,656.0,0.087,64400.0,0
AP05535,A,51230.0,1.3,684.0,0.226,33700.0,1
AP05536,A,70137.0,13.9,720.0,0.432,114100.0,0
AP05537,B,28480.0,0.4,694.0,0.318,15100.0,1
AP05538,B,56650.0,1.4,691.0,0.049,72500.0,1
AP05539,A,85729.0,3.5,613.0,0.293,87800.0,0
AP05540,B,26990.0,2.7,710.0,0.223,37500.0,1
AP05541,A,83872.0,3.6,659.0,0.415,43000.0,0
AP05542,A,44294.0,6.2,782.0,0.064,12900.0,1
AP05543,A,65634.0,6.1,737.0,0.086,40300.0,0
AP05544,A,43075.0,4.8,706.0,0.038,29900.0,0
AP05545,A,74144.0,12.5,613.0,0.118,124700.0,0
AP05546,B,55950.0,0.2,684.0,0.198,65000.0,0
AP05547,B,51317.0,20.7,540.0,0.106,17300.0,0
AP05548,A,48883.0,3.5,577.0,0.237,19200.0,1
AP05549,A,54312.0,4.1,568.0,0.046,22200.0,0
AP05550,A,35504.0,2.6,776.0,0.249,56300.0,0
AP05551,A,45620.0,0.6,759.0,0.177,56900.0,0
AP05552,A,46729.0,1.8,691.0,0.311,51500.0,0
AP05553,B,36605.0,8.2,765.0,0.19,43100.0,0
AP05554,A,87155.0,2.9,751.0,0.381,89300.0,0
AP05555,A,54289.0,0.3,850.0,0.149,22700.0,0
AP05556,A,57100.0,1.2,495.0,0.179,98800.0,0
AP05557,B,44450.0,6.5,735.0,0.066,68300.0,0
AP05558,A,52894.0,17.4,769.0,0.343,19200.0,0
AP05559,A,57273.0,1.9,710.0,0.097,48200.0,0
AP05560,B,29881.0,3.4,682.0,0.046,8900.0,0
AP05561,A,66413.0,0.2,594.0,0.202,88300.0,0
AP05562,A,60746.0,4.0,780.0,0.126,42700.0,1
AP05563,A,51981.0,16.7,830.0,0.212,93000.0,1
AP05564,A,88726.0,5.9,550.0,0.106,44500.0,0
AP05565,A,51239.0,7.6,610.0,0.466,49800.0,0
AP05566,A,64454.0,0.8,731.0,0.092,60300.0,1
AP05567,A,43707.0,4.5,745.0,0.195,16500.0,1
AP05568,B,37161.0,7.0,706.0,0.296,65100.0,0
AP05569,A,63971.0,1.7,586.0,0.03,29800.0,0
AP05570,A,55177.0,6.2,763.0,0.099,63800.0,0
AP05571,A,71863.0,12.7,781.0,0.03,75300.0,1
AP05572,A,63495.0,9.3,556.0,0.228,61000.0,1
AP05573,A,37408.0,1.1,689.0,0.167,16600.0,1
AP05574,A,20775.0,3.7,720.0,0.362,23500.0,0
AP05575,A,80164.0,5.9,681.0,0.17,80600.0,0
AP05576,A,51774.0,1.0,781.0,0.382,86000.0,0
AP05577,A,88867.0,13.1,709.0,0.082,50900.0,1
AP05578,A,62521.0,2.0,723.0,0.241,106700.0,1
AP05579,B,44133.0,0.7,489.0,0.242,57600.0,0
AP05580,A,72294.0,17.1,588.0,0.382,25500.0,0
AP05581,A,57387.0,12.6,844.0,0.373,22500.0,1
AP05582,A,62485.0,15.2,647.0,0.344,52700.0,0
AP05583,A,45553.0,0.6,687.0,0.189,70800.0,0
AP05584,B,57277.0,15.8,705.0,0.024,59200.0,1
AP05585,A,81947.0,40.0,737.0,0.528,42800.0,1
AP05586,A,52811.0,1.8,675.0,0.338,50100.0,0
AP05587,A,94319.0,1.8,536.0,0.438,136200.0,0
AP05588,A,52025.0,0.8,689.0,0.169,80600.0,0
AP05589,B,67128.0,10.9,665.0,0.025,79200.0,1
AP05590,A,32845.0,17.1,676.0,0.117,33600.0,1
AP05591,B,12000.0,5.5,642.0,0.322,14200.0,0
AP05592,B,43184.0,0.7,694.0,0.122,14500.0,0
AP05593,B,32941.0,2.9,748.0,0.183,47000.0,0
AP05594,A,82885.0,0.6,759.0,0.518,137500.0,0
AP05595,A,31727.0,2.1,764.0,0.582,6500.0,0
AP05596,A,66309.0,27.9,567.0,0.264,49800.0,1
AP05597,A,69789.0,22.1,649.0,0.159,112400.0,0
AP05598,B,62207.0,5.3,711.0,0.305,85600.0,0
AP05599,A,67590.0,0.1,759.0,0.141,109200.0,0
AP05600,A,45724.0,25.7,728.0,0.093,57400.0,1
AP05601,A,59358.0,13.0,510.0,0.06,51100.0,0
AP05602,B,60485.0,1.4,548.0,0.133,84300.0,1
AP05603,A,55954.0,2.6,761.0,0.595,66700.0,0
AP05604,A,68913.0,2.8,629.0,0.227,66200.0,0
AP05605,A,48168.0,1.9,670.0,0.603,54900.0,0
AP05606,A,57248.0,1.4,794.0,0.422,69200.0,0
AP05607,A,54477.0,15.1,589.0,0.079,44500.0,0
AP05608,A,62492.0,5.4,719.0,0.103,14200.0,0
AP05609,B,77596.0,3.4,731.0,0.157,52900.0,1
AP05610,A,66466.0,9.6,707.0,0.288,31900.0,0
AP05611,A,69318.0,3.7,663.0,0.12,58600.0,1
AP05612,A,36324.0,8.0,703.0,0.276,54200.0,0
AP05613,A,55689.0,2.1,723.0,0.15,92100.0,0
AP05614,A,76912.0,4.2,745.0,0.445,138200.0,0
AP05615,B,19215.0,0.1,674.0,0.281,25000.0,0
AP05616,B,63619.0,10.5,569.0,0.042,67200.0,0
AP05617,A,44779.0,3.8,685.0,0.022,24900.0,1
AP05618,A,86180.0,2.2,680.0,0.296,51600.0,1
AP05619,A,54065.0,3.5,801.0,0.163,16500.0,0
AP05620,A,49083.0,6.7,606.0,0.281,76000.0,0
AP05621,B,12000.0,7.3,668.0,0.255,7400.0,0
AP05622,A,81952.0,9.5,630.0,0.108,63900.0,1
AP05623,A,71070.0,18.4,633.0,0.146,89300.0,0
AP05624,A,79831.0,0.1,592.0,0.261,93300.0,0
AP05625,A,65977.0,1.7,676.0,0.421,41600.0,0
AP05626,A,59860.0,2.5,656.0,0.185,59000.0,1
AP05627,A,54256.0,2.9,696.0,0.267,50800.0,0
AP05628,B,60502.0,3.6,688.0,0.19,25600.0,1
AP05629,A,51436.0,3.0,737.0,0.251,64700.0,0
AP05630,B,44705.0,3.3,688.0,0.282,10900.0,0
AP05631,A,60130.0,9.4,517.0,0.074,26000.0,0
AP05632,A,63725.0,24.0,770.0,0.439,97700.0,1
AP05633,A,73041.0,9.8,689.0,0.222,69900.0,0
AP05634,B,45546.0,3.6,619.0,0.272,77600.0,1
AP05635,A,37532.0,1.8,652.0,0.377,61300.0,0
AP05636,A,47924.0,28.5,752.0,0.216,76000.0,1
AP05637,A,42030.0,4.6,663.0,0.194,32100.0,0
AP05638,A,27868.0,17.0,766.0,0.064,36800.0,0
AP05639,A,64022.0,8.4,607.0,0.065,22100.0,1
AP05640,B,70157.0,0.3,572.0,0.26,47700.0,0
AP05641,B,35539.0,1.6,660.0,0.11,63700.0,0
AP05642,A,42771.0,2.2,602.0,0.378,42400.0,0
AP05643,B,40057.0,3.4,604.0,0.281,12100.0,0
AP05644,A,56541.0,13.5,650.0,0.354,46000.0,1
AP05645,A,80091.0,19.1,603.0,0.172,115000.0,0
AP05646,A,60509.0,5.0,653.0,0.336,31400.0,0
AP05647,A,54284.0,2.7,697.0,0.499,63500.0,0
AP05648,A,72280.0,6.7,642.0,0.358,15200.0,0
AP05649,A,72844.0,21.8,723.0,0.156,55100.0,0
AP05650,B,31533.0,4.4,671.0,0.37,35600.0,0
AP05651,A,43471.0,7.1,587.0,0.145,12800.0,0
AP05652,A,53892.0,6.1,549.0,0.167,15500.0,1
AP05653,A,40862.0,2.2,682.0,0.231,24900.0,1
AP05654,B,21478.0,0.6,536.0,0.212,6000.0,0
AP05655,A,63779.0,1.6,694.0,0.25,90400.0,0
AP05656,A,88761.0,8.4,739.0,0.092,125900.0,0
AP05657,A,87497.0,14.6,728.0,0.334,120100.0,1
AP05658,B,55679.0,4.5,694.0,0.033,92000.0,0
AP05659,A,79248.0,9.3,686.0,0.489,96400.0,1
AP05660,A,66224.0,6.2,626.0,0.277,24800.0,0
AP05661,A,111925.0,0.9,674.0,0.103,162700.0,0
AP05662,A,89548.0,12.1,588.0,0.034,150600.0,0
AP05663,A,109660.0,3.9,722.0,0.225,197100.0,1
AP05664,B,47568.0,7.8,493.0,0.111,15000.0,0
AP05665,A,69494.0,2.7,642.0,0.15,63000.0,0
AP05666,A,80995.0,7.4,586.0,0.108,69800.0,0
AP05667,B,25338.0,6.7,576.0,0.021,10500.0,0
AP05668,A,67650.0,5.6,750.0,0.318,66900.0,1
AP05669,A,44299.0,9.6,729.0,0.21,31300.0,1
AP05670,B,36463.0,1.7,632.0,0.168,10400.0,0
AP05671,B,64772.0,5.7,643.0,0.198,79600.0,0
AP05672,A,76606.0,15.6,791.0,0.46,46000.0,1
AP05673,A,58077.0,2.4,651.0,0.04,102500.0,0
AP05674,A,30091.0,0.3,746.0,0.142,16800.0,0
AP05675,A,71058.0,0.5,827.0,0.19,92300.0,1
AP05676,A,82997.0,31.5,570.0,0.442,64600.0,0
AP05677,B,52269.0,6.6,594.0,0.352,29800.0,0
AP05678,A,44568.0,1.8,716.0,0.23,50800.0,0
AP05679,B,41359.0,3.1,634.0,0.044,66000.0,0
AP05680,A,57580.0,31.4,663.0,0.192,26600.0,0
AP05681,A,31435.0,10.8,650.0,0.504,20500.0,1
AP05682,B,39121.0,6.0,628.0,0.137,26600.0,0
AP05683,A,80210.0,6.8,594.0,0.119,17300.0,0
AP05684,A,50929.0,9.9,699.0,0.166,59000.0,1
AP05685,A,29413.0,8.8,731.0,0.163,29800.0,1
AP05686,A,68536.0,40.0,609.0,0.392,34100.0,1
AP05687,B,65159.0,1.0,501.0,0.144,56800.0,0
AP05688,A,76916.0,0.5,756.0,0.082,75900.0,0
AP05689,B,63339.0,3.6,556.0,0.4,62800.0,0
AP05690,B,46863.0,4.2,769.0,0.085,29600.0,1
AP05691,B,57321.0,3.9,699.0,0.152,44700.0,0
AP05692,A,35011.0,0.4,807.0,0.116,17900.0,0
AP05693,A,97616.0,2.5,699.0,0.235,46500.0,0
AP05694,A,72254.0,2.3,645.0,0.344,92500.0,0
AP05695,A,24110.0,2.9,694.0,0.49,37100.0,0
AP05696,A,28742.0,8.9,681.0,0.285,49000.0,0
AP05697,B,50645.0,10.6,672.0,0.269,40100.0,0
AP05698,B,35112.0,0.0,600.0,0.104,18500.0,0
AP05699,A,56403.0,2.3,788.0,0.359,34700.0,0
AP05700,B,47118.0,0.5,733.0,0.212,18600.0,1
AP05701,A,98128.0,2.0,653.0,0.204,141200.0,0
AP05702,B,39130.0,2.7,605.0,0.303,40700.0,0
AP05703,B,25953.0,8.4,576.0,0.267,42600.0,0
AP05704,A,59128.0,0.5,767.0,0.375,48500.0,1
AP05705,B,21145.0,0.4,641.0,0.305,34700.0,1
AP05706,B,47049.0,10.7,661.0,0.105,26300.0,1
AP05707,A,67834.0,2.1,654.0,0.11,93600.0,1
AP05708,A,58900.0,4.6,770.0,0.311,91900.0,0
AP05709,A,42793.0,8.1,774.0,0.055,62500.0,0
AP05710,A,61459.0,7.6,653.0,0.091,89400.0,0
AP05711,B,34365.0,4.7,606.0,0.179,38600.0,0
AP05712,A,71451.0,3.8,699.0,0.328,30900.0,1
AP05713,A,57544.0,20.6,725.0,0.252,52300.0,0
AP05714,A,68934.0,0.5,706.0,0.287,37500.0,0
AP05715,B,63246.0,1.0,623.0,0.208,67400.0,1
AP05716,B,49400.0,1.9,672.0,0.561,17700.0,0
AP05717,A,59429.0,3.7,728.0,0.13,74600.0,0
AP05718,A,61642.0,2.8,713.0,0.334,74000.0,0
AP05719,B,66369.0,9.9,691.0,0.215,55200.0,0
AP05720,A,64414.0,8.8,628.0,0.134,36300.0,1
AP05721,B,13040.0,3.8,723.0,0.437,3100.0,0
AP05722,A,109842.0,14.8,696.0,0.142,142300.0,0
AP05723,A,49586.0,4.4,480.0,0.18,40600.0,0
AP05724,B,39988.0,2.1,633.0,0.198,40700.0,0
AP05725,B,20274.0,1.1,814.0,0.391,22600.0,0
AP05726,B,69989.0,3.5,599.0,0.11,90100.0,0
AP05727,A,69055.0,12.3,657.0,0.29,76500.0,1
AP05728,A,52615.0,11.7,677.0,0.278,91000.0,0
AP05729,B,56044.0,7.2,481.0,0.513,94700.0,0
AP05730,A,36993.0,7.7,680.0,0.336,53600.0,1
AP05731,A,45167.0,2.5,584.0,0.441,28800.0,0
AP05732,A,40743.0,2.2,721.0,0.198,42200.0,1
AP05733,A,94211.0,3.0,569.0,0.268,90700.0,0
AP05734,A,37765.0,9.9,629.0,0.154,15200.0,0
AP05735,A,42453.0,9.0,836.0,0.278,57500.0,1
AP05736,A,65239.0,9.7,711.0,0.073,32500.0,1
AP05737,A,87466.0,0.6,748.0,0.119,144100.0,0
AP05738,B,36140.0,8.0,622.0,0.191,47700.0,1
AP05739,A,33879.0,12.7,745.0,0.05,47800.0,1
AP05740,A,63997.0,14.1,697.0,0.259,95700.0,0
AP05741,B,25776.0,1.3,731.0,0.078,20500.0,0
AP05742,B,16903.0,2.6,601.0,0.091,24800.0,0
AP05743,B,50986.0,3.3,665.0,0.221,73800.0,0
AP05744,A,44428.0,3.4,715.0,0.203,42700.0,1
AP05745,A,75170.0,12.4,699.0,0.248,114600.0,0
AP05746,A,60937.0,1.6,754.0,0.225,101900.0,1
AP05747,A,75121.0,2.8,772.0,0.046,49600.0,0
AP05748,A,59777.0,22.0,790.0,0.457,41900.0,1
AP05749,B,20032.0,13.3,653.0,0.211,14200.0,0
AP05750,A,72740.0,7.9,712.0,0.07,24200.0,1
AP05751,A,59552.0,36.8,812.0,0.341,102300.0,1
AP05752,A,65927.0,2.8,653.0,0.236,105100.0,0
AP05753,B,38174.0,0.0,695.0,0.158,63800.0,0
AP05754,A,50872.0,36.3,658.0,0.481,74800.0,1
AP05755,B,39825.0,7.5,758.0,0.119,19300.0,1
AP05756,A,57344.0,14.1,634.0,0.175,68500.0,0
AP05757,A,48204.0,0.2,803.0,0.256,69500.0,0
AP05758,A,73491.0,5.2,654.0,0.138,36200.0,0
AP05759,A,71488.0,20.9,698.0,0.032,20900.0,0
AP05760,B,57909.0,1.0,683.0,0.435,34100.0,0
AP05761,A,47984.0,4.5,838.0,0.111,79000.0,1
AP05762,B,54549.0,12.9,579.0,0.164,79900.0,0
AP05763,B,49104.0,0.1,593.0,0.214,16400.0,0
AP05764,A,46839.0,3.1,757.0,0.37,18300.0,1
AP05765,A,33888.0,10.9,644.0,0.23,22300.0,0
AP05766,A,47593.0,3.7,699.0,0.214,16700.0,0
AP05767,A,44825.0,15.1,803.0,0.14,33700.0,0
AP05768,B,31764.0,2.9,677.0,0.148,44600.0,0
AP05769,A,40327.0,6.0,809.0,0.5,32900.0,0
AP05770,B,59049.0,3.3,566.0,0.07,29400.0,0
AP05771,A,77074.0,13.8,497.0,0.055,99800.0,0
AP05772,A,88246.0,7.0,698.0,0.401,77600.0,1
AP05773,A,75032.0,6.3,654.0,0.053,36000.0,0
AP05774,B,47587.0,6.1,679.0,0.162,76500.0,0
AP05775,A,81109.0,7.2,850.0,0.212,78500.0,0
AP05776,A,50576.0,12.7,657.0,0.168,74800.0,0
AP05777,A,55327.0,0.9,559.0,0.253,23700.0,0
AP05778,A,40462.0,1.1,685.0,0.307,56800.0,1
AP05779,B,41109.0,0.4,652.0,0.313,38000.0,0
AP05780,A,79752.0,2.9,749.0,0.501,51600.0,0
AP05781,B,42163.0,1.2,605.0,0.121,10600.0,0
AP05782,A,55966.0,2.6,660.0,0.152,28900.0,0
AP05783,A,62187.0,2.3,669.0,0.183,57500.0,0
AP05784,B,42659.0,2.6,642.0,0.17,54700.0,0
AP05785,A,76743.0,3.2,719.0,0.322,109600.0,0
AP05786,A,62731.0,12.2,713.0,0.234,86300.0,1
AP05787,A,68742.0,5.9,786.0,0.553,34500.0,1
AP05788,A,34530.0,2.1,619.0,0.248,27200.0,0
AP05789,B,39979.0,0.7,643.0,0.353,49700.0,0
AP05790,A,29250.0,2.5,772.0,0.12,44300.0,0
AP05791,A,93601.0,9.2,754.0,0.036,83400.0,1
AP05792,A,86619.0,0.5,675.0,0.132,36500.0,0
AP05793,A,74387.0,3.1,739.0,0.044,56200.0,1
AP05794,A,81498.0,13.9,668.0,0.29,70900.0,0
AP05795,A,97566.0,14.6,761.0,0.112,100400.0,1
AP05796,A,78400.0,0.8,688.0,0.032,80700.0,1
AP05797,A,32836.0,0.9,635.0,0.181,30900.0,0
AP05798,A,57770.0,1.3,675.0,0.091,90700.0,0
AP05799,A,19115.0,1.3,623.0,0.247,7600.0,0
AP05800,A,46818.0,4.9,741.0,0.097,50800.0,1
AP05801,A,39082.0,0.6,673.0,0.081,11900.0,0
AP05802,A,61310.0,6.2,631.0,0.149,93200.0,0
AP05803,B,35867.0,1.4,776.0,0.169,36000.0,0
AP05804,B,40709.0,1.5,539.0,0.123,46900.0,0
AP05805,A,56348.0,1.6,780.0,0.126,87900.0,1
AP05806,A,66464.0,11.4,648.0,0.478,114700.0,0
AP05807,A,58605.0,2.6,723.0,0.291,18100.0,1
AP05808,B,33420.0,0.3,701.0,0.382,14700.0,0
AP05809,A,18149.0,1.4,738.0,0.491,16400.0,1
AP05810,A,53472.0,8.8,716.0,0.22,91000.0,0
AP05811,A,75662.0,9.0,850.0,0.077,27000.0,1
AP05812,A,66044.0,0.9,532.0,0.081,41000.0,0
AP05813,A,34709.0,2.7,695.0,0.184,30300.0,0
AP05814,A,56481.0,0.1,804.0,0.024,75000.0,0
AP05815,B,41120.0,0.1,641.0,0.367,35700.0,0
AP05816,B,52115.0,5.1,728.0,0.221,40400.0,0
AP05817,A,73511.0,3.3,695.0,0.324,34800.0,1
AP05818,A,46946.0,1.9,719.0,0.101,19800.0,1
AP05819,A,55409.0,4.9,647.0,0.478,39300.0,0
AP05820,B,40852.0,5.3,714.0,0.063,55700.0,0
AP05821,A,101432.0,0.7,561.0,0.31,105100.0,0
AP05822,A,55583.0,3.2,656.0,0.386,72600.0,0
AP05823,A,51074.0,8.6,670.0,0.066,31600.0,0
AP05824,A,74234.0,0.8,635.0,0.336,109900.0,0
AP05825,A,52869.0,9.5,800.0,0.161,64200.0,1
AP05826,B,66180.0,2.8,702.0,0.193,89000.0,1
AP05827,B,63638.0,11.7,655.0,0.078,59200.0,0
AP05828,A,66707.0,1.2,716.0,0.208,75900.0,1
AP05829,A,60993.0,0.2,616.0,0.329,72000.0,0
AP05830,A,38118.0,3.2,678.0,0.242,58100.0,1
AP05831,A,85760.0,11.9,678.0,0.183,113200.0,0
AP05832,A,57045.0,22.1,658.0,0.411,72400.0,0
AP05833,B,23889.0,1.6,685.0,0.3,32500.0,1
AP05834,A,37686.0,3.1,736.0,0.366,36500.0,0
AP05835,A,32078.0,0.0,668.0,0.124,40900.0,0
AP05836,B,69223.0,2.3,544.0,0.071,54400.0,0
AP05837,A,33922.0,5.8,630.0,0.131,36800.0,0
AP05838,A,70154.0,6.1,657.0,0.297,47900.0,0
AP05839,A,76967.0,6.3,782.0,0.542,20300.0,1
AP05840,A,49898.0,6.0,768.0,0.309,39400.0,1
AP05841,A,32359.0,1.3,755.0,0.37,30700.0,0
AP05842,B,33245.0,21.2,566.0,0.174,48700.0,0
AP05843,A,42230.0,16.0,694.0,0.112,18200.0,1
AP05844,A,64314.0,11.4,673.0,0.197,81800.0,1
AP05845,A,64545.0,8.2,711.0,0.166,16900.0,1
AP05846,B,18644.0,0.1,587.0,0.287,13700.0,0
AP05847,A,62622.0,3.1,791.0,0.431,33800.0,1
AP05848,A,80029.0,1.4,693.0,0.143,100800.0,0
AP05849,A,91960.0,24.3,689.0,0.34,132200.0,0
AP05850,A,51900.0,19.1,774.0,0.257,68900.0,0
AP05851,B,52236.0,2.1,677.0,0.165,41100.0,0
AP05852,A,57008.0,13.1,707.0,0.209,70000.0,0
AP05853,B,39930.0,2.1,716.0,0.24,28700.0,0
AP05854,A,84351.0,9.3,682.0,0.076,35700.0,1
AP05855,A,68344.0,0.2,701.0,0.123,19700.0,1
AP05856,A,63805.0,9.8,708.0,0.28,89300.0,0
AP05857,A,67654.0,2.4,694.0,0.297,117800.0,0
AP05858,A,58344.0,1.0,767.0,0.233,49800.0,1
AP05859,A,42317.0,8.0,701.0,0.152,50700.0,0
AP05860,A,93223.0,0.3,676.0,0.359,55100.0,0
AP05861,A,77455.0,0.8,669.0,0.191,124400.0,0
AP05862,A,66001.0,9.1,717.0,0.173,32500.0,0
AP05863,A,78637.0,2.9,729.0,0.174,135400.0,0
AP05864,B,61562.0,8.9,547.0,0.127,100400.0,1
AP05865,A,57664.0,0.1,730.0,0.115,52600.0,1
AP05866,A,71825.0,0.9,656.0,0.067,88100.0,0
AP05867,B,44333.0,5.4,759.0,0.255,9100.0,1
AP05868,A,72857.0,2.9,615.0,0.149,88900.0,1
AP05869,A,56680.0,6.5,545.0,0.049,60900.0,0
AP05870,A,105067.0,6.2,741.0,0.151,21400.0,1
AP05871,A,54827.0,3.5,740.0,0.038,80500.0,0
AP05872,A,70538.0,8.5,638.0,0.234,36900.0,0
AP05873,B,26358.0,0.6,575.0,0.367,18200.0,0
AP05874,A,55228.0,15.2,757.0,0.091,15600.0,1
AP05875,B,46424.0,1.6,673.0,0.278,38900.0,0
AP05876,A,59750.0,11.2,650.0,0.105,104400.0,0
AP05877,A,53838.0,10.2,646.0,0.197,63300.0,0
AP05878,A,61279.0,1.1,729.0,0.342,58200.0,0
AP05879,A,47738.0,0.2,783.0,0.458,84400.0,0
AP05880,A,82789.0,0.4,841.0,0.296,92400.0,0
AP05881,A,72503.0,0.5,698.0,0.34,113700.0,0
AP05882,A,78927.0,25.6,720.0,0.392,136900.0,1
AP05883,A,36936.0,7.4,631.0,0.137,29300.0,0
AP05884,A,66125.0,21.6,676.0,0.094,21300.0,1
AP05885,B,50010.0,37.5,558.0,0.258,76300.0,0
AP05886,B,49201.0,2.4,572.0,0.167,17600.0,0
AP05887,A,84182.0,6.8,773.0,0.054,22800.0,1
AP05888,A,65876.0,15.7,714.0,0.315,25400.0,1
AP05889,A,58090.0,8.5,642.0,0.077,87400.0,1
AP05890,A,81411.0,3.7,767.0,0.157,22900.0,1
AP05891,A,79445.0,17.7,679.0,0.314,116900.0,0
AP05892,A,94520.0,10.0,654.0,0.258,129500.0,1
AP05893,B,69201.0,0.3,642.0,0.297,62700.0,0
AP05894,B,39614.0,0.2,721.0,0.153,36100.0,0
AP05895,A,53757.0,11.6,800.0,0.266,84900.0,0
AP05896,A,45513.0,18.2,657.0,0.102,81900.0,0
AP05897,A,63327.0,0.1,830.0,0.239,51500.0,1
AP05898,A,40329.0,6.2,735.0,0.084,38500.0,0
AP05899,B,37228.0,0.2,670.0,0.261,51600.0,0
AP05900,A,45011.0,1.2,692.0,0.279,63800.0,0
AP05901,A,56552.0,2.2,602.0,0.463,49500.0,0
AP05902,A,94850.0,0.5,760.0,0.189,47600.0,0
AP05903,A,48270.0,4.9,615.0,0.178,67000.0,0
AP05904,A,40220.0,1.8,769.0,0.257,15600.0,1
AP05905,A,25661.0,2.3,754.0,0.063,28600.0,0
AP05906,B,63958.0,0.3,631.0,0.354,59800.0,0
AP05907,A,56934.0,4.2,632.0,0.282,24200.0,0
AP05908,A,63924.0,6.5,640.0,0.128,48300.0,0
AP05909,A,35228.0,9.7,734.0,0.374,31200.0,0
AP05910,B,31251.0,2.3,616.0,0.175,46300.0,0
AP05911,B,50695.0,5.8,726.0,0.093,63700.0,1
AP05912,A,64282.0,1.3,591.0,0.083,86200.0,0
AP05913,A,33009.0,3.1,762.0,0.074,11700.0,1
AP05914,A,12000.0,13.4,720.0,0.281,7300.0,1
AP05915,A,82141.0,3.5,626.0,0.507,34400.0,0
AP05916,A,70351.0,0.4,662.0,0.213,75200.0,0
AP05917,A,67581.0,6.1,666.0,0.306,103100.0,0
AP05918,A,67567.0,0.0,850.0,0.332,60400.0,0
AP05919,A,42623.0,1.4,606.0,0.319,18900.0,0
AP05920,A,80584.0,13.6,623.0,0.192,98600.0,0
AP05921,B,37769.0,0.6,730.0,0.136,27700.0,1
AP05922,A,95669.0,22.5,718.0,0.141,157800.0,1
AP05923,A,65328.0,17.2,655.0,0.258,106500.0,1
AP05924,A,28064.0,11.4,748.0,0.501,15700.0,1
AP05925,A,76904.0,4.2,692.0,0.304,58000.0,1
AP05926,A,96782.0,0.9,647.0,0.026,59300.0,0
AP05927,A,56685.0,7.9,646.0,0.402,15600.0,0
AP05928,B,41284.0,5.9,697.0,0.148,34900.0,0
AP05929,A,57454.0,4.7,683.0,0.083,25300.0,1
AP05930,A,49971.0,1.5,717.0,0.36,40700.0,0
AP05931,A,14801.0,24.4,777.0,0.065,6200.0,1
AP05932,A,83530.0,2.7,674.0,0.267,119200.0,0
AP05933,B,63301.0,14.7,644.0,0.306,110500.0,0
AP05934,B,41679.0,1.8,718.0,0.202,46000.0,0
AP05935,A,40873.0,3.2,653.0,0.07,32800.0,0
AP05936,A,44925.0,16.0,538.0,0.401,75800.0,0
AP05937,A,81401.0,7.6,695.0,0.217,60900.0,0
AP05938,A,54332.0,1.7,709.0,0.105,19100.0,0
AP05939,A,54067.0,8.2,780.0,0.223,14100.0,1
AP05940,A,38598.0,2.2,544.0,0.138,69000.0,0
AP05941,A,65075.0,0.4,734.0,0.189,68700.0,0
AP05942,B,46446.0,9.0,547.0,0.248,75200.0,0
AP05943,A,53008.0,1.4,717.0,0.253,46900.0,0
AP05944,A,57927.0,2.4,773.0,0.246,99300.0,0
AP05945,A,39322.0,17.0,715.0,0.378,64400.0,1
AP05946,A,86572.0,20.4,734.0,0.372,107300.0,0
AP05947,A,50172.0,0.3,713.0,0.203,31500.0,0
AP05948,A,58515.0,2.0,610.0,0.158,47800.0,1
AP05949,A,91669.0,1.6,712.0,0.159,43600.0,0
AP05950,A,57242.0,9.6,664.0,0.11,70400.0,0
AP05951,A,33354.0,2.9,716.0,0.047,43200.0,0
AP05952,A,44635.0,22.5,567.0,0.125,49600.0,0
AP05953,A,54869.0,1.2,742.0,0.135,80200.0,0
AP05954,B,24014.0,1.0,665.0,0.323,27800.0,0
AP05955,B,62367.0,5.0,602.0,0.137,105800.0,1
AP05956,A,57301.0,5.7,665.0,0.27,27500.0,0
AP05957,A,76326.0,18.5,760.0,0.07,65500.0,1
AP05958,A,84915.0,11.9,715.0,0.147,18200.0,1
AP05959,B,60475.0,4.4,583.0,0.087,47300.0,0
AP05960,A,87278.0,5.2,723.0,0.194,31400.0,0
AP05961,A,76905.0,0.1,658.0,0.327,102500.0,0
AP05962,A,69515.0,38.9,714.0,0.266,98600.0,1
AP05963,B,45871.0,2.5,654.0,0.213,82300.0,1
AP05964,A,64962.0,7.7,659.0,0.235,32400.0,0
AP05965,A,86623.0,15.0,725.0,0.274,133700.0,0
AP05966,A,56480.0,1.4,702.0,0.413,20500.0,1
AP05967,B,37261.0,10.0,718.0,0.095,29900.0,0
AP05968,A,62777.0,10.3,692.0,0.26,91900.0,0
AP05969,A,43059.0,5.4,685.0,0.058,22000.0,0
AP05970,A,72192.0,13.9,642.0,0.023,87500.0,1
AP05971,A,66788.0,5.3,651.0,0.182,105900.0,1
AP05972,A,76551.0,7.4,721.0,0.266,82200.0,0
AP05973,B,53965.0,0.7,729.0,0.036,40400.0,1
AP05974,A,85072.0,11.4,576.0,0.266,40600.0,0
AP05975,B,50538.0,2.1,724.0,0.26,68400.0,0
AP05976,A,63883.0,0.3,712.0,0.276,41900.0,1
AP05977,A,38911.0,4.6,728.0,0.181,47600.0,1
AP05978,B,26273.0,2.2,772.0,0.238,43200.0,0
AP05979,A,65198.0,1.9,625.0,0.203,115200.0,0
AP05980,A,49615.0,1.6,677.0,0.199,86800.0,0
AP05981,A,53368.0,2.0,729.0,0.24,38900.0,1
AP05982,A,57781.0,0.1,726.0,0.194,94300.0,1
AP05983,B,31906.0,1.2,626.0,0.353,13800.0,0
AP05984,A,75438.0,2.1,719.0,0.365,54200.0,0
AP05985,A,75477.0,4.2,669.0,0.153,113100.0,0
AP05986,A,80124.0,3.1,670.0,0.377,68900.0,0
AP05987,A,65272.0,0.6,751.0,0.265,95300.0,1
AP05988,B,32142.0,3.4,638.0,0.135,6800.0,0
AP05989,A,32764.0,1.6,739.0,0.129,53100.0,0
AP05990,B,41264.0,0.4,630.0,0.202,27300.0,1
AP05991,A,47108.0,7.4,663.0,0.317,49900.0,0
AP05992,A,28582.0,4.7,650.0,0.327,40500.0,0
AP05993,A,91517.0,10.7,705.0,0.192,115600.0,0
AP05994,A,28149.0,3.4,688.0,0.266,50500.0,0
AP05995,A,68048.0,4.2,796.0,0.359,120300.0,0
AP05996,A,71682.0,3.0,719.0,0.377,39200.0,0
AP05997,A,57324.0,2.7,701.0,0.072,88300.0,0
AP05998,A,108633.0,3.8,618.0,0.294,139800.0,0
AP05999,A,61967.0,3.2,666.0,0.378,89700.0,0
AP06000,A,47650.0,3.9,734.0,0.126,39000.0,0
